0,1d2a,20180312,1602
1,3719,東証JQS,(株)ジェクシード,201,28.03,44,25146400
2,3316,東証JQS,東京日産コンピュータシステム(株),4430,18.77,700,23500
3,7869,東証JQS,日本フォームサービス(株),510,18.60,80,32000
4,4462,東証2部,石原ケミカル(株),2402,18.33,372,230200
5,4779,東証1部,ソフトブレーン(株),531,17.74,80,2697300
6,7477,東証JQS,ムラキ(株),1397,17.30,206,151500
7,3248,東証2部,(株)アールエイジ,1020,17.24,150,21800
8,3784,東証1部,(株)ヴィンクス,1028,17.08,150,464400
9,3183,東証1部,ウイン・パートナーズ(株),1834,16.44,259,275100
10,2471,東証JQS,(株)エスプール,1131,15.29,150,365600
11,6467,東証JQS,(株)ニチダイ,3465,13.79,420,2985500
12,2176,東証JQS,(株)イナリサーチ,913,13.42,108,600300
13,9930,東証1部,北沢産業(株),401,12.96,46,3297100
14,3843,東証1部,フリービット(株),1110,12.12,120,906800
15,6835,東証2部,アライドテレシスホールディングス(株),271,11.98,29,37779300
16,2124,東証1部,ＪＡＣ　Ｒｅｃｒｕｉｔｍｅｎｔ,2439,11.83,258,897600
17,8927,東証JQS,(株)明豊エンタープライズ,934,11.19,94,13277000
18,9678,東証1部,(株)カナモト,3705,10.93,365,1354900
19,1436,マザーズ,(株)フィット,1199,10.81,117,46500
20,3193,東証1部,(株)鳥貴族,3160,10.18,292,655800
21,9318,東証2部,アジア開発キャピタル(株),11,10.00,1,22218500
22,2309,東証1部,シミックホールディングス(株),2916,9.42,251,146800
23,8893,東証JQS,(株)新日本建物,430,9.41,37,2728400
24,7636,東証JQS,(株)ハンズマン,1424,9.04,118,32500
25,6239,東証JQS,(株)ナガオカ,1420,8.98,117,122900
26,1687,東証ETF,ETFS 農産物上場投資信託,515,8.88,42,190
27,3931,マザーズ,(株)バリューゴルフ,3450,8.83,280,14700
28,7836,東証JQS,アビックス(株),222,8.82,18,5271200
29,4571,マザーズ,ナノキャリア(株),836,8.71,67,6455900
30,2453,東証1部,ジャパンベストレスキューシステム(株),893,8.64,71,775600
31,9698,東証JQS,(株)クレオ,806,8.63,64,320700
32,6819,東証JQS,伊豆シャボテンリゾート(株),183,8.28,14,2055100
33,7776,東証JQG,(株)セルシード,1507,8.03,112,3770500
34,3070,東証JQG,(株)アマガサ,568,7.98,42,219400
35,6158,東証JQS,(株)和井田製作所,1333,7.94,98,69700
36,3540,東証JQS,(株)歯愛メディカル,10680,7.88,780,189000
37,6337,東証JQS,(株)テセック,2044,7.75,147,84400
38,5021,東証1部,コスモエネルギーホールディングス(株),3830,7.74,275,596200
39,6099,東証1部,(株)エラン,1816,7.71,130,294800
40,8152,東証2部,ソマール(株),3875,7.64,275,13700
41,5344,東証1部,(株)ＭＡＲＵＷＡ,9500,7.59,670,225900
42,4523,東証1部,エーザイ(株),6786,7.58,478,3292600
43,8783,東証JQS,ＧＦＡ(株),733,7.48,51,721000
44,3238,東証2部,セントラル総合開発(株),417,7.47,29,180900
45,6387,東証1部,サムコ(株),1339,7.46,93,548100
46,3647,東証2部,(株)ジー・スリーホールディングス,145,7.41,10,4680400
47,3246,東証1部,(株)コーセーアールイー,1096,7.35,75,169400
48,9262,マザーズ,(株)シルバーライフ,5560,7.34,380,16700
49,7527,東証1部,(株)システムソフト,148,7.25,10,3414100
50,2436,東証JQS,共同ピーアール(株),2700,7.23,182,33200
51,9519,東証1部,(株)レノバ,1776,7.12,118,123300
52,3416,マザーズ,ピクスタ(株),1929,7.05,127,38700
53,2195,東証JQG,アミタホールディングス(株),4350,6.88,280,13400
54,6292,東証1部,(株)カワタ,2210,6.76,140,295400
55,6101,東証1部,(株)ツガミ,1417,6.70,89,1441000
56,2588,東証2部,(株)プレミアムウォーターホールディングス,959,6.67,60,20000
57,6888,東証JQS,アクモス(株),353,6.65,22,415500
58,6184,東証1部,(株)鎌倉新書,2916,6.62,181,637300
59,6444,東証1部,サンデンホールディングス(株),1648,6.53,101,323600
60,5906,東証JQS,エムケー精工(株),474,6.52,29,44400
61,7435,東証JQS,(株)ナ・デックス,1380,6.48,84,130700
62,3464,東証2部,プロパティエージェント(株),1307,6.43,79,76500
63,2191,東証JQS,テラ(株),665,6.40,40,3739100
64,7748,東証JQS,(株)ホロン,716,6.39,43,25500
65,9672,東証1部,東京都競馬(株),3675,6.37,220,263000
66,3199,東証1部,綿半ホールディングス(株),3885,6.29,230,59700
67,6848,東証1部,東亜ディーケーケー(株),1379,6.24,81,56400
68,4334,東証JQS,(株)ユークス,609,6.10,35,72600
69,2315,東証JQS,(株)カイカ,70,6.06,4,5501600
70,3891,東証JQS,ニッポン高度紙工業(株),3020,6.00,171,131100
71,4344,東証1部,ソースネクスト(株),742,6.00,42,4211000
72,4100,東証1部,戸田工業(株),4165,5.98,235,192000
73,6104,東証1部,東芝機械(株),805,5.92,45,1742000
74,6586,東証1部,(株)マキタ,5370,5.92,300,934700
75,3001,東証1部,片倉工業(株),1453,5.90,81,80900
76,7244,東証1部,市光工業(株),1149,5.90,64,345700
77,7749,東証JQS,メディキット(株),6290,5.89,350,5700
78,6707,東証1部,サンケン電気(株),847,5.88,47,2316000
79,6508,東証1部,(株)明電舎,398,5.85,22,1872000
80,2676,東証1部,高千穂交易(株),1250,5.84,69,75000
81,3976,マザーズ,(株)シャノン,2174,5.79,119,10100
82,3965,東証JQS,(株)キャピタル・アセット・プランニング,3960,5.74,215,28600
83,6371,東証1部,(株)椿本チエイン,923,5.73,50,1443000
84,5273,東証1部,三谷セキサン(株),2375,5.70,128,70000
85,6264,東証2部,(株)マルマエ,1779,5.70,96,329800
86,7826,東証JQS,(株)フルヤ金属,5750,5.70,310,37300
87,2180,東証JQG,(株)サニーサイドアップ,1029,5.65,55,47900
88,9325,マザーズ,(株)ファイズ,2845,5.64,152,44600
89,6291,東証1部,日本エアーテック(株),881,5.51,46,51300
90,6445,東証1部,蛇の目ミシン工業(株),748,5.50,39,73300
91,2038,東証ETF,NEXT NOTES 日経・TOCOM 原油 ダブル・ブル ETN,1250,5.49,65,601728
92,3648,東証1部,ＡＧＳ(株),885,5.48,46,52800
93,6192,マザーズ,ハイアス・アンド・カンパニー(株),561,5.45,29,246300
94,7594,東証1部,マルカキカイ(株),2037,5.43,105,31400
95,4976,東証JQS,東洋ドライルーブ(株),5840,5.42,300,10600
96,2743,東証JQS,ピクセルカンパニーズ(株),332,5.40,17,1076100
97,9514,東証1部,(株)エフオン,1269,5.40,65,186000
98,6972,東証2部,エルナー(株),137,5.38,7,2924000
99,9324,東証1部,安田倉庫(株),1040,5.37,53,84000
100,7280,東証1部,(株)ミツバ,1435,5.36,73,170100
101,3557,マザーズ,ユナイテッド＆コレクティブ(株),2459,5.31,124,20000
102,3839,東証JQS,(株)ＯＤＫソリューションズ,493,5.12,24,36300
103,3475,東証2部,(株)グッドコムアセット,1646,5.11,80,83300
104,3654,東証1部,(株)ヒト・コミュニケーションズ,1912,5.11,93,167900
105,7813,マザーズ,(株)プラッツ,6420,5.07,310,23000
106,6088,東証1部,(株)シグマクシス,1891,5.06,91,425500
107,7448,東証1部,(株)ジーンズメイト,851,5.06,41,164600
108,9449,東証1部,ＧＭＯインターネット(株),2077,5.06,100,1718300
109,2163,東証2部,(株)アルトナー,2191,5.03,105,23700
110,6254,東証JQS,野村マイクロ・サイエンス(株),1092,5.00,52,102600
111,4113,東証2部,田岡化学工業(株),3365,4.99,160,10900
112,6351,東証1部,(株)鶴見製作所,2061,4.99,98,12200
113,6326,東証1部,(株)クボタ,1906,4.98,90.5,7400300
114,3182,マザーズ,オイシックスドット大地(株),3930,4.94,185,56600
115,6064,マザーズ,(株)アクトコール,1084,4.94,51,45400
116,6619,東証1部,ダブル・スコープ(株),1465,4.94,69,713500
117,6005,東証1部,三浦工業(株),3030,4.88,141,446300
118,3908,マザーズ,(株)コラボス,1195,4.82,55,58200
119,1567,東証ETF,MAXISトピックスリスクコントロール(5%),1310,4.80,60,20
120,6411,東証JQS,中野冷機(株),4915,4.80,225,7600
121,9267,東証1部,Ｇｅｎｋｙ　ＤｒｕｇＳｔｏｒｅｓ(株),3720,4.79,170,61800
122,8698,東証1部,マネックスグループ(株),373,4.78,17,3582600
123,7283,東証1部,愛三工業(株),1186,4.77,54,114800
124,3359,マザーズ,(株)タイセイ,1790,4.74,81,82300
125,4669,東証JQS,(株)ニッパンレンタル,2430,4.74,110,2600
126,8995,東証2部,(株)誠建設工業,839,4.74,38,4700
127,6895,東証2部,ダイヤモンド電機(株),5530,4.73,250,9100
128,3223,東証JQS,(株)エスエルディー,2131,4.72,96,41600
129,4331,東証1部,(株)テイクアンドギヴ・ニーズ,1067,4.71,48,103400
130,4748,東証JQS,(株)構造計画研究所,2469,4.71,111,54900
131,6537,マザーズ,ＷＡＳＨハウス(株),2515,4.70,113,35200
132,4784,東証JQS,ＧＭＯアドパートナーズ(株),491,4.69,22,74900
133,7022,東証1部,サノヤスホールディングス(株),268,4.69,12,220100
134,1954,東証1部,日本工営(株),3030,4.66,135,71800
135,8869,東証1部,明和地所(株),833,4.65,37,111700
136,3814,東証JQG,(株)アルファクス・フード・システム,1507,4.58,66,28600
137,6181,マザーズ,(株)パートナーエージェント,411,4.58,18,70300
138,1572,東証ETF,中国H株ブル2倍上場投信,15600,4.56,680,3330
139,2538,東証2部,ジャパン・フード＆リカー・アライアンス(株),46,4.55,2,8120000
140,2040,東証ETF,NEXT NOTES NYダウ･ダブル･ブル･ドルヘッジ ETN,23190,4.51,1000,5608
141,6532,マザーズ,(株)ベイカレント・コンサルティング,3245,4.51,140,232900
142,7425,東証JQS,初穂商事(株),5040,4.46,215,200
143,6636,東証JQS,(株)ソルガム・ジャパン・ホールディングス,141,4.44,6,724800
144,6803,東証1部,ティアック(株),47,4.44,2,48330000
145,7705,東証2部,ジーエルサイエンス(株),1768,4.43,75,10400
146,6361,東証1部,荏原,3920,4.39,165,607900
147,8894,東証2部,(株)原弘産,24,4.35,1,310500
148,2733,東証1部,(株)あらた,5560,4.32,230,145500
149,3769,東証1部,ＧＭＯペイメントゲートウェイ(株),10450,4.29,430,198100
150,7475,東証1部,アルビス(株),3285,4.29,135,143000
151,8600,東証1部,トモニホールディングス(株),486,4.29,20,376100
152,5008,東証2部,東亜石油(株),171,4.27,7,2877000
153,9827,東証JQS,リリカラ(株),171,4.27,7,170000
154,1662,東証1部,石油資源開発(株),2512,4.23,102,197800
155,7716,東証JQS,(株)ナカニシ,6410,4.23,260,77300
156,4246,東証1部,ダイキョーニシカワ(株),1732,4.21,70,196100
157,6268,東証1部,ナブテスコ(株),4455,4.21,180,528300
158,6469,東証JQS,(株)放電精密加工研究所,1682,4.21,68,192900
159,3121,東証2部,マーチャント・バンカーズ(株),447,4.20,18,682500
160,5217,東証JQS,テクノクオーツ(株),12190,4.19,490,1600
161,9074,東証1部,日本石油輸送(株),3230,4.19,130,9300
162,6794,東証1部,フォスター電機(株),2889,4.18,116,210100
163,3810,東証2部,サイバーステップ(株),3750,4.17,150,288400
164,6201,東証1部,(株)豊田自動織機,6500,4.17,260,452600
165,8354,東証1部,(株)ふくおかフィナンシャルグループ,551,4.16,22,3519000
166,3069,東証JQS,(株)アスラポート・ダイニング,656,4.13,26,269100
167,6188,東証JQS,富士ソフトサービスビューロ(株),782,4.13,31,38200
168,5809,東証1部,タツタ電線(株),708,4.12,28,610600
169,5930,東証1部,文化シヤッター(株),1036,4.12,41,136500
170,6222,東証1部,(株)島精機製作所,6820,4.12,270,215900
171,2154,東証1部,(株)トラスト・テック,3170,4.11,125,166200
172,3302,東証1部,帝国繊維(株),1925,4.11,76,58500
173,5949,東証1部,ユニプレス(株),2507,4.11,99,237700
174,6954,東証1部,ファナック(株),27255,4.09,1070,1320200
175,7408,東証1部,(株)ジャムコ,2290,4.09,90,65600
176,9707,東証JQS,(株)ユニマット　リタイアメント・コミュニティ,1807,4.09,71,22200
177,3417,東証JQS,大木ヘルスケアホールディングス(株),1660,4.08,65,14300
178,3804,東証JQS,(株)システム　ディ,1633,4.08,64,99900
179,3850,マザーズ,(株)ＮＴＴデータイントラマート,2298,4.08,90,9100
180,4557,東証JQS,(株)医学生物学研究所,2150,4.07,84,7500
181,1984,東証JQS,三信建設工業(株),514,4.05,20,27000
182,8337,東証1部,(株)千葉興業銀行,490,4.03,19,276500
183,2359,東証1部,(株)コア,1319,4.02,51,21500
184,5017,東証1部,富士石油(株),414,4.02,16,925300
185,5393,東証1部,ニチアス(株),1423,4.02,55,497000
186,6966,東証1部,(株)三井ハイテック,2017,4.02,78,222100
187,3537,東証JQS,昭栄薬品(株),3390,3.99,130,2000
188,6640,東証1部,第一精工(株),2630,3.99,101,75800
189,6669,東証JQS,シーシーエス(株),3790,3.98,145,15200
190,3903,東証1部,(株)ｇｕｍｉ,1025,3.96,39,1254200
191,4743,東証1部,(株)アイティフォー,841,3.96,32,591500
192,7212,東証1部,(株)エフテック,1291,3.95,49,75400
193,6629,東証JQS,テクノホライゾン・ホールディングス(株),847,3.93,32,682100
194,3777,東証JQG,(株)ジオネクスト,53,3.92,2,1892000
195,4971,東証1部,メック(株),1830,3.92,69,246200
196,5480,東証1部,日本冶金工業(株),318,3.92,12,3978000
197,7247,東証1部,(株)ミクニ,715,3.92,27,121600
198,6697,マザーズ,テックポイント,2099,3.91,79,72500
199,1485,東証ETF,MAXIS JAPAN 設備･人材積極投資企業200上場投信,26400,3.90,990,1
200,3932,東証1部,(株)アカツキ,6120,3.90,230,162300
201,3955,東証2部,(株)イムラ封筒,560,3.90,21,217900
202,8061,東証1部,西華産業(株),2694,3.90,101,32500
203,1873,東証1部,(株)日本ハウスホールディングス,562,3.88,21,350400
204,2729,東証1部,(株)ＪＡＬＵＸ,3220,3.87,120,20200
205,6459,東証1部,大和冷機工業(株),1207,3.87,45,69900
206,8524,東証1部,(株)北洋銀行,377,3.86,14,769200
207,4239,東証JQS,(株)ポラテクノ,997,3.85,37,7500
208,5851,東証1部,リョービ(株),2916,3.85,108,59700
209,6141,東証1部,ＤＭＧ森精機(株),2056,3.84,76,1050000
210,6841,東証1部,横河電機(株),2196,3.83,81,1085900
211,6047,東証1部,(株)Ｇｕｎｏｓｙ,2665,3.82,98,467800
212,6616,東証2部,トレックス・セミコンダクター(株),1630,3.82,60,70600
213,8001,東証1部,伊藤忠商事(株),2024,3.82,74.5,5141200
214,5191,東証1部,住友理工(株),1090,3.81,40,64900
215,6814,東証1部,古野電気(株),735,3.81,27,54000
216,7236,東証1部,(株)ティラド,4090,3.81,150,34000
217,8158,東証1部,ソーダニッカ(株),709,3.81,26,22400
218,5726,東証1部,(株)大阪チタニウムテクノロジーズ,2650,3.80,97,265700
219,6315,東証1部,ＴＯＷＡ(株),1584,3.80,58,414400
220,7245,東証1部,大同メタル工業(株),1310,3.80,48,165700
221,9919,東証1部,(株)関西スーパーマーケット,1149,3.79,42,38700
222,3900,マザーズ,(株)クラウドワークス,989,3.78,36,79800
223,6198,マザーズ,(株)キャリア,3570,3.78,130,45400
224,6490,東証1部,日本ピラー工業(株),1619,3.78,59,71500
225,3034,東証1部,クオール(株),2231,3.77,81,233400
226,6914,東証1部,オプテックスグループ(株),5500,3.77,200,85300
227,1679,東証ETF,Simple-X NYダウ･ジョーンズ上場投信,24530,3.76,890,120
228,6274,東証1部,(株)新川,1464,3.76,53,601500
229,6016,東証2部,(株)ジャパンエンジンコーポレーション,1135,3.75,41,6200
230,6103,東証1部,オークマ(株),6640,3.75,240,288700
231,6999,東証1部,ＫＯＡ(株),2269,3.75,82,151200
232,5310,東証1部,東洋炭素(株),3610,3.74,130,124500
233,7241,東証1部,フタバ産業(株),915,3.74,33,325700
234,1570,東証ETF,(NEXT FUNDS)日経平均レバレッジ上場投信,18910,3.73,680,10323674
235,5702,東証1部,(株)大紀アルミニウム工業所,778,3.73,28,256100
236,5713,東証1部,住友金属鉱山(株),4560,3.73,164,2208700
237,1579,東証ETF,日経平均ブル2倍上場投信,19890,3.70,710,617970
238,6879,東証1部,(株)イマジカ・ロボット　ホールディングス,1149,3.70,41,290900
239,3137,マザーズ,(株)ファンデリー,1769,3.69,63,29200
240,6166,マザーズ,(株)中村超硬,5900,3.69,210,115100
241,6305,東証1部,日立建機(株),4360,3.69,155,1194900
242,4819,東証1部,(株)デジタルガレージ,3660,3.68,130,544300
243,7901,東証JQS,(株)マツモト,3525,3.68,125,900
244,8396,東証1部,(株)十八銀行,282,3.68,10,108000
245,2415,東証JQS,ヒューマンホールディングス(株),2122,3.66,75,11700
246,4628,東証JQS,エスケー化研(株),11940,3.65,420,4000
247,6134,東証1部,富士機械製造(株),2132,3.65,75,412400
248,6994,東証2部,(株)指月電機製作所,741,3.64,26,49400
249,2491,東証1部,バリューコマース(株),1341,3.63,47,293600
250,4350,東証1部,(株)メディカルシステムネットワーク,571,3.63,20,171500
251,6039,マザーズ,(株)日本動物高度医療センター,3140,3.63,110,42700
252,8705,東証JQS,岡藤ホールディングス(株),200,3.63,7,194300
253,6481,東証1部,ＴＨＫ(株),4720,3.62,165,945400
254,9824,東証1部,泉州電業(株),3155,3.61,110,25500
255,4043,東証1部,(株)トクヤマ,3330,3.58,115,1074500
256,6143,東証1部,(株)ソディック,1417,3.58,49,560500
257,6461,東証1部,日本ピストンリング(株),2375,3.58,82,36500
258,6269,東証1部,三井海洋開発(株),2676,3.56,92,117400
259,6395,東証1部,(株)タダノ,1608,3.54,55,564000
260,6516,東証1部,山洋電気(株),8500,3.53,290,54800
261,6927,東証1部,ヘリオス　テクノ　ホールディング(株),1000,3.52,34,248700
262,2181,東証1部,パーソルホールディングス(株),2802,3.51,95,1003800
263,3168,東証2部,黒谷(株),856,3.51,29,80100
264,5357,東証1部,(株)ヨータイ,855,3.51,29,1169800
265,8053,東証1部,住友商事(株),1830,3.51,62,3690500
266,8393,東証1部,(株)宮崎銀行,3390,3.51,115,17500
267,1871,東証1部,(株)ピーエス三菱,769,3.50,26,290200
268,4061,東証1部,デンカ(株),3990,3.50,135,544300
269,9110,東証1部,ＮＳユナイテッド海運(株),2218,3.50,75,44300
270,3277,東証1部,(株)サンセイランディック,1306,3.49,44,78800
271,5284,東証JQS,(株)ヤマウ,563,3.49,19,9700
272,5706,東証1部,三井金属,4760,3.48,160,1189600
273,6473,東証1部,(株)ジェイテクト,1637,3.48,55,1419000
274,7266,東証1部,(株)今仙電機製作所,1277,3.48,43,79900
275,7745,東証1部,(株)エー・アンド・デイ,684,3.48,23,120100
276,1458,東証ETF,楽天 ETF-日経レバレッジ指数連動型,10740,3.47,360,237594
277,6440,東証1部,ＪＵＫＩ(株),1549,3.47,52,298600
278,6652,東証1部,ＩＤＥＣ(株),2773,3.47,93,187700
279,2497,マザーズ,ユナイテッド(株),3735,3.46,125,570500
280,3782,マザーズ,(株)ディー・ディー・エス,628,3.46,21,564300
281,4461,東証1部,第一工業製薬(株),808,3.46,27,360000
282,6247,東証1部,(株)日阪製作所,1047,3.46,35,35100
283,3192,東証JQS,(株)白鳩,1078,3.45,36,102200
284,6376,東証1部,日機装(株),1140,3.45,38,181200
285,1365,東証ETF,ダイワ 上場投信-日経平均レバレッジ,14450,3.44,480,103026
286,5970,東証1部,(株)ジーテクト,2234,3.43,74,36700
287,5105,東証1部,東洋ゴム工業(株),1873,3.42,62,1089100
288,5632,東証1部,三菱製鋼(株),2455,3.41,81,27900
289,8584,東証1部,(株)ジャックス,2345,3.40,77,137700
290,2788,東証2部,アップルインターナショナル(株),366,3.39,12,295200
291,3604,東証2部,川本産業(株),397,3.39,13,26300
292,6556,マザーズ,ウェルビー(株),3810,3.39,125,72500
293,7294,東証1部,(株)ヨロズ,1861,3.39,61,76300
294,4028,東証1部,石原産業(株),1499,3.38,49,221400
295,6136,東証1部,ＯＳＧ,2481,3.38,81,244700
296,7189,東証1部,(株)西日本フィナンシャルホールディングス,1316,3.38,43,279300
297,7927,東証JQS,ムトー精工(株),1284,3.38,42,126500
298,5989,東証1部,(株)エイチワン,1472,3.37,48,56700
299,6140,東証1部,旭ダイヤモンド工業(株),1226,3.37,40,330100
300,6486,東証1部,イーグル工業(株),1933,3.37,63,73000
301,6560,マザーズ,(株)エル・ティー・エス,2545,3.37,83,355900
302,9613,東証1部,(株)ＮＴＴデータ,1135,3.37,37,3792400
303,5952,東証2部,アマテイ(株),154,3.36,5,587500
304,6294,東証1部,オカダアイヨン(株),1414,3.36,46,316200
305,6908,東証1部,イリソ電子工業(株),6760,3.36,220,217200
306,7872,東証1部,Ａｓ−ｍｅエステール(株),1014,3.36,33,18400
307,3407,東証1部,旭化成(株),1402.5,3.35,45.5,4250700
308,2445,東証1部,エスアールジータカミヤ(株),650,3.34,21,36500
309,5192,東証1部,三ツ星ベルト(株),1177,3.34,38,55000
310,1606,東証1部,日本海洋掘削(株),2142,3.33,69,154600
311,8591,東証1部,オリックス(株),1880,3.33,60.5,4861900
312,1464,東証ETF,ダイワ上場投信-JPX日経400レバレッジ,11190,3.32,360,1039
313,3457,東証1部,(株)ハウスドゥ,3115,3.32,100,69100
314,6762,東証1部,ＴＤＫ(株),9970,3.32,320,1030900
315,8052,東証1部,椿本興業(株),3420,3.32,110,21800
316,2726,東証1部,(株)パルグループホールディングス,3030,3.31,97,35400
317,3928,東証1部,(株)マイネット,1414,3.29,45,150300
318,6957,東証JQS,(株)芝浦電子,5960,3.29,190,38400
319,9929,東証2部,平和紙業(株),628,3.29,20,23700
320,2768,東証1部,双日(株),346,3.28,11,11976000
321,7936,東証1部,(株)アシックス,1919,3.28,61,1822900
322,2053,東証1部,中部飼料(株),2082,3.27,66,61700
323,5727,東証1部,東邦チタニウム(株),1357,3.27,43,496600
324,6995,東証1部,(株)東海理化,2212,3.27,70,241900
325,7287,東証2部,日本精機(株),1993,3.26,63,68400
326,9101,東証1部,日本郵船(株),2248,3.26,71,1277300
327,2792,東証1部,(株)ハニーズホールディングス,1053,3.24,33,88300
328,4203,東証1部,住友ベークライト(株),925,3.24,29,1071000
329,5976,東証1部,ネツレン,1082,3.24,34,82400
330,6406,東証1部,フジテック(株),1435,3.24,45,100400
331,6869,東証1部,シスメックス(株),8920,3.24,280,683000
332,7238,東証1部,曙ブレーキ工業(株),287,3.24,9,1230700
333,2722,東証2部,(株)アイケイ,4470,3.23,140,71100
334,4568,東証1部,第一三共(株),3839,3.23,120,1415900
335,7638,東証JQS,(株)ＮＥＷ　ＡＲＴ,32,3.23,1,7123800
336,1358,東証ETF,上場インデックス日経レバレッジ指数,17940,3.22,560,15825
337,3441,東証JQS,(株)山王,1123,3.22,35,44500
338,3997,東証JQS,(株)トレードワークス,8980,3.22,280,6200
339,4592,マザーズ,サンバイオ(株),4010,3.22,125,410500
340,9467,マザーズ,(株)アルファポリス,2625,3.22,82,18800
341,5019,東証1部,出光興産(株),4185,3.21,130,669900
342,7148,東証1部,(株)ＦＰＧ,1382,3.21,43,539900
343,7267,東証1部,ホンダ,3739,3.20,116,4093000
344,1724,東証JQS,シンクレイヤ(株),745,3.19,23,31900
345,4183,東証1部,三井化学(株),3400,3.19,105,1051100
346,6728,東証1部,(株)アルバック,6460,3.19,200,429000
347,3611,東証1部,(株)マツオカコーポレーション,3565,3.18,110,36600
348,8079,東証1部,正栄食品工業(株),3890,3.18,120,62100
349,6775,東証2部,(株)ＴＢグループ,65,3.17,2,1947000
350,6923,東証1部,スタンレー電気(株),4065,3.17,125,498600
351,7250,東証1部,太平洋工業(株),1398,3.17,43,112200
352,8617,東証1部,光世証券(株),1400,3.17,43,31200
353,8713,東証1部,フィデアホールディングス(株),195,3.17,6,424000
354,5408,東証1部,(株)中山製鋼所,719,3.16,22,79900
355,6246,東証2部,(株)テクノスマート,1340,3.16,41,195300
356,7202,東証1部,いすゞ自動車(株),1667,3.16,51,1759000
357,7276,東証1部,(株)小糸製作所,7520,3.16,230,289400
358,9428,東証1部,(株)クロップス,913,3.16,28,16500
359,1598,東証ETF,(NEXT FUNDS)R/Nファンダメンタル上場投信,19000,3.15,580,1
360,1568,東証ETF,TOPIXブル2倍上場投信,18720,3.14,570,84480
361,6205,東証1部,ＯＫＫ(株),1150,3.14,35,60600
362,8035,東証1部,東京エレクトロン(株),22205,3.14,675,1776700
363,8367,東証1部,(株)南都銀行,2989,3.14,91,82200
364,3021,東証2部,(株)パシフィックネット,1087,3.13,33,2141500
365,4208,東証1部,宇部興産(株),3130,3.13,95,596000
366,5711,東証1部,三菱マテリアル(株),3290,3.13,100,947600
367,5933,東証1部,アルインコ(株),1152,3.13,35,90800
368,6336,東証2部,(株)石井表記,1416,3.13,43,58500
369,8267,東証1部,イオン(株),1826,3.13,55.5,3219400
370,1470,東証ETF,(NEXT FUNDS)JPX日経400レバレッジ,22480,3.12,680,2841
371,4595,東証JQS,(株)ミズホメディー,5620,3.12,170,34400
372,6555,マザーズ,(株)ＭＳ＆Ｃｏｎｓｕｌｔｉｎｇ,1124,3.12,34,41200
373,6863,東証JQS,(株)ニレコ,1124,3.12,34,17600
374,5288,東証1部,アジアパイルホールディングス(株),663,3.11,20,36000
375,6432,東証1部,(株)竹内製作所,2390,3.11,72,393300
376,6626,東証JQS,ＳＥＭＩＴＥＣ(株),6630,3.11,200,16600
377,7868,東証1部,(株)廣済堂,531,3.11,16,145400
378,2760,東証1部,東京エレクトロン　デバイス(株),2063,3.10,62,46800
379,6471,東証1部,日本精工(株),1562,3.10,47,3021500
380,8714,東証1部,(株)池田泉州ホールディングス,433,3.10,13,1056600
381,5974,東証1部,中国工業(株),800,3.09,24,286400
382,7012,東証1部,川崎重工業(株),3505,3.09,105,1228600
383,7831,東証2部,(株)ウイルコホールディングス,200,3.09,6,68600
384,6584,東証1部,三桜工業(株),769,3.08,23,57300
385,7222,東証1部,日産車体(株),1070,3.08,32,87800
386,5002,東証1部,昭和シェル石油(株),1445,3.07,43,979800
387,5541,東証1部,大平洋金属(株),2989,3.07,89,213500
388,6081,マザーズ,アライドアーキテクツ(株),1109,3.07,33,81600
389,6592,東証1部,マブチモーター(株),5380,3.07,160,419000
390,8020,東証1部,兼松(株),1443,3.07,43,369900
391,2667,東証JQS,(株)イメージ　ワン,708,3.06,21,423000
392,6171,東証1部,(株)土木管理総合試験所,606,3.06,18,54700
393,8614,東証1部,東洋証券(株),303,3.06,9,452000
394,5195,東証1部,バンドー化学(株),1218,3.05,36,22200
395,5202,東証1部,日本板硝子(株),850,3.03,25,925600
396,7282,東証1部,豊田合成(株),2459,3.02,72,308100
397,7988,東証1部,(株)ニフコ,7840,3.02,230,198000
398,8133,東証1部,伊藤忠エネクス(株),1024,3.02,30,131400
399,1642,東証ETF,ダイワ 上場投信･TOPIX-17電機･精密,20180,3.01,590,1
400,1847,東証1部,(株)イチケン,2598,3.01,76,57700
401,7004,東証1部,日立造船(株),547,3.01,16,1455100
402,5956,東証2部,トーソー(株),687,3.00,20,15400
403,8789,マザーズ,フィンテック　グローバル(株),103,3.00,3,3490300
404,6507,東証1部,シンフォニアテクノロジー(株),379,2.99,11,1635000
405,6474,東証1部,(株)不二越,656,2.98,19,876000
406,4690,東証JQS,日本パレットプール(株),243,2.97,7,16000
407,6096,マザーズ,(株)レアジョブ,1874,2.97,54,5900
408,6339,東証1部,新東工業(株),1212,2.97,35,116800
409,1822,東証1部,大豊建設(株),626,2.96,18,737000
410,2513,東証ETF,(NEXT FUNDS)外国株式･MSCI-KOKUSAI(H無),1009,2.96,29,310
411,3189,東証JQS,(株)ＡＮＡＰ,1043,2.96,30,69600
412,3683,東証1部,(株)サイバーリンクス,1357,2.96,39,36300
413,4205,東証1部,日本ゼオン(株),1563,2.96,45,690700
414,7864,東証1部,(株)フジシールインターナショナル,3655,2.96,105,98100
415,3826,東証1部,(株)システムインテグレータ,1048,2.95,30,21800
416,4023,東証1部,(株)クレハ,7340,2.95,210,41700
417,6210,東証1部,東洋機械金属(株),908,2.95,26,76600
418,8338,東証1部,(株)筑波銀行,349,2.95,10,145700
419,5101,東証1部,横浜ゴム(株),2556,2.94,73,464000
420,6807,東証1部,日本航空電子工業(株),1613,2.94,46,741000
421,7942,東証1部,(株)ＪＳＰ,3325,2.94,95,67200
422,9913,東証JQS,日邦産業(株),596,2.94,17,401000
423,3374,東証JQS,内外テック(株),3865,2.93,110,14900
424,4004,東証1部,昭和電工(株),4740,2.93,135,1942900
425,6324,東証JQS,(株)ハーモニック・ドライブ・システムズ,5970,2.93,170,312400
426,7220,東証1部,武蔵精密工業(株),3690,2.93,105,82700
427,1671,東証ETF,WTI原油価格連動型上場投信,2539,2.92,72,59464
428,1938,東証2部,日本リーテック(株),1340,2.92,38,3800
429,2926,東証2部,(株)篠崎屋,141,2.92,4,67800
430,4813,マザーズ,(株)ＡＣＣＥＳＳ,1058,2.92,30,276400
431,7259,東証1部,アイシン精機(株),6000,2.92,170,328500
432,8131,東証1部,(株)ミツウロコグループホールディングス,776,2.92,22,29900
433,1367,東証ETF,ダイワ 上場投信-TOPIXレバレッジ(2倍),14520,2.91,410,5019
434,3036,東証1部,アルコニックス(株),2297,2.91,65,180600
435,5201,東証1部,旭硝子(株),4415,2.91,125,717800
436,5932,東証1部,三協立山(株),1557,2.91,44,64900
437,6250,東証1部,(株)やまびこ,1519,2.91,43,82400
438,6355,東証1部,住友精密工業(株),389,2.91,11,63000
439,8515,東証1部,アイフル(株),355,2.90,10,5433700
440,8919,東証1部,(株)カチタス,3190,2.90,90,523700
441,9263,東証JQS,(株)ビジョナリーホールディングス,71,2.90,2,440400
442,4875,東証JQS,メディシノバ,1355,2.89,38,462700
443,5901,東証1部,東洋製罐グループホールディングス(株),1565,2.89,44,708300
444,8078,東証1部,阪和興業(株),4625,2.89,130,222700
445,8609,東証1部,(株)岡三証券グループ,677,2.89,19,484000
446,5334,東証1部,日本特殊陶業(株),2647,2.88,74,1087500
447,8363,東証1部,(株)北國銀行,4285,2.88,120,38900
448,8747,東証JQS,豊商事(株),357,2.88,10,17800
449,6787,東証JQS,(株)メイコー,2152,2.87,60,682300
450,7242,東証1部,ＫＹＢ(株),5380,2.87,150,147700
451,3291,東証1部,飯田グループホールディングス(株),2016,2.86,56,677600
452,3787,東証2部,(株)テクノマセマティカル,1438,2.86,40,2300
453,6472,東証1部,ＮＴＮ(株),467,2.86,13,4886300
454,8881,東証1部,日神不動産(株),790,2.86,22,73700
455,2780,東証2部,(株)コメ兵,1877,2.85,52,51700
456,7196,東証2部,(株)Ｃａｓａ,2127,2.85,59,34800
457,7229,東証JQS,(株)ユタカ技研,2777,2.85,77,500
458,7637,東証1部,白銅(株),2343,2.85,65,11000
459,5401,東証1部,新日鐵住金(株),2409.5,2.84,66.5,3599100
460,9816,東証JQS,(株)ストライダーズ,470,2.84,13,22700
461,3910,東証JQS,(株)エムケイシステム,2470,2.83,68,8300
462,6390,東証1部,(株)加藤製作所,2579,2.83,71,63500
463,6952,東証1部,カシオ計算機(株),1634,2.83,45,2996600
464,8370,東証1部,(株)紀陽銀行,1709,2.83,47,104800
465,9505,東証1部,北陸電力(株),837,2.83,23,1091800
466,9757,東証1部,(株)船井総研ホールディングス,2068,2.83,57,193800
467,6938,東証1部,双信電機(株),657,2.82,18,87800
468,7713,東証JQS,シグマ光機(株),2294,2.82,63,28800
469,5121,東証1部,藤倉ゴム工業(株),804,2.81,22,133900
470,2169,東証1部,ＣＤＳ(株),1324,2.80,36,4800
471,6651,東証1部,日東工業(株),1723,2.80,47,110400
472,8511,東証1部,日本証券金融(株),662,2.80,18,523500
473,1545,東証ETF,(NEXT FUNDS)NASDAQ-100(R)連動型上場投信,7750,2.79,210,7720
474,2327,東証1部,新日鉄住金ソリューションズ(株),2834,2.79,77,263300
475,5758,東証JQS,ＦＣＭ(株),3505,2.79,95,600
476,6333,東証1部,(株)帝国電機製作所,1695,2.79,46,52600
477,7190,東証1部,(株)マーキュリアインベストメント,1144,2.79,31,179600
478,2031,東証ETF,NEXT NOTES 香港ハンセン･ダブル･ブルETN,16660,2.78,450,606
479,7173,東証1部,(株)東京ＴＹフィナンシャルグループ,2624,2.78,71,52800
480,7256,東証1部,河西工業(株),1441,2.78,39,97000
481,7820,東証1部,ニホンフラッシュ(株),2589,2.78,70,86600
482,8002,東証1部,丸紅(株),787.1,2.78,21.3,5862000
483,6273,東証1部,ＳＭＣ(株),45630,2.77,1230,241800
484,6932,東証1部,(株)遠藤照明,1112,2.77,30,30000
485,5214,東証1部,日本電気硝子(株),3165,2.76,85,663800
486,6816,東証1部,アルパイン(株),2010,2.76,54,157700
487,7161,東証1部,(株)じもとホールディングス,186,2.76,5,148400
488,5724,東証JQS,(株)アサカ理研,2506,2.75,67,41100
489,7278,東証1部,(株)エクセディ,3365,2.75,90,52700
490,8703,東証1部,カブドットコム証券(株),374,2.75,10,708600
491,4975,東証1部,(株)ＪＣＵ,5070,2.74,135,41600
492,8065,東証1部,佐藤商事(株),1164,2.74,31,13000
493,8377,東証1部,(株)ほくほくフィナンシャルグループ,1502,2.74,40,397800
494,6506,東証1部,(株)安川電機,4885,2.73,130,2851600
495,6789,東証1部,ローランド　ディー．ジー．(株),2638,2.73,70,24900
496,6928,東証2部,(株)エノモト,1768,2.73,47,23000
497,8739,東証JQS,スパークス・グループ(株),301,2.73,8,504900
498,5410,東証1部,合同製鐵(株),2079,2.72,55,115800
499,6065,東証1部,ライクキッズネクスト(株),1963,2.72,52,129300
500,6752,東証1部,パナソニック(株),1679.5,2.72,44.5,9721600
501,9302,東証1部,三井倉庫ホールディングス(株),340,2.72,9,687000
502,9699,東証1部,西尾レントオール(株),3400,2.72,90,361200
503,3232,東証1部,三重交通グループホールディングス(株),531,2.71,14,155300
504,3097,東証1部,(株)物語コーポレーション,10650,2.70,280,70600
505,3202,東証1部,ダイトウボウ(株),114,2.70,3,477700
506,4634,東証1部,東洋インキＳＣホールディングス(株),684,2.70,18,599000
507,6742,東証1部,(株)京三製作所,724,2.70,19,159000
508,6844,東証1部,新電元工業(株),8000,2.70,210,85900
509,7703,東証2部,川澄化学工業(株),950,2.70,25,75500
510,8015,東証1部,豊田通商(株),3805,2.70,100,471400
511,8093,東証1部,極東貿易(株),494,2.70,13,147000
512,9119,東証1部,飯野海運(株),532,2.70,14,162900
513,7185,東証JQS,ヒロセ通商(株),1944,2.69,51,30900
514,6245,東証2部,(株)ヒラノテクシード,2951,2.68,77,31500
515,6349,東証1部,(株)小森コーポレーション,1417,2.68,37,148700
516,8527,東証1部,(株)愛知銀行,5370,2.68,140,10200
517,3842,東証JQG,(株)ネクストジェン,2192,2.67,57,26300
518,6167,東証1部,冨士ダイス(株),1076,2.67,28,18200
519,8257,東証JQS,(株)山陽百貨店,1766,2.67,46,100
520,8803,東証1部,平和不動産(株),1958,2.67,51,119700
521,6282,東証1部,オイレス工業(株),2277,2.66,59,29000
522,8850,東証1部,スターツコーポレーション(株),2857,2.66,74,70900
523,1699,東証ETF,(NEXT FUNDS)NOMURA原油インデックス上場,387,2.65,10,599290
524,3083,東証JQS,(株)シーズメン,1280,2.65,33,992000
525,4642,東証2部,オリジナル設計(株),970,2.65,25,64700
526,7184,東証1部,(株)富山第一銀行,503,2.65,13,35500
527,3538,東証1部,(株)ウイルプラスホールディングス,1207,2.64,31,48500
528,7313,東証1部,テイ・エス　テック(株),4275,2.64,110,125300
529,1615,東証ETF,東証銀行業株価指数連動型上場投資信託,195,2.63,5,3166700
530,9880,東証1部,イノテック(株),1290,2.63,33,107700
531,3915,マザーズ,(株)テラスカイ,4110,2.62,105,3400
532,5304,東証2部,ＳＥＣカーボン(株),8230,2.62,210,4600
533,5704,マザーズ,(株)ＪＭＣ,1057,2.62,27,33300
534,5975,東証1部,東プレ(株),3130,2.62,80,59900
535,6301,東証1部,コマツ,3681,2.62,94,4327600
536,6338,東証2部,(株)タカトリ,824,2.62,21,10100
537,7296,東証1部,(株)エフ・シー・シー,2899,2.62,74,145800
538,1576,東証ETF,南方 FTSE 中国A株 50 ETF,669,2.61,17,100
539,2395,東証1部,(株)新日本科学,590,2.61,15,297800
540,8387,東証1部,(株)四国銀行,1495,2.61,38,35400
541,5631,東証1部,(株)日本製鋼所,3555,2.60,90,474700
542,8324,東証1部,(株)第四銀行,4740,2.60,120,29000
543,9743,東証1部,(株)丹青社,1182,2.60,30,299600
544,9927,東証JQS,(株)ワットマン,158,2.60,4,32000
545,7199,東証2部,プレミアグループ(株),2730,2.59,69,117200
546,3553,東証1部,共和レザー(株),956,2.58,24,24900
547,3657,東証1部,ポールトゥウィン・ピットクルーホールディングス(株),2151,2.58,54,136300
548,7230,東証1部,日信工業(株),1827,2.58,46,155000
549,7274,東証1部,(株)ショーワ,1752,2.58,44,584900
550,8308,東証1部,(株)りそなホールディングス,593,2.58,14.9,9770000
551,8385,東証1部,(株)伊予銀行,836,2.58,21,549500
552,4597,マザーズ,ソレイジア・ファーマ(株),319,2.57,8,3338500
553,6727,東証1部,(株)ワコム,558,2.57,14,923300
554,7239,東証1部,(株)タチエス,1875,2.57,47,133500
555,8155,東証1部,三益半導体工業(株),1998,2.57,50,110800
556,2136,東証JQS,(株)ヒップ,1444,2.56,36,8600
557,3559,マザーズ,(株)ピーバンドットコム,3010,2.56,75,39100
558,3950,東証1部,ザ・パック(株),3800,2.56,95,19900
559,8150,東証1部,三信電気(株),2004,2.56,50,33000
560,8346,東証1部,(株)東邦銀行,401,2.56,10,204000
561,8410,東証1部,(株)セブン銀行,360,2.56,9,6081100
562,3665,マザーズ,(株)エニグモ,1369,2.55,34,354700
563,6929,東証1部,日本セラミック(株),2940,2.55,73,75400
564,7856,東証1部,萩原工業(株),1807,2.55,45,59000
565,6622,東証1部,(株)ダイヘン,847,2.54,21,681000
566,7251,東証1部,(株)ケーヒン,2098,2.54,52,328800
567,8334,東証1部,(株)群馬銀行,645,2.54,16,1624200
568,8616,東証1部,東海東京フィナンシャル・ホールディングス(株),766,2.54,19,799500
569,5108,東証1部,(株)ブリヂストン,4704,2.53,116,2363200
570,6317,東証1部,(株)北川鉄工所,2799,2.53,69,12700
571,6675,東証1部,サクサホールディングス(株),2151,2.53,53,5100
572,8925,東証2部,(株)アルデプロ,81,2.53,2,470700
573,1514,東証1部,住石ホールディングス(株),163,2.52,4,1092700
574,3181,東証JQS,(株)買取王国,732,2.52,18,6300
575,6087,東証1部,(株)アビスト,4675,2.52,115,16100
576,6997,東証1部,日本ケミコン(株),2730,2.52,67,225100
577,8686,東証1部外国,アフラック,9780,2.52,240,450
578,9435,東証1部,(株)光通信,15470,2.52,380,94900
579,6632,東証1部,(株)ＪＶＣケンウッド,367,2.51,9,929200
580,7739,東証1部,キヤノン電子(株),2449,2.51,60,58400
581,8356,東証1部,(株)十六銀行,2901,2.51,71,83900
582,8379,東証1部,(株)広島銀行,818,2.51,20,951400
583,8558,東証1部,(株)東和銀行,1472,2.51,36,76200
584,1390,東証ETF,UBS ETF MSCIアジア太平洋株(除く日本),4920,2.50,120,1007
585,6763,東証1部,帝国通信工業(株),1352,2.50,33,11300
586,8830,東証1部,住友不動産(株),3900,2.50,95,1862000
587,3844,東証1部,コムチュア(株),3500,2.49,85,115000
588,5703,東証1部,日本軽金属ホールディングス(株),288,2.49,7,3233300
589,6325,東証1部,(株)タカキタ,827,2.48,20,12900
590,6503,東証1部,三菱電機(株),1775,2.48,43,6732800
591,7187,マザーズ,ジェイリース(株),869,2.48,21,89600
592,8331,東証1部,(株)千葉銀行,868,2.48,21,2903000
593,8344,東証1部,(株)山形銀行,2351,2.48,57,17800
594,9543,東証1部,静岡ガス(株),868,2.48,21,36300
595,2345,東証2部,アイスタディ(株),2202,2.47,53,24400
596,4099,東証1部,四国化成工業(株),1532,2.47,37,28600
597,4631,東証1部,ＤＩＣ(株),3730,2.47,90,356000
598,5481,東証1部,山陽特殊製鋼(株),2327,2.47,56,181200
599,6125,東証2部,(株)岡本工作機械製作所,3945,2.47,95,20400
600,6175,東証JQS,(株)ネットマーケティング,995,2.47,24,271100
601,6310,東証1部,井関農機(株),2199,2.47,53,70000
602,8127,東証1部,ヤマト　インターナショナル(株),581,2.47,14,115900
603,6135,東証1部,(株)牧野フライス製作所,1042,2.46,25,1449000
604,6902,東証1部,(株)デンソー,6070,2.46,146,1882100
605,7203,東証1部,トヨタ自動車(株),6958,2.46,167,5203200
606,7205,東証1部,日野自動車(株),1373,2.46,33,1647100
607,7255,東証JQS,(株)桜井製作所,625,2.46,15,2300
608,8135,東証2部,ゼット(株),250,2.46,6,34600
609,8622,東証1部,水戸証券(株),416,2.46,10,215500
610,2045,東証ETF,NEXT NOTES S&P シンガポール リート(NR)ETN,11310,2.45,270,2
611,2138,東証JQS,クルーズ(株),2298,2.45,55,61200
612,3436,東証1部,(株)ＳＵＭＣＯ,3050,2.45,73,8380800
613,4078,東証1部,堺化学工業(株),3005,2.45,72,34700
614,4188,東証1部,(株)三菱ケミカルホールディングス,1064.5,2.45,25.5,5164900
615,7599,東証1部,(株)ＩＤＯＭ,712,2.45,17,290800
616,7995,東証1部,日本バルカー工業(株),3135,2.45,75,58900
617,8137,東証1部,サンワテクノス(株),2092,2.45,50,38000
618,1605,東証1部,国際石油開発帝石(株),1303,2.44,31,4142500
619,2901,東証JQS,石垣食品(株),168,2.44,4,753000
620,3963,東証1部,(株)シンクロ・フード,5030,2.44,120,79800
621,5110,東証1部,住友ゴム工業(株),2016,2.44,48,670300
622,7895,東証JQS,中央化学(株),378,2.44,9,1200
623,1400,東証JQG,ルーデン・ホールディングス(株),548,2.43,13,304000
624,2719,東証2部,(株)キタムラ,885,2.43,21,37900
625,3446,マザーズ,(株)ジェイテックコーポレーション,9690,2.43,230,619100
626,3762,東証1部,テクマトリックス(株),1731,2.43,41,123300
627,4202,東証1部,(株)ダイセル,1266,2.43,30,1983800
628,8316,東証1部,(株)三井住友フィナンシャルグループ,4628,2.43,110,6404700
629,8355,東証1部,(株)静岡銀行,1053,2.43,25,2030000
630,3179,東証1部,シュッピン(株),1355,2.42,32,223000
631,5423,東証1部,東京製鐵(株),889,2.42,21,910100
632,6875,東証1部,(株)メガチップス,3805,2.42,90,166900
633,8361,東証1部,(株)大垣共立銀行,2797,2.42,66,136500
634,8369,東証1部,(株)京都銀行,5920,2.42,140,186000
635,8392,東証1部,(株)大分銀行,4015,2.42,95,15000
636,3174,東証JQS,(株)ハピネス・アンド・ディ,1446,2.41,34,1800
637,5491,東証1部,日本金属(株),2506,2.41,59,36100
638,5942,東証1部,日本フイルコン(株),638,2.41,15,25800
639,5991,東証1部,ニッパツ,1106,2.41,26,1106800
640,6877,東証1部,ＯＢＡＲＡ　ＧＲＯＵＰ(株),6790,2.41,160,31600
641,8085,東証2部,ナラサキ産業(株),425,2.41,10,67000
642,1547,東証ETF,上場インデックスファンド米国株式(S&P500),3200,2.40,75,5960
643,9982,東証1部,タキヒヨー(株),2300,2.40,54,4300
644,3847,東証JQS,パシフィックシステム(株),3000,2.39,70,300
645,5707,東証1部,東邦亜鉛(株),5140,2.39,120,183500
646,6407,東証1部,ＣＫＤ(株),2437,2.39,57,760200
647,7226,東証1部,極東開発工業(株),1628,2.39,38,86400
648,2186,東証JQS,ソーバル(株),1075,2.38,25,6300
649,3454,東証1部,ファーストブラザーズ(株),1462,2.38,34,52700
650,6157,東証1部,日進工具(株),3220,2.38,75,29500
651,6383,東証1部,(株)ダイフク,6440,2.38,150,1238600
652,6800,東証1部,(株)ヨコオ,2110,2.38,49,80700
653,7522,東証1部,ワタミ(株),1331,2.38,31,144200
654,8058,東証1部,三菱商事(株),2973.5,2.38,69,3931300
655,8585,東証1部,(株)オリエントコーポレーション,172,2.38,4,2793100
656,9663,東証1部,(株)ナガワ,4515,2.38,105,1200
657,4091,東証1部,大陽日酸(株),1509,2.37,35,415100
658,6482,東証1部,(株)ユーシン精機,3455,2.37,80,48000
659,6644,東証1部,大崎電気工業(株),777,2.37,18,148700
660,6779,東証1部,日本電波工業(株),690,2.37,16,85900
661,1672,東証ETF,ETFS 金上場投信,13880,2.36,320,17
662,3111,東証2部,オーミケンシ(株),130,2.36,3,909000
663,3815,マザーズ,(株)メディア工房,521,2.36,12,33400
664,4463,東証1部,日華化学(株),1129,2.36,26,7100
665,7758,東証2部,(株)セコニックホールディングス,1300,2.36,30,5100
666,7807,東証JQS,(株)幸和製作所,4115,2.36,95,14000
667,3437,東証JQS,特殊電極(株),4355,2.35,100,100
668,6740,東証1部,(株)ジャパンディスプレイ,218,2.35,5,3454700
669,8938,東証JQG,ＬＣホールディングス(株),2522,2.35,58,20100
670,8940,東証1部,(株)インテリックス,1088,2.35,25,23300
671,2514,東証ETF,(NEXT FUNDS)外国株式･MSCI-KOKUSAI(H有),1049,2.34,24,200
672,3344,東証JQS,(株)ワンダーコーポレーション,1532,2.34,35,54300
673,3565,マザーズ,アセンテック(株),2890,2.34,66,28400
674,6369,東証1部,トーヨーカネツ(株),3285,2.34,75,59600
675,7947,東証1部,(株)エフピコ,7010,2.34,160,86400
676,9028,東証2部,(株)ゼロ,1490,2.34,34,2700
677,2730,東証1部,(株)エディオン,1317,2.33,30,379500
678,3105,東証1部,日清紡ホールディングス(株),1537,2.33,35,1130500
679,3524,東証1部,日東製網(株),1799,2.33,41,9100
680,4317,東証JQS,(株)レイ,702,2.33,16,228600
681,6501,東証1部,(株)日立製作所,809.2,2.33,18.4,14901000
682,6771,東証1部,池上通信機(株),176,2.33,4,381000
683,8336,東証1部,(株)武蔵野銀行,3510,2.33,80,35200
684,9651,東証JQS,日本プロセス(株),836,2.33,19,20000
685,1393,東証ETF,UBS ETF 米国株(MSCI米国),28650,2.32,650,13
686,1467,東証ETF,JPX日経400ブル2倍上場投信レバレッジ,11040,2.32,250,1150
687,3393,東証1部,スターティア(株),1016,2.32,23,123800
688,4063,東証1部,信越化学工業(株),11235,2.32,255,1256600
689,4182,東証1部,三菱ガス化学(株),2651,2.32,60,737900
690,5018,東証1部,(株)ＭＯＲＥＳＣＯ,1807,2.32,41,10400
691,6118,東証1部,アイダエンジニアリング(株),1365,2.32,31,137300
692,6554,マザーズ,(株)エスユーエス,1763,2.32,40,244900
693,4022,東証1部,ラサ工業(株),2216,2.31,50,39600
694,6845,東証1部,アズビル(株),4880,2.31,110,198800
695,8253,東証1部,(株)クレディセゾン,1817,2.31,41,847100
696,4540,東証1部,(株)ツムラ,3780,2.30,85,226800
697,4751,東証1部,(株)サイバーエージェント,5340,2.30,120,994300
698,6964,東証2部,(株)サンコー,667,2.30,15,15400
699,7240,東証1部,ＮＯＫ(株),2220,2.30,50,279100
700,7593,東証1部,ＶＴホールディングス(株),577,2.30,13,432400
701,7781,東証JQS,(株)平山ホールディングス,3115,2.30,70,20200
702,9412,東証1部,(株)スカパーＪＳＡＴホールディングス,489,2.30,11,909800
703,1518,東証1部,三井松島産業(株),1516,2.29,34,92600
704,3266,東証JQS,(株)ファンドクリエーショングループ,134,2.29,3,186900
705,5486,東証1部,日立金属(株),1294,2.29,29,956400
706,6463,東証1部,ＴＰＲ(株),2944,2.29,66,57600
707,7105,東証1部,三菱ロジスネクスト(株),939,2.29,21,65100
708,8386,東証1部,(株)百十四銀行,358,2.29,8,374000
709,9417,東証JQS,(株)スマートバリュー,1706,2.28,38,44000
710,9810,東証1部,日鉄住金物産(株),5840,2.28,130,46500
711,1963,東証1部,日揮(株),2346,2.27,52,1252400
712,4064,東証1部,日本カーバイド工業(株),2160,2.27,48,36500
713,7003,東証1部,三井造船(株),1936,2.27,43,666100
714,7810,東証JQS,(株)クロスフォー,496,2.27,11,62800
715,8700,東証JQS,丸八証券(株),135,2.27,3,51000
716,3236,東証JQS,(株)プロパスト,226,2.26,5,547400
717,3465,東証1部,ケイアイスター不動産(株),2763,2.26,61,24500
718,5208,東証1部,(株)有沢製作所,1041,2.26,23,241500
719,5210,東証1部,日本山村硝子(株),181,2.26,4,199000
720,6798,東証1部,ＳＭＫ(株),452,2.26,10,287000
721,7818,東証1部,(株)トランザクション,1129,2.26,25,137100
722,8341,東証1部,(株)七十七銀行,2624,2.26,58,100900
723,8345,東証1部,(株)岩手銀行,4290,2.26,95,10600
724,9656,東証2部,グリーンランドリゾート(株),543,2.26,12,900
725,1546,東証ETF,(NEXT FUNDS)ダウ･ジョーンズ工業株30種,26830,2.25,590,2614
726,2801,東証1部,キッコーマン(株),4325,2.25,95,589100
727,3048,東証1部,(株)ビックカメラ,1683,2.25,37,807000
728,6898,東証JQS,トミタ電機(株),2044,2.25,45,2100
729,7013,東証1部,(株)ＩＨＩ,3635,2.25,80,960300
730,7512,東証1部,イオン北海道(株),774,2.25,17,52400
731,8097,東証1部,三愛石油(株),1544,2.25,34,41800
732,1623,東証ETF,(NEXT FUNDS)鉄鋼･非鉄上場投信,19590,2.24,430,120
733,5406,東証1部,(株)神戸製鋼所,1048,2.24,23,5552800
734,6703,東証1部,ＯＫＩ,1461,2.24,32,419200
735,8198,東証2部,マックスバリュ東海(株),2420,2.24,53,10800
736,8439,東証1部,東京センチュリー(株),6400,2.24,140,167400
737,8541,東証1部,(株)愛媛銀行,1279,2.24,28,39000
738,2209,東証1部,井村屋グループ(株),3895,2.23,85,18300
739,3529,東証1部,アツギ(株),1193,2.23,26,35200
740,6080,東証1部,Ｍ＆Ａキャピタルパートナーズ(株),8700,2.23,190,87400
741,6366,東証1部,千代田化工建設(株),1055,2.23,23,2563000
742,6773,東証1部,パイオニア(株),183,2.23,4,6021900
743,9104,東証1部,(株)商船三井,3215,2.23,70,613500
744,7939,東証JQS,(株)研創,553,2.22,12,17000
745,8364,東証1部,(株)清水銀行,2906,2.22,63,7700
746,8368,東証1部,(株)百五銀行,506,2.22,11,273200
747,1626,東証ETF,(NEXT FUNDS)情報通信･サービス上場投信,21690,2.21,470,1
748,5602,東証1部,(株)栗本鐵工所,2037,2.21,44,21200
749,8382,東証1部,(株)中国銀行,1295,2.21,28,338600
750,8395,東証1部,(株)佐賀銀行,2499,2.21,54,10200
751,8934,東証1部,サンフロンティア不動産(株),1200,2.21,26,298000
752,9076,東証1部,セイノーホールディングス(株),1940,2.21,42,754500
753,1387,東証ETF,UBS ETF 欧州通貨圏株(MSCI EMU),16230,2.20,350,1
754,3116,東証1部,トヨタ紡織(株),2184,2.20,47,370900
755,3408,東証1部,サカイオーベックス(株),2560,2.20,55,17100
756,4656,東証JQS,(株)サン・ライフ,1068,2.20,23,2000
757,6200,東証1部,(株)インソース,3940,2.20,85,107800
758,6951,東証1部,日本電子(株),931,2.20,20,521000
759,7817,東証1部,パラマウントベッドホールディングス(株),5570,2.20,120,38100
760,8342,東証1部,(株)青森銀行,3250,2.20,70,52100
761,6050,東証1部,イー・ガーディアン(株),3965,2.19,85,515800
762,6378,東証1部,木村化工機(株),559,2.19,12,133400
763,8522,東証1部,(株)名古屋銀行,3960,2.19,85,15100
764,4539,東証1部,日本ケミファ(株),4695,2.18,100,2000
765,6302,東証1部,住友重機械工業(株),3990,2.18,85,486700
766,6539,東証1部,(株)ＭＳ−Ｊａｐａｎ,6100,2.18,130,21100
767,8374,東証1部,(株)三重銀行,2253,2.18,48,15800
768,8586,東証1部,日立キャピタル(株),2713,2.18,58,249200
769,1766,東証1部,東建コーポレーション(株),11770,2.17,250,40700
770,2673,東証JQS,夢みつけ隊(株),141,2.17,3,14400
771,4088,東証1部,エア・ウォーター(株),2072,2.17,44,273300
772,6022,東証2部,(株)赤阪鐵工所,2026,2.17,43,300
773,9744,東証1部,(株)メイテック,6120,2.17,130,85400
774,9888,東証JQS,(株)ＵＥＸ,802,2.17,17,167000
775,1968,東証1部,太平電業(株),2646,2.16,56,94000
776,2498,東証JQS,(株)ＡＣＫグループ,1890,2.16,40,2200
777,3961,マザーズ,シルバーエッグ・テクノロジー(株),1747,2.16,37,13000
778,6042,東証2部,(株)ニッキ,4020,2.16,85,14700
779,6996,東証1部,ニチコン(株),1275,2.16,27,329400
780,8275,東証1部,(株)フォーバル,945,2.16,20,25300
781,8281,東証1部,ゼビオホールディングス(株),2128,2.16,45,103300
782,1618,東証ETF,(NEXT FUNDS)エネルギー資源上場投信,14250,2.15,300,49
783,6698,東証JQS,ヴィスコ・テクノロジーズ(株),33200,2.15,700,19100
784,8692,東証1部,(株)だいこう証券ビジネス,664,2.15,14,13700
785,2736,東証JQS,フェスタリアホールディングス(株),2720,2.14,57,1700
786,2750,東証JQS,石光商事(株),620,2.14,13,8200
787,4538,東証1部,扶桑薬品工業(株),2870,2.14,60,5500
788,8601,東証1部,(株)大和証券グループ本社,695.8,2.14,14.6,5754000
789,1820,東証1部,西松建設(株),2776,2.13,58,452300
790,1868,東証1部,三井ホーム(株),670,2.13,14,133000
791,4095,東証1部,日本パーカライジング(株),1822,2.13,38,78600
792,4275,東証1部,カーリットホールディングス(株),1152,2.13,24,235700
793,5285,東証JQS,(株)ヤマックス,3360,2.13,70,100
794,5902,東証1部,ホッカンホールディングス(株),383,2.13,8,71000
795,8550,東証1部,(株)栃木銀行,432,2.13,9,184700
796,9932,東証1部,杉本商事(株),1868,2.13,39,9000
797,1716,東証1部,第一カッター興業(株),2317,2.12,48,29300
798,2579,東証1部,コカ・コーラ　ボトラーズジャパンホールディングス(株),4095,2.12,85,627900
799,4326,東証1部,(株)インテージホールディングス,1154,2.12,24,100500
800,8397,東証1部,(株)沖縄銀行,4330,2.12,90,24500
801,8572,東証1部,アコム(株),482,2.12,10,2527800
802,9384,東証1部,内外トランスライン(株),1881,2.12,39,22200
803,3405,東証1部,(株)クラレ,1836,2.11,38,931000
804,4800,東証JQS,オリコン(株),339,2.11,7,43400
805,6137,東証2部,小池酸素工業(株),2998,2.11,62,900
806,7014,東証1部,(株)名村造船所,628,2.11,13,183500
807,8306,東証1部,(株)三菱ＵＦＪフィナンシャル・グループ,732.2,2.11,15.1,55868600
808,8343,東証1部,(株)秋田銀行,2849,2.11,59,23500
809,4062,東証1部,イビデン(株),1750,2.10,36,670200
810,5714,東証1部,ＤＯＷＡホールディングス(株),3895,2.10,80,324000
811,6055,東証1部,ジャパンマテリアル(株),1458,2.10,30,291600
812,6981,東証1部,(株)村田製作所,15340,2.10,315,997300
813,8946,東証JQS,(株)ＡＳＩＡＮ　ＳＴＡＲ,146,2.10,3,137600
814,3099,東証1部,(株)三越伊勢丹ホールディングス,1223,2.09,25,1212800
815,6433,東証JQS,ヒーハイスト精工(株),731,2.09,15,97200
816,6645,東証1部,オムロン(株),6360,2.09,130,597800
817,6674,東証1部,(株)ジーエス・ユアサ　コーポレーション,587,2.09,12,1999000
818,8154,東証1部,加賀電子(株),2683,2.09,55,29300
819,8325,東証1部,(株)北越銀行,2346,2.09,48,17500
820,3169,東証1部,(株)ミサワ,442,2.08,9,4900
821,4849,東証JQS,エン・ジャパン(株),6370,2.08,130,210900
822,5269,東証1部,日本コンクリート工業(株),442,2.08,9,158100
823,6097,東証1部,日本ビューホテル(株),1574,2.08,32,30900
824,8059,東証1部,第一実業(株),3185,2.08,65,16800
825,8086,東証1部,ニプロ(株),1623,2.08,33,677000
826,1655,東証ETF,iシェアーズ S&P500 米国株 ETF,2125,2.07,43,623
827,2393,東証2部,(株)日本ケアサプライ,1429,2.07,29,15600
828,5923,東証1部,高田機工(株),3950,2.07,80,18900
829,6544,マザーズ,ジャパンエレベーターサービスホールディングス(株),2461,2.07,50,135400
830,6963,東証1部,ローム(株),11320,2.07,230,808500
831,7420,東証1部,佐鳥電機(株),1133,2.07,23,63600
832,6919,東証JQS,ケル(株),1339,2.06,27,28200
833,7246,東証1部,プレス工業(株),644,2.06,13,430700
834,3580,東証1部,小松精練(株),1147,2.05,23,112300
835,4324,東証1部,(株)電通,4730,2.05,95,1166800
836,4410,東証1部,ハリマ化成グループ(株),848,2.05,17,16100
837,6368,東証1部,オルガノ(株),3230,2.05,65,13600
838,6455,東証1部,(株)モリタホールディングス,2042,2.05,41,61100
839,7915,東証1部,ＮＩＳＳＨＡ(株),2785,2.05,56,357300
840,7734,東証1部,理研計器(株),2304,2.04,46,10800
841,7751,東証1部,キヤノン(株),3959,2.04,79,2677100
842,8750,東証1部,第一生命ホールディングス(株),2050,2.04,41,3782300
843,9381,東証1部,(株)エーアイテイー,1152,2.04,23,22500
844,9991,東証1部,ジェコス(株),1199,2.04,24,12300
845,1989,東証2部,北陸電話工事(株),402,2.03,8,2900
846,3191,東証1部,(株)ジョイフル本田,3525,2.03,70,38600
847,4118,東証1部,(株)カネカ,1053,2.03,21,959000
848,5218,東証1部,(株)オハラ,2767,2.03,55,210000
849,1557,東証ETF,SPDR S&P500 ETF,29830,2.02,590,2161
850,1719,東証1部,安藤ハザマ,808,2.02,16,2214200
851,3228,東証1部,(株)三栄建築設計,2322,2.02,46,89600
852,7186,東証1部,(株)コンコルディア・フィナンシャルグループ,605,2.02,12,3220700
853,7911,東証1部,凸版印刷(株),911,2.02,18,1841000
854,8051,東証1部,(株)山善,1110,2.02,22,147100
855,8708,東証1部,藍澤證券(株),759,2.02,15,24000
856,8835,東証1部,太平洋興発(株),1063,2.02,21,6700
857,1578,東証ETF,上場インデックスファンド日経225(ミニ),1728,2.01,34,53
858,6810,東証1部,マクセルホールディングス(株),2084,2.01,41,179200
859,7744,東証1部,ノーリツ鋼機(株),2388,2.01,47,210500
860,7972,東証1部,(株)イトーキ,710,2.01,14,74700
861,8032,東証1部,日本紙パルプ商事(株),4320,2.01,85,17600
862,8551,東証1部,(株)北日本銀行,2995,2.01,59,9200
863,9992,東証JQS,(株)理研グリーン,508,2.01,10,40700
864,2425,東証JQG,(株)ケアサービス,1124,2.00,22,81200
865,2484,東証JQS,夢の街創造委員会(株),1936,2.00,38,101600
866,3113,東証2部,Ｏａｋ　キャピタル(株),306,2.00,6,479500
867,4021,東証1部,日産化学工業(株),4340,2.00,85,584900
868,5451,東証1部,(株)淀川製鋼所,2914,2.00,57,32200
869,5715,東証1部,古河機械金属(株),2138,2.00,42,137000
870,6615,東証1部,ユー・エム・シー・エレクトロニクス(株),2913,2.00,57,78600
871,9082,東証2部,大和自動車交通(株),1428,2.00,28,2300
872,1555,東証ETF,上場インデックスファンド豪州リート,1540,1.99,30,4240
873,3156,東証1部,(株)ＵＫＣホールディングス,2256,1.99,44,37000
874,4530,東証1部,久光製薬(株),7690,1.99,150,136800
875,6217,東証1部,津田駒工業(株),256,1.99,5,744000
876,8399,東証1部,(株)琉球銀行,1590,1.99,31,58300
877,2540,東証1部,養命酒製造(株),2319,1.98,45,3200
878,3290,東証,Oneリート投資法人,237000,1.98,4600,721
879,3649,東証1部,(株)ファインデックス,771,1.98,15,150800
880,6183,東証1部,(株)ベルシステム２４ホールディングス,1542,1.98,30,160700
881,6489,東証1部,前澤工業(株),413,1.98,8,25000
882,7467,東証1部,萩原電気(株),3340,1.98,65,19200
883,8349,東証1部,(株)東北銀行,1442,1.98,28,6800
884,4516,東証1部,日本新薬(株),6730,1.97,130,351600
885,5959,東証1部,岡部(株),985,1.97,19,119000
886,6890,東証JQS,(株)フェローテックホールディングス,2698,1.97,52,628600
887,8141,東証1部,新光商事(株),1916,1.97,37,44900
888,9363,東証2部,(株)大運,415,1.97,8,11300
889,9995,東証1部,(株)ルネサスイーストン,726,1.97,14,95800
890,1935,東証2部,(株)ＴＴＫ,625,1.96,12,81000
891,2573,東証2部,北海道コカ・コーラボトリング(株),730,1.96,14,3000
892,3103,東証1部,ユニチカ(株),676,1.96,13,367500
893,3501,東証1部,住江織物(株),2856,1.96,55,18300
894,4471,東証1部,三洋化成工業(株),5200,1.96,100,23400
895,7902,東証JQS,(株)ソノコム,1091,1.96,21,6000
896,8381,東証1部,(株)山陰合同銀行,986,1.96,19,175300
897,1921,東証1部,(株)巴コーポレーション,575,1.95,11,153500
898,3180,東証1部,(株)ビューティガレージ,2295,1.95,44,57500
899,6071,東証1部,(株)ＩＢＪ,1151,1.95,22,130400
900,7762,東証1部,シチズン時計(株),786,1.95,15,1016700
901,1997,東証JQS,暁飯島工業(株),1314,1.94,25,6700
902,3382,東証1部,(株)セブン＆アイ・ホールディングス,4460,1.94,85,2259000
903,4005,東証1部,住友化学(株),629,1.94,12,12209000
904,4624,東証2部,イサム塗料(株),3935,1.94,75,1900
905,4689,東証1部,ヤフー(株),526,1.94,10,10299100
906,5915,東証1部,(株)駒井ハルテック,2522,1.94,48,6000
907,6768,東証1部,(株)タムラ製作所,787,1.94,15,549300
908,8595,東証1部,(株)ジャフコ,5260,1.94,100,222400
909,9375,東証1部,(株)近鉄エクスプレス,2051,1.94,39,97300
910,9551,東証1部,メタウォーター(株),3145,1.94,60,46700
911,3966,マザーズ,(株)ユーザベース,2012,1.93,38,121200
912,4221,東証1部,大倉工業(株),581,1.93,11,62000
913,6770,東証1部,アルプス電気(株),2753,1.93,52,3117500
914,7122,東証1部,近畿車輛(株),2532,1.93,48,17900
915,7214,東証1部,ＧＭＢ(株),1743,1.93,33,32800
916,7422,東証JQS,東邦レマック(株),476,1.93,9,4000
917,2813,東証JQS,和弘食品(株),3180,1.92,60,500
918,4092,東証1部,日本化学工業(株),3455,1.92,65,141800
919,4206,東証1部,アイカ工業(株),3990,1.92,75,118900
920,5013,東証1部,ユシロ化学工業(株),1803,1.92,34,14700
921,5981,東証1部,東京製綱(株),2176,1.92,41,65200
922,8105,東証2部,堀田丸正(株),371,1.92,7,189100
923,1653,東証ETF,ダイワ 上場投信-MSCIジャパンESGセレクト･R指数,2026,1.91,38,70
924,3244,東証1部,サムティ(株),1919,1.91,36,231200
925,3276,東証1部,日本管理センター(株),1600,1.91,30,57700
926,3434,東証1部,(株)アルファ,1865,1.91,35,19600
927,4658,東証1部,日本空調サービス(株),746,1.91,14,28800
928,4985,東証1部,アース製薬(株),5340,1.91,100,47400
929,6038,マザーズ,(株)イード,1013,1.91,19,53000
930,6513,東証1部,オリジン電気(株),1816,1.91,34,6300
931,6721,東証2部,ウインテスト(株),160,1.91,3,352500
932,8411,東証1部,(株)みずほフィナンシャルグループ,197.8,1.91,3.7,113728400
933,1543,東証ETF,純パラジウム上場信託(現物国内保管型),32100,1.90,600,31
934,3431,東証1部,宮地エンジニアリンググループ(株),2249,1.90,42,76300
935,5440,東証1部,共英製鋼(株),1770,1.90,33,165500
936,7231,東証1部,トピー工業(株),3220,1.90,60,33700
937,8075,東証1部,神鋼商事(株),3745,1.90,70,19900
938,8570,東証1部,イオンフィナンシャルサービス(株),2415,1.90,45,346400
939,8706,東証1部,極東証券(株),1552,1.90,29,56000
940,2292,東証1部,Ｓ　ＦＯＯＤＳ(株),4315,1.89,80,48100
941,6750,東証1部,エレコム(株),2532,1.89,47,87700
942,7725,東証1部,(株)インターアクション,1026,1.89,19,132000
943,8252,東証1部,(株)丸井グループ,1994,1.89,37,973900
944,9502,東証1部,中部電力(株),1428.5,1.89,26.5,1036900
945,1841,東証JQS,サンユー建設(株),1140,1.88,21,2800
946,4362,東証1部,日本精化(株),1302,1.88,24,18800
947,4641,東証1部,(株)アルプス技研,2225,1.88,41,68600
948,4833,東証JQG,(株)ぱど,650,1.88,12,39600
949,6704,東証1部,岩崎通信機(株),757,1.88,14,14700
950,6986,東証1部,双葉電子工業(株),2275,1.88,42,68600
951,8604,東証1部,野村ホールディングス(株),643.7,1.88,11.9,17831600
952,5988,東証1部,(株)パイオラックス,2883,1.87,53,53200
953,7272,東証1部,ヤマハ発動機(株),3265,1.87,60,1453900
954,8031,東証1部,三井物産(株),1907,1.87,35,5911400
955,8040,東証2部,(株)東京ソワール,218,1.87,4,4000
956,8795,東証1部,(株)Ｔ＆Ｄホールディングス,1715,1.87,31.5,2015300
957,8886,東証JQS,(株)ウッドフレンズ,2880,1.87,53,700
958,2168,東証1部,(株)パソナグループ,2297,1.86,42,138000
959,6121,東証1部,(株)滝澤鉄工所,2085,1.86,38,18100
960,6448,東証1部,ブラザー工業(株),2525,1.86,46,492400
961,6638,東証1部,(株)ミマキエンジニアリング,878,1.86,16,97700
962,6724,東証1部,セイコーエプソン(株),2024,1.86,37,1734200
963,6826,東証1部,本多通信工業(株),1152,1.86,21,97200
964,7521,東証JQS,(株)ムサシ,2077,1.86,38,13100
965,8023,東証2部,大興電子通信(株),1206,1.86,22,54000
966,8132,東証1部,シナネンホールディングス(株),2677,1.86,49,14700
967,9305,東証1部,(株)ヤマタネ,1912,1.86,35,36600
968,1330,東証ETF,上場インデックスファンド225,22540,1.85,410,135590
969,3315,東証1部,日本コークス工業(株),110,1.85,2,790600
970,7192,東証2部,日本モーゲージサービス(株),1100,1.85,20,64300
971,8167,東証2部,(株)リテールパートナーズ,1594,1.85,29,90400
972,8707,東証1部,岩井コスモホールディングス(株),1378,1.85,25,64800
973,9355,東証2部,(株)リンコーコーポレーション,1814,1.85,33,3000
974,3453,東証,ケネディクス商業リート投資法人,237400,1.84,4300,2381
975,3763,東証1部,(株)プロシップ,2213,1.84,40,2400
976,4346,東証1部,(株)ネクシィーズグループ,1719,1.84,31,38500
977,4734,東証JQS,(株)ビーイング,443,1.84,8,600
978,5938,東証1部,(株)ＬＩＸＩＬグループ,2441,1.84,44,1265900
979,6298,東証1部,ワイエイシイホールディングス(株),1054,1.84,19,78400
980,7971,東証1部,東リ(株),388,1.84,7,37600
981,7987,東証1部,ナカバヤシ(株),609,1.84,11,31200
982,8359,東証1部,(株)八十二銀行,608,1.84,11,2168300
983,2894,東証2部,石井食品(株),222,1.83,4,43000
984,3760,東証JQS,(株)ケイブ,1672,1.83,30,117300
985,4216,東証1部,旭有機材(株),1891,1.83,34,48600
986,4550,東証1部,日水製薬(株),1388,1.83,25,12200
987,4620,東証1部,藤倉化成(株),668,1.83,12,23800
988,4901,東証1部,富士フイルムホールディングス(株),4348,1.83,78,975800
989,5363,東証1部,(株)ＴＹＫ,446,1.83,8,221600
990,5969,東証2部,(株)ロブテックス,2780,1.83,50,100
991,6400,東証JQS,不二精機(株),501,1.83,9,214900
992,7314,東証JQS,(株)小田原機器,723,1.83,13,2400
993,8366,東証1部,(株)滋賀銀行,557,1.83,10,358000
994,8388,東証1部,(株)阿波銀行,722,1.83,13,572000
995,9413,東証1部,(株)テレビ東京ホールディングス,2944,1.83,53,60100
996,9957,東証1部,(株)バイテックホールディングス,1835,1.83,33,75600
997,5921,東証2部,川岸工業(株),952,1.82,17,10000
998,6089,東証1部,(株)ウィルグループ,1514,1.82,27,318700
999,6345,東証1部,(株)アイチコーポレーション,728,1.82,13,135600
1000,7180,東証1部,(株)九州フィナンシャルグループ,558,1.82,10,1201200
1001,8081,東証1部,(株)カナデン,1396,1.82,25,23200
1002,8282,東証1部,(株)ケーズホールディングス,3070,1.82,55,419100
1003,9310,東証1部,日本トランスシティ(株),447,1.82,8,23000
1004,9716,東証1部,(株)乃村工藝社,2187,1.82,39,83700
1005,4980,東証1部,デクセリアルズ(株),1238,1.81,22,434900
1006,6470,東証1部,大豊工業(株),1631,1.81,29,19900
1007,6730,東証1部,(株)アクセル,954,1.81,17,178100
1008,6899,東証2部,ＡＳＴＩ(株),3935,1.81,70,15200
1009,8237,東証1部,(株)松屋,1517,1.81,27,75100
1010,8423,東証1部,アクリーティブ(株),337,1.81,6,28000
1011,8613,東証1部,丸三証券(株),1013,1.81,18,163700
1012,9304,東証1部,澁澤倉庫(株),1853,1.81,33,12500
1013,1964,東証1部,中外炉工業(株),2826,1.80,50,24400
1014,3385,東証1部,(株)薬王堂,3960,1.80,70,74700
1015,7438,東証1部,コンドーテック(株),963,1.80,17,18600
1016,9068,東証1部,丸全昭和運輸(株),508,1.80,9,94000
1017,9099,東証1部,(株)Ｃ＆Ｆロジホールディングス,1469,1.80,26,22300
1018,1651,東証ETF,ダイワ 上場投信-TOPIX高配当40指数,1079,1.79,19,920
1019,1824,東証1部,前田建設工業(株),1249,1.79,22,833000
1020,3071,マザーズ,(株)ストリーム,114,1.79,2,36800
1021,3878,東証1部,(株)巴川製紙所,284,1.79,5,75000
1022,5333,東証1部,日本ガイシ(株),1935,1.79,34,1430000
1023,7839,東証1部,(株)ＳＨＯＥＩ,4555,1.79,80,46600
1024,8589,東証1部,(株)アプラスフィナンシャル,114,1.79,2,324300
1025,8967,東証,日本ロジスティクスファンド投資法人,210000,1.79,3700,4821
1026,9081,東証1部,神奈川中央交通(株),3705,1.79,65,4000
1027,2461,東証1部,(株)ファンコミュニケーションズ,745,1.78,13,356800
1028,2761,東証JQS,トシン・グループ(株),3715,1.78,65,500
1029,4401,東証1部,(株)ＡＤＥＫＡ,1947,1.78,34,106300
1030,4801,東証1部,セントラルスポーツ(株),3720,1.78,65,44900
1031,5185,東証1部,(株)フコク,1028,1.78,18,21700
1032,5331,東証1部,(株)ノリタケカンパニーリミテド,5140,1.78,90,28700
1033,6458,東証1部,新晃工業(株),1827,1.78,32,48500
1034,9058,東証1部,トランコム(株),6870,1.78,120,17600
1035,9739,東証1部,ＮＳＷ,3145,1.78,55,61000
1036,1364,東証ETF,ｉシェアーズ JPX日経400 ETF,15530,1.77,270,394
1037,2371,東証1部,(株)カカクコム,1899,1.77,33,920200
1038,3138,マザーズ,(株)富士山マガジンサービス,1095,1.77,19,3000
1039,3823,東証2部,(株)アクロディア,345,1.77,6,310100
1040,4994,東証1部,大成ラミック(株),3170,1.77,55,4900
1041,8090,東証1部,昭光通商(株),115,1.77,2,1131000
1042,8624,東証1部,いちよし証券(株),1265,1.77,22,112400
1043,8923,東証1部,トーセイ(株),1320,1.77,23,121300
1044,9470,東証1部,(株)学研ホールディングス,4605,1.77,80,16400
1045,1821,東証1部,三井住友建設(株),636,1.76,11,878800
1046,1931,東証2部,日本電通(株),4050,1.76,70,100
1047,1967,東証1部,(株)ヤマト,750,1.76,13,53800
1048,3086,東証1部,Ｊ．フロント　リテイリング(株),1913,1.76,33,921700
1049,3979,マザーズ,(株)うるる,2717,1.76,47,14100
1050,4093,東証1部,東邦アセチレン(株),1505,1.76,26,3100
1051,5695,東証JQS,パウダーテック(株),5190,1.76,90,100
1052,7271,東証1部,(株)安永,2377,1.76,41,65500
1053,8840,東証1部,(株)大京,2259,1.76,39,184300
1054,2904,東証1部,一正蒲鉾(株),1224,1.75,21,3200
1055,3110,東証1部,日東紡,2442,1.75,42,84500
1056,6073,東証1部,(株)アサンテ,1982,1.75,34,23200
1057,6218,東証1部,エンシュウ(株),174,1.75,3,583000
1058,6820,東証1部,アイコム(株),2734,1.75,47,28500
1059,8070,東証1部,東京産業(株),580,1.75,10,12100
1060,9831,東証1部,(株)ヤマダ電機,699,1.75,12,6205500
1061,1575,東証ETF,ChinaAMC CSI 300 Index ETF-JDR,703,1.74,12,10
1062,1698,東証ETF,上場インデックスファンド日本高配当,1866,1.74,32,1430
1063,1853,東証2部,(株)森組,644,1.74,11,358800
1064,3231,東証1部,野村不動産ホールディングス(株),2570,1.74,44,496100
1065,3922,マザーズ,(株)ＰＲ　ＴＩＭＥＳ,1929,1.74,33,48500
1066,6915,東証1部,千代田インテグレ(株),2462,1.74,42,12200
1067,7150,東証1部,(株)島根銀行,1401,1.74,24,4300
1068,7417,東証2部,(株)南陽,2402,1.74,41,10200
1069,8291,東証1部,日産東京販売ホールディングス(株),409,1.74,7,59800
1070,8424,東証1部,芙蓉総合リース(株),7030,1.74,120,44200
1071,9740,東証1部,ＣＳＰ,2744,1.74,47,18000
1072,9974,東証1部,(株)ベルク,5850,1.74,100,7100
1073,1346,東証ETF,MAXIS 日経225上場投信,22390,1.73,380,43810
1074,1808,東証1部,(株)長谷工コーポレーション,1587,1.73,27,1064700
1075,4041,東証1部,日本曹達(株),646,1.73,11,403000
1076,6858,東証1部,(株)小野測器,821,1.73,14,14100
1077,7607,東証1部,(株)進和,2239,1.73,38,9500
1078,7917,東証1部,藤森工業(株),3830,1.73,65,22000
1079,8897,東証1部,(株)タカラレーベン,470,1.73,8,820300
1080,9735,東証1部,セコム(株),7775,1.73,132,517800
1081,1308,東証ETF,上場インデックスファンドTOPIX,1778,1.72,30,176600
1082,1320,東証ETF,ダイワ 上場投信-日経225,22430,1.72,380,97285
1083,5741,東証1部,(株)ＵＡＣＪ,2607,1.72,44,347100
1084,6058,東証1部,(株)ベクトル,2308,1.72,39,359300
1085,6639,東証2部,(株)コンテック,1837,1.72,31,17700
1086,6937,東証1部,古河電池(株),1005,1.72,17,77900
1087,8043,東証1部,スターゼン(株),5330,1.72,90,25800
1088,9682,東証1部,(株)ＤＴＳ,3845,1.72,65,49200
1089,9793,東証1部,(株)ダイセキ,3015,1.72,51,69400
1090,1591,東証ETF,(NEXT FUNDS) JPX日経インデックス400,15450,1.71,260,12897
1091,1352,東証1部,(株)ホウスイ,1196,1.70,20,600
1092,1599,東証ETF,ダイワ 上場投信-JPX日経400,15590,1.70,260,135
1093,1911,東証1部,住友林業(株),1732,1.70,29,554100
1094,3526,東証1部,芦森工業(株),2268,1.70,38,37700
1095,6769,東証JQS,ザインエレクトロニクス(株),1079,1.70,18,43000
1096,7552,東証1部,(株)ハピネット,1617,1.70,27,169300
1097,1310,東証ETF,ダイワ 上場投信-トピックス･コア30,784,1.69,13,3220
1098,3477,マザーズ,フォーライフ(株),1750,1.69,29,1100
1099,4958,東証1部,長谷川香料(株),1980,1.69,33,34400
1100,6381,東証1部,アネスト岩田(株),1142,1.69,19,49400
1101,6837,東証JQS,(株)京写,482,1.69,8,27000
1102,7315,東証2部,ＩＪＴテクノロジーホールディングス(株),904,1.69,15,12400
1103,7623,東証JQS,(株)サンオータス,361,1.69,6,1200
1104,7775,東証1部,大研医器(株),782,1.69,13,78300
1105,8860,東証1部,フジ住宅(株),902,1.69,15,119600
1106,1311,東証ETF,TOPIXCore30連動型上場投資信託,787,1.68,13,1820
1107,1329,東証ETF,iシェアーズ日経225ETF,22360,1.68,370,17976
1108,4286,東証1部,(株)レッグス,1026,1.68,17,94500
1109,9424,東証1部,日本通信(株),121,1.68,2,2031200
1110,1321,東証ETF,日経225連動型上場投資信託,22460,1.67,370,489950
1111,1629,東証ETF,(NEXT FUNDS)商社･卸売上場投信,33450,1.67,550,25
1112,3544,東証1部,サツドラホールディングス(株),1945,1.67,32,4600
1113,5341,東証2部,アサヒ衛陶(株),244,1.67,4,393000
1114,8303,東証1部,(株)新生銀行,1707,1.67,28,1454200
1115,8903,東証JQS,(株)サンウッド,671,1.67,11,16000
1116,9843,東証1部,(株)ニトリホールディングス,18600,1.67,305,327300
1117,1433,東証1部,ベステラ(株),1774,1.66,29,23100
1118,3546,東証1部,ダイユー・リックホールディングス(株),1161,1.66,19,21400
1119,3995,マザーズ,(株)ＳＫＩＹＡＫＩ,6750,1.66,110,13500
1120,7201,東証1部,日産自動車(株),1130.5,1.66,18.5,14838800
1121,7780,東証1部,(株)メニコン,2578,1.66,42,90400
1122,7862,東証1部,トッパン・フォームズ(株),1225,1.66,20,102100
1123,7943,東証1部,ニチハ(株),3970,1.66,65,100000
1124,8088,東証1部,岩谷産業(株),3980,1.66,65,100600
1125,8142,東証1部,(株)トーホー,2390,1.66,39,7500
1126,1764,東証2部,工藤建設(株),2217,1.65,36,300
1127,1926,東証1部,ライト工業(株),1169,1.65,19,118400
1128,2174,東証1部,ＧＣＡ(株),926,1.65,15,81000
1129,3107,東証1部,ダイワボウホールディングス(株),4320,1.65,70,45200
1130,3978,東証1部,(株)マクロミル,3085,1.65,50,178400
1131,4031,東証1部,片倉コープアグリ(株),1292,1.65,21,31800
1132,4556,東証JQS,(株)カイノス,739,1.65,12,17500
1133,6164,東証JQS,(株)太陽工機,2710,1.65,44,4500
1134,6493,東証2部,日鍛バルブ(株),370,1.65,6,36600
1135,7291,東証1部,日本プラスト(株),987,1.65,16,107500
1136,2334,マザーズ,(株)イオレ,3100,1.64,50,10800
1137,4369,東証1部,(株)トリケミカル研究所,4965,1.64,80,62400
1138,6462,東証1部,(株)リケン,6190,1.64,100,17200
1139,6678,東証1部,(株)テクノメディカ,1987,1.64,32,4900
1140,7782,東証1部,(株)シンシア,683,1.64,11,49700
1141,7873,東証1部,(株)アーク,124,1.64,2,1753700
1142,7897,東証1部,ホクシン(株),186,1.64,3,32100
1143,7984,東証1部,コクヨ(株),2046,1.64,33,325200
1144,8285,東証1部,三谷産業(株),433,1.64,7,18600
1145,1369,東証ETF,One ETF 日経225,21850,1.63,350,2277
1146,3402,東証1部,東レ(株),1059.5,1.63,17,3771700
1147,4465,東証1部,(株)ニイタカ,1804,1.63,29,1800
1148,4619,東証1部,日本特殊塗料(株),2181,1.63,35,61500
1149,6113,東証1部,(株)アマダホールディングス,1373,1.63,22,2085700
1150,6543,東証JQS,(株)日宣,1810,1.63,29,3000
1151,6702,東証1部,富士通(株),648.5,1.63,10.4,13032000
1152,6985,東証1部,(株)ユーシン,749,1.63,12,72200
1153,7913,東証1部,図書印刷(株),995,1.63,16,13000
1154,8360,東証1部,(株)山梨中央銀行,436,1.63,7,147000
1155,8563,東証1部,(株)大東銀行,1307,1.63,21,6100
1156,9366,東証1部,(株)サンリツ,750,1.63,12,17400
1157,1305,東証ETF,ダイワ 上場投信-トピックス,1821,1.62,29,262920
1158,2307,東証JQS,(株)クロスキャット,1006,1.62,16,13500
1159,4687,東証1部,ＴＤＣソフト(株),1321,1.62,21,17100
1160,4755,東証1部,楽天(株),932.7,1.62,14.9,7626000
1161,5482,東証1部,愛知製鋼(株),4390,1.62,70,33800
1162,6266,東証JQS,タツモ(株),1761,1.62,28,71800
1163,6590,東証1部,芝浦メカトロニクス(株),502,1.62,8,457000
1164,6823,東証1部,リオン(株),2752,1.62,44,62900
1165,7769,東証1部,リズム時計工業(株),2326,1.62,37,3000
1166,8933,東証1部,ＮＴＴ都市開発(株),1317,1.62,21,239000
1167,3837,東証1部,アドソル日進(株),1323,1.61,21,26300
1168,3864,東証1部,三菱製紙(株),694,1.61,11,46500
1169,5186,東証1部,ニッタ(株),4090,1.61,65,26500
1170,5384,東証1部,(株)フジミインコーポレーテッド,2455,1.61,39,61600
1171,6495,東証2部,(株)宮入バルブ製作所,189,1.61,3,348800
1172,6941,東証1部,山一電機(株),1959,1.61,31,223300
1173,6958,東証1部,日本ＣＭＫ(株),885,1.61,14,240600
1174,7986,東証JQS,日本アイ・エス・ケイ(株),189,1.61,3,27000
1175,8365,東証1部,(株)富山銀行,3790,1.61,60,3800
1176,8793,東証1部,ＮＥＣキャピタルソリューション(株),2084,1.61,33,39000
1177,1554,東証ETF,上場インデックス世界株式(MSCI ACWI),2032,1.60,32,2390
1178,2198,東証1部,アイ・ケイ・ケイ(株),761,1.60,12,31000
1179,2685,東証1部,(株)アダストリア,2475,1.60,39,572300
1180,3003,東証1部,ヒューリック(株),1145,1.60,18,1113400
1181,3386,東証JQS,コスモ・バイオ(株),1079,1.60,17,5200
1182,5332,東証1部,ＴＯＴＯ(株),5720,1.60,90,470700
1183,7752,東証1部,(株)リコー,1143,1.60,18,3078600
1184,1394,東証ETF,UBS ETF 先進国株(MSCIワールド),22990,1.59,360,84
1185,3461,マザーズ,(株)パルマ,2880,1.59,45,3600
1186,6962,東証1部,(株)大真空,1402,1.59,22,19700
1187,7284,東証1部,盟和産業(株),1345,1.59,21,1800
1188,1306,東証ETF,TOPIX連動型上場投資信託,1796,1.58,28,2257130
1189,1384,東証1部,(株)ホクリヨウ,1346,1.58,21,17700
1190,2301,東証1部,(株)学情,1672,1.58,26,73700
1191,3768,東証2部,リスクモンスター(株),1418,1.58,22,31400
1192,4403,東証1部,日油(株),3015,1.58,47,397800
1193,4772,東証JQG,(株)デジタルアドベンチャー,386,1.58,6,38900
1194,6319,東証1部,(株)シンニッタン,900,1.58,14,8400
1195,6741,東証1部,日本信号(株),1030,1.58,16,173400
1196,8802,東証1部,三菱地所(株),1830.5,1.58,28.5,2687000
1197,8804,東証1部,東京建物(株),1607,1.58,25,939500
1198,1429,東証1部,(株)日本アクア,453,1.57,7,178000
1199,3286,マザーズ,トラストホールディングス(株),452,1.57,7,19500
1200,3288,東証1部,(株)オープンハウス,6450,1.57,100,216700
1201,4319,東証1部,ＴＡＣ(株),324,1.57,5,61300
1202,5187,東証1部,クリエートメディック(株),1161,1.57,18,11100
1203,5929,東証1部,三和ホールディングス(株),1424,1.57,22,470400
1204,6485,東証1部,前澤給装工業(株),1940,1.57,30,10800
1205,7011,東証1部,三菱重工業(株),4083,1.57,63,1277300
1206,7571,東証JQS,(株)ヤマノホールディングス,129,1.57,2,222300
1207,7729,東証1部,(株)東京精密,4520,1.57,70,110000
1208,8203,東証1部,(株)ＭｒＭａｘＨＤ,711,1.57,11,73100
1209,9072,東証1部,ニッコンホールディングス(株),2789,1.57,43,55800
1210,9687,東証JQS,(株)ＫＳＫ,1940,1.57,30,6500
1211,1478,東証ETF,iシェアーズ MSCI ジャパン高配当利回り ETF,2155,1.56,33,667
1212,2338,東証2部,(株)ファステップス,1368,1.56,21,886900
1213,4506,東証1部,大日本住友製薬(株),1688,1.56,26,1229100
1214,4657,東証JQS,(株)環境管理センター,457,1.56,7,19000
1215,4719,東証1部,(株)アルファシステムズ,2341,1.56,36,6100
1216,5212,東証JQS,不二硝子(株),585,1.56,9,300
1217,6545,マザーズ,(株)インターネットインフィニティー,2935,1.56,45,29600
1218,6834,東証JQS,(株)精工技研,1826,1.56,28,1600
1219,9501,東証1部,東京電力ホールディングス(株),390,1.56,6,7600700
1220,9717,東証1部,(株)ジャステック,1300,1.56,20,27000
1221,1720,東証1部,東急建設(株),1241,1.55,19,948500
1222,2044,東証ETF,NEXT NOTES S&P500 配当貴族(NR)ETN,12410,1.55,190,620
1223,2655,東証2部,マックスバリュ東北(株),1376,1.55,21,8500
1224,2778,東証JQS,パレモ・ホールディングス(株),590,1.55,9,100600
1225,3776,東証JQS,(株)ブロードバンドタワー,197,1.55,3,405500
1226,4722,東証1部,フューチャー(株),1376,1.55,21,249400
1227,4766,東証2部,(株)ピーエイ,196,1.55,3,11000
1228,6297,東証JQS,鉱研工業(株),588,1.55,9,15200
1229,6409,東証1部,(株)キトー,2031,1.55,31,113200
1230,8362,東証1部,(株)福井銀行,2490,1.55,38,14200
1231,2666,東証JQS,(株)オートウェーブ,132,1.54,2,259400
1232,5449,東証1部,大阪製鐵(株),2043,1.54,31,15200
1233,7298,東証JQS,八千代工業(株),1383,1.54,21,6200
1234,8074,東証1部,ユアサ商事(株),3625,1.54,55,33700
1235,9708,東証2部,(株)帝国ホテル,2177,1.54,33,7100
1236,9960,東証1部,東テク(株),2439,1.54,37,15400
1237,1377,東証1部,(株)サカタのタネ,3640,1.53,55,49200
1238,2370,マザーズ,(株)メディネット,133,1.53,2,6569500
1239,3054,東証JQS,(株)ハイパー,1595,1.53,24,106000
1240,4612,東証1部,日本ペイントホールディングス(株),4325,1.53,65,414400
1241,7979,東証1部,(株)松風,1462,1.53,22,17000
1242,8593,東証1部,三菱ＵＦＪリース(株),663,1.53,10,784000
1243,9376,東証JQS,(株)ユーラシア旅行社,598,1.53,9,900
1244,9401,東証1部,ＴＢＳホールディングス,2255,1.53,34,245000
1245,9437,東証1部,(株)ＮＴＴドコモ,2751.5,1.53,41.5,4796800
1246,9466,東証1部,(株)アイドママーケティングコミュニケーション,730,1.53,11,12200
1247,2162,東証JQS,ｎｍｓホールディングス(株),934,1.52,14,156900
1248,2805,東証2部,ヱスビー食品(株),10720,1.52,160,6500
1249,3328,東証1部,ＢＥＥＮＯＳ(株),1666,1.52,25,53900
1250,4044,東証1部,セントラル硝子(株),2399,1.52,36,81100
1251,5358,東証1部,イソライト工業(株),866,1.52,13,206200
1252,6772,東証2部,東京コスモス電機(株),268,1.52,4,16000
1253,7823,東証1部,(株)アートネイチャー,735,1.52,11,17600
1254,1397,東証ETF,SMAM 日経225上場投信,22200,1.51,330,1
1255,1475,東証ETF,iシェアーズ TOPIX ETF,1752,1.51,26,19737
1256,1592,東証ETF,上場インデックス JPX日経インデックス400,1408,1.51,21,29041
1257,2692,東証1部,伊藤忠食品(株),6050,1.51,90,6200
1258,6862,東証JQS,ミナトホールディングス(株),539,1.51,8,135400
1259,7455,東証1部,(株)三城ホールディングス,539,1.51,8,42100
1260,7809,東証JQS,(株)壽屋,2750,1.51,41,8300
1261,8157,東証2部,都築電気(株),939,1.51,14,23300
1262,8260,東証1部,(株)井筒屋,403,1.51,6,33000
1263,1627,東証ETF,(NEXT FUNDS)電力･ガス上場投信,6780,1.50,100,90
1264,3109,東証1部,シキボウ(株),1353,1.50,20,67100
1265,3521,東証1部,エコナックホールディングス(株),135,1.50,2,1036400
1266,4290,東証1部,(株)プレステージ・インターナショナル,1283,1.50,19,138600
1267,4521,東証1部,科研製薬(株),6110,1.50,90,119100
1268,4708,東証1部,りらいあコミュニケーションズ(株),1350,1.50,20,136100
1269,5020,東証1部,ＪＸＴＧホールディングス(株),655.2,1.50,9.7,12343000
1270,6306,東証1部,日工(株),2364,1.50,35,5100
1271,6340,東証1部,澁谷工業(株),4050,1.50,60,34400
1272,8418,東証1部,(株)山口フィナンシャルグループ,1285,1.50,19,535000
1273,9753,東証JQS,アイエックス・ナレッジ(株),609,1.50,9,43000
1274,1386,東証ETF,UBS ETF 欧州株(MSCIヨーロッパ),8180,1.49,120,33
1275,1593,東証ETF,MAXIS JPX日経インデックス400上場投信,15680,1.49,230,1355
1276,3222,東証1部,ユナイテッド・スーパーマーケット・ホールディングス(株),1092,1.49,16,110100
1277,7215,東証1部,(株)ファルテック,1431,1.49,21,9000
1278,7717,東証1部,(株)ブイ・テクノロジー,30700,1.49,450,383300
1279,7965,東証1部,象印マホービン(株),1361,1.49,20,330300
1280,8242,東証1部,エイチ・ツー・オー　リテイリング(株),1973,1.49,29,281600
1281,9719,東証1部,ＳＣＳＫ(株),4415,1.49,65,205700
1282,9842,東証1部,アークランドサカモト(株),1773,1.49,26,76100
1283,1348,東証ETF,MAXIS トピックス上場投信,1785,1.48,26,103440
1284,3515,東証JQS,(株)フジコー,3780,1.48,55,1700
1285,5644,東証2部,(株)メタルアート,412,1.48,6,6000
1286,6309,東証1部,巴工業(株),1984,1.48,29,8800
1287,7416,東証1部,(株)はるやまホールディングス,1099,1.48,16,17800
1288,7532,東証1部,(株)ドンキホーテホールディングス,6170,1.48,90,293900
1289,7966,東証1部,リンテック(株),3080,1.48,45,126700
1290,8028,東証1部,ユニー・ファミリーマートホールディングス(株),8240,1.48,120,554600
1291,8037,東証1部,カメイ(株),1513,1.48,22,30300
1292,9691,東証JQS,(株)両毛システムズ,1711,1.48,25,2200
1293,9706,東証1部,日本空港ビルデング(株),4110,1.48,60,217300
1294,1643,東証ETF,ダイワ 上場投信･TOPIX-17情報･サービス,22110,1.47,320,25
1295,1658,東証ETF,iシェアーズ･コア MSCI 新興国株 ETF,2143,1.47,31,2282
1296,4245,東証1部,(株)ダイキアクシス,1515,1.47,22,52200
1297,4544,東証1部,みらかホールディングス(株),4150,1.47,60,135800
1298,6479,東証1部,ミネベアミツミ(株),2418,1.47,35,2283300
1299,7456,東証1部,松田産業(株),1865,1.47,27,42600
1300,7643,東証JQS,(株)ダイイチ,1379,1.47,20,5000
1301,7822,東証1部,永大産業(株),552,1.47,8,21000
1302,8278,東証1部,(株)フジ,2214,1.47,32,34300
1303,9362,東証2部,兵機海運(株),1799,1.47,26,22200
1304,1879,東証1部,新日本建設(株),1114,1.46,16,143700
1305,2112,東証1部,塩水港精糖(株),278,1.46,4,123800
1306,3059,東証2部,ヒラキ(株),1320,1.46,19,4000
1307,4684,東証1部,(株)オービック,9030,1.46,130,103400
1308,5943,東証1部,(株)ノーリツ,1880,1.46,27,48800
1309,6146,東証1部,(株)ディスコ,26350,1.46,380,176100
1310,7211,東証1部,三菱自動車(株),762,1.46,11,5546600
1311,7963,東証JQS,興研(株),1806,1.46,26,10200
1312,8350,東証1部,(株)みちのく銀行,1805,1.46,26,39000
1313,3912,東証1部,(株)モバイルファクトリー,1399,1.45,20,144900
1314,4237,東証JQS,フジプレアム(株),349,1.45,5,65000
1315,4243,東証JQS,(株)ニックス,982,1.45,14,2100
1316,6335,東証1部,(株)東京機械製作所,561,1.45,8,24000
1317,6965,東証1部,浜松ホトニクス(株),4205,1.45,60,298000
1318,7261,東証1部,マツダ(株),1397.5,1.45,20,4973200
1319,7279,東証2部,(株)ハイレックスコーポレーション,2873,1.45,41,4100
1320,7731,東証1部,(株)ニコン,2092,1.45,30,1120700
1321,3421,東証1部,(株)稲葉製作所,1342,1.44,19,6600
1322,4307,東証1部,(株)野村総合研究所,4925,1.44,70,556200
1323,4337,東証1部,ぴあ(株),5620,1.44,80,20900
1324,4549,東証1部,栄研化学(株),4920,1.44,70,42100
1325,4987,東証2部,(株)寺岡製作所,773,1.44,11,16200
1326,5444,東証1部,大和工業(株),3170,1.44,45,103200
1327,6062,東証2部,(株)チャーム・ケア・コーポレーション,2256,1.44,32,103700
1328,6859,東証1部,エスペック(株),2675,1.44,38,90800
1329,8194,東証1部,(株)ライフコーポレーション,2880,1.44,41,22900
1330,8226,東証2部,(株)理経,211,1.44,3,112400
1331,8255,東証1部,アクシアル　リテイリング(株),4240,1.44,60,20600
1332,8544,東証1部,(株)京葉銀行,494,1.44,7,277000
1333,8630,東証1部,ＳＯＭＰＯホールディングス(株),4147,1.44,59,1121700
1334,9983,東証1部,(株)ファーストリテイリング,43010,1.44,610,778600
1335,1663,東証1部,Ｋ＆Ｏエナジーグループ(株),1635,1.43,23,26300
1336,1835,東証1部,東鉄工業(株),3555,1.43,50,96000
1337,3201,東証1部,ニッケ,1066,1.43,15,45500
1338,3845,東証JQS,(株)アイフリークモバイル,284,1.43,4,343500
1339,4732,東証1部,(株)ユー・エス・エス,2195,1.43,31,492200
1340,6518,東証JQS,三相電機(株),1556,1.43,22,600
1341,7601,東証1部,(株)ポプラ,853,1.43,12,6200
1342,7779,マザーズ,ＣＹＢＥＲＤＹＮＥ(株),1558,1.43,22,717800
1343,1948,東証2部,(株)弘電社,3925,1.42,55,1400
1344,3153,東証1部,八洲電機(株),859,1.42,12,10600
1345,4845,東証1部,(株)スカラ,857,1.42,12,446500
1346,5852,東証1部,(株)アーレスティ,1002,1.42,14,170600
1347,6955,東証2部,ＦＤＫ(株),215,1.42,3,558000
1348,8425,東証1部,興銀リース(株),2850,1.42,40,139800
1349,9029,東証2部,(株)ヒガシトゥエンティワン,428,1.42,6,2100
1350,9759,東証1部,(株)ＮＳＤ,2211,1.42,31,71300
1351,1885,東証1部,東亜建設工業(株),2161,1.41,30,68100
1352,2914,東証1部,ＪＴ,3022,1.41,42,5879200
1353,5302,東証1部,日本カーボン(株),5750,1.41,80,229700
1354,5381,東証JQS,Ｍｉｐｏｘ(株),721,1.41,10,171900
1355,5413,東証1部,日新製鋼(株),1366,1.41,19,481300
1356,5802,東証1部,住友電気工業(株),1651.5,1.41,23,2948600
1357,8274,東証1部,(株)東武ストア,3020,1.41,42,7200
1358,8304,東証1部,(株)あおぞら銀行,4305,1.41,60,546900
1359,3139,東証1部,(株)ラクト・ジャパン,3630,1.40,50,37600
1360,3194,東証1部,(株)キリン堂ホールディングス,1810,1.40,25,11700
1361,3487,東証,CREロジスティクスファンド投資法人,109000,1.40,1500,1187
1362,3927,マザーズ,(株)アークン,1227,1.40,17,216800
1363,4977,東証1部,新田ゼラチン(株),797,1.40,11,24300
1364,6662,東証JQS,(株)ユビテック,436,1.40,6,10900
1365,8130,東証1部,(株)サンゲツ,2175,1.40,30,208600
1366,3224,マザーズ,(株)ゼネラル・オイスター,1528,1.39,21,5000
1367,3271,東証1部,(株)ＴＨＥグローバル社,873,1.39,12,112100
1368,3445,東証1部,(株)ＲＳ　Ｔｅｃｈｎｏｌｏｇｉｅｓ,7300,1.39,100,63700
1369,3751,東証1部,日本アジアグループ(株),583,1.39,8,245600
1370,3756,東証1部,(株)豆蔵ホールディングス,1167,1.39,16,147900
1371,6278,東証1部,ユニオンツール(株),4025,1.39,55,23600
1372,6924,東証1部,岩崎電気(株),1680,1.39,23,20500
1373,7846,東証1部,(株)パイロットコーポレーション,5840,1.39,80,39400
1374,8077,東証1部,小林産業(株),366,1.39,5,18000
1375,9537,東証2部,北陸ガス(株),3280,1.39,45,3500
1376,1549,東証ETF,上場インデックスファンドNifty50先物,1399,1.38,19,1210
1377,1882,東証1部,東亜道路工業(株),4050,1.38,55,9800
1378,2342,マザーズ,(株)トランスジェニック,516,1.38,7,105000
1379,2742,東証1部,(株)ハローズ,2416,1.38,33,8800
1380,4526,東証1部,理研ビタミン(株),4030,1.38,55,7500
1381,4902,東証1部,コニカミノルタ(株),958,1.38,13,2906300
1382,6185,マザーズ,ソネット・メディア・ネットワークス(株),5130,1.38,70,8500
1383,6465,東証1部,ホシザキ(株),9530,1.38,130,183800
1384,7970,東証1部,信越ポリマー(株),1177,1.38,16,191700
1385,8628,東証1部,松井証券(株),1032,1.38,14,587300
1386,2264,東証1部,森永乳業(株),4435,1.37,60,185800
1387,4116,東証1部,大日精化工業(株),4800,1.37,65,10500
1388,4310,東証1部,(株)ドリームインキュベータ,2588,1.37,35,13900
1389,4531,東証1部,有機合成薬品工業(株),295,1.37,4,19700
1390,4829,東証1部,日本エンタープライズ(株),222,1.37,3,41500
1391,6815,東証1部,ユニデンホールディングス(株),295,1.37,4,519000
1392,8244,東証1部,(株)近鉄百貨店,3710,1.37,50,18600
1393,9619,東証1部,(株)イチネンホールディングス,1484,1.37,20,24200
1394,9987,東証1部,(株)スズケン,4425,1.37,60,163500
1395,1657,東証ETF,iシェアーズ･コア MSCI 先進国株(除く日本)ETF,2085,1.36,28,1110
1396,2033,東証ETF,NEXT NOTES 韓国KOSPI･ダブル･ブルETN,14140,1.36,190,29
1397,2437,東証JQS,Ｓｈｉｎｗａ　Ｗｉｓｅ　Ｈｏｌｄｉｎｇｓ(株),374,1.36,5,50100
1398,3321,東証1部,ミタチ産業(株),1491,1.36,20,50700
1399,5985,東証1部,サンコール(株),747,1.36,10,37600
1400,7518,東証1部,ネットワンシステムズ(株),1489,1.36,20,777900
1401,8151,東証1部,(株)東陽テクニカ,967,1.36,13,35600
1402,8416,東証1部,(株)高知銀行,1341,1.36,18,9400
1403,9629,東証1部,ピー・シー・エー(株),1793,1.36,24,4100
1404,9760,東証1部,(株)進学会ホールディングス,595,1.36,8,10300
1405,1624,東証ETF,(NEXT FUNDS)機械上場投信,37450,1.35,500,1
1406,1625,東証ETF,(NEXT FUNDS)電機･精密上場投信,20220,1.35,270,79
1407,2651,東証1部,(株)ローソン,6760,1.35,90,558800
1408,3283,東証,日本プロロジスリート投資法人,225400,1.35,3000,33562
1409,4335,東証JQS,(株)アイ・ピー・エス,599,1.35,8,10400
1410,6478,東証2部,ダイベア(株),827,1.35,11,4200
1411,6723,東証1部,ルネサスエレクトロニクス(株),1202,1.35,16,4520600
1412,7718,東証1部,スター精密(株),2173,1.35,29,185000
1413,7898,東証1部,(株)ウッドワン,1427,1.35,19,5700
1414,8007,東証1部,高島(株),2259,1.35,30,6500
1415,9073,東証JQS,京極運輸商事(株),450,1.35,6,300
1416,9507,東証1部,四国電力(株),1200,1.35,16,515300
1417,9681,東証1部,(株)東京ドーム,974,1.35,13,233200
1418,1941,東証1部,(株)中電工,3030,1.34,40,107400
1419,2046,東証ETF,NEXT NOTES インドNifty･ダブル・ブル ETN,9800,1.34,130,515
1420,2481,東証JQS,(株)タウンニュース社,455,1.34,6,12200
1421,6271,東証2部,(株)ニッセイ,1366,1.34,18,700
1422,6976,東証1部,太陽誘電(株),1893,1.34,25,2235500
1423,8841,東証1部,(株)テーオーシー,829,1.34,11,73400
1424,9903,東証JQS,(株)カンセキ,1134,1.34,15,1700
1425,2449,東証JQS,(株)プラップジャパン,1450,1.33,19,16500
1426,3452,東証1部,(株)ビーロット,2903,1.33,38,34200
1427,3840,東証2部,パス(株),152,1.33,2,72300
1428,4114,東証1部,(株)日本触媒,7630,1.33,100,103500
1429,6189,東証1部,(株)グローバルグループ,1371,1.33,18,16100
1430,6363,東証1部,(株)酉島製作所,992,1.33,13,14300
1431,6517,東証1部,デンヨー(株),1898,1.33,25,21700
1432,6967,東証1部,新光電気工業(株),835,1.33,11,497700
1433,7999,東証1部,ＭＵＴＯＨホールディングス(株),2433,1.33,32,9000
1434,8529,東証1部,(株)第三銀行,1597,1.33,21,30700
1435,9264,東証JQS,ポエック(株),4945,1.33,65,36900
1436,9433,東証1部,ＫＤＤＩ(株),2700.5,1.33,35.5,5390200
1437,9474,東証1部,(株)ゼンリン,3440,1.33,45,197000
1438,1865,東証1部,青木あすなろ建設(株),996,1.32,13,31100
1439,2134,東証JQS,燦キャピタルマネージメント(株),77,1.32,1,899900
1440,2802,東証1部,味の素(株),1964.5,1.32,25.5,1174100
1441,3571,東証1部,(株)ソトー,1076,1.32,14,12900
1442,4187,東証1部,大阪有機化学工業(株),1536,1.32,20,68100
1443,6920,東証1部,レーザーテック(株),4590,1.32,60,507200
1444,7504,東証1部,(株)高速,1226,1.32,16,24500
1445,7702,東証1部,(株)ＪＭＳ,616,1.32,8,10500
1446,7908,東証1部,ＫＩＭＯＴＯ,385,1.32,5,589400
1447,8008,東証1部,４℃ホールディングス,2756,1.32,36,65500
1448,1848,東証2部,(株)富士ピー・エス,776,1.31,10,38400
1449,3023,東証1部,ラサ商事(株),928,1.31,12,23100
1450,3371,東証1部,(株)ソフトクリエイトホールディングス,1470,1.31,19,12300
1451,4957,東証2部,ヤスハラケミカル(株),772,1.31,10,600
1452,5301,東証1部,東海カーボン(株),1698,1.31,22,4703300
1453,6284,東証1部,日精エー・エス・ビー機械(株),7720,1.31,100,70000
1454,6293,東証1部,日精樹脂工業(株),1622,1.31,21,92700
1455,8144,東証2部,(株)電響社,1621,1.31,21,1000
1456,8186,東証JQS,(株)大塚家具,617,1.31,8,30700
1457,8729,東証1部,ソニーフィナンシャルホールディングス(株),1932,1.31,25,531100
1458,9728,東証1部,日本管財(株),2095,1.31,27,57400
1459,9768,東証1部,いであ(株),1086,1.31,14,3300
1460,4008,東証1部,住友精化(株),5460,1.30,70,16000
1461,5009,東証1部,富士興産(株),625,1.30,8,14300
1462,6312,東証JQS,フロイント産業(株),934,1.30,12,79100
1463,7487,東証1部,小津産業(株),2182,1.30,28,4800
1464,9052,東証1部,山陽電気鉄道(株),2720,1.30,35,55600
1465,1867,東証1部,(株)植木組,2670,1.29,34,2800
1466,2349,東証JQS,(株)エヌアイデイ,3520,1.29,45,300
1467,2749,東証1部,(株)ＪＰホールディングス,315,1.29,4,118300
1468,2930,東証1部,(株)北の達人コーポレーション,708,1.29,9,885000
1469,4716,東証1部,日本オラクル(株),8630,1.29,110,201500
1470,6989,東証1部,北陸電気工業(株),1576,1.29,20,20500
1471,7891,東証JQS,日本ユピカ(株),2127,1.29,27,1100
1472,7981,東証1部,タカラスタンダード(株),1808,1.29,23,60300
1473,8202,東証2部,ラオックス(株),548,1.29,7,187100
1474,9531,東証1部,東京ガス(株),2630.5,1.29,33.5,730700
1475,9763,東証1部,丸紅建材リース(株),235,1.29,3,52000
1476,1770,東証JQS,藤田エンジニアリング(株),869,1.28,11,3900
1477,2427,東証1部,(株)アウトソーシング,1983,1.28,25,1163500
1478,2678,東証1部,アスクル(株),3945,1.28,50,136400
1479,3252,東証1部,日本商業開発(株),1825,1.28,23,42100
1480,4204,東証1部,積水化学工業(株),1893,1.28,24,1776300
1481,6364,東証1部,北越工業(株),1264,1.28,16,40000
1482,7463,東証1部,(株)アドヴァン,1027,1.28,13,28500
1483,7912,東証1部,大日本印刷(株),2215,1.28,28,556700
1484,8084,東証1部,菱電商事(株),1817,1.28,23,17200
1485,8254,東証2部,(株)さいか屋,473,1.28,6,900
1486,9090,東証1部,(株)丸和運輸機関,3555,1.28,45,85300
1487,9675,東証1部,常磐興産(株),1901,1.28,24,9400
1488,1621,東証ETF,(NEXT FUNDS)医薬品上場投信,22410,1.27,280,10
1489,1783,東証JQS,(株)アジアゲートホールディングス,80,1.27,1,106900
1490,2503,東証1部,キリンホールディングス(株),2902.5,1.27,36.5,2791200
1491,3794,東証2部,エヌ・デーソフトウェア(株),1115,1.27,14,2600
1492,4107,東証2部,伊勢化学工業(株),795,1.27,10,46000
1493,4636,東証1部,(株)Ｔ＆Ｋ　ＴＯＫＡ,1360,1.27,17,24600
1494,6676,東証1部,(株)メルコホールディングス,3595,1.27,45,15100
1495,6706,東証1部,電気興業(株),3195,1.27,40,13400
1496,7538,東証2部,(株)大水,320,1.27,4,17200
1497,1884,東証1部,日本道路(株),5610,1.26,70,15000
1498,3673,東証1部,(株)ブロードリーフ,1121,1.26,14,316300
1499,8012,東証1部,長瀬産業(株),1847,1.26,23,140900
1500,9436,東証JQS,沖縄セルラー電話(株),4020,1.26,50,4400
1501,1498,東証ETF,One ETF ESG,13000,1.25,160,2
1502,2286,東証1部,林兼産業(株),808,1.25,10,11600
1503,5471,東証1部,大同特殊鋼(株),5690,1.25,70,180100
1504,6701,東証1部,ＮＥＣ,3245,1.25,40,919800
1505,6796,東証1部,クラリオン(株),323,1.25,4,1644000
1506,7169,東証JQS,(株)ニュートン・フィナンシャル・コンサルティング,2194,1.25,27,5400
1507,8056,東証1部,日本ユニシス(株),2344,1.25,29,442600
1508,1577,東証ETF,(NEXT FUNDS)野村日本株高配当70連動型ETF,25330,1.24,310,195
1509,2492,東証1部,(株)インフォマート,1064,1.24,13,890000
1510,3299,東証1部,(株)ムゲンエステート,1307,1.24,16,124500
1511,3320,東証2部,クロスプラス(株),895,1.24,11,8100
1512,3663,東証2部,アートスパークホールディングス(株),1139,1.24,14,32500
1513,4151,東証1部,協和発酵キリン(株),2210,1.24,27,808500
1514,5999,東証JQS,イハラサイエンス(株),2612,1.24,32,18900
1515,9405,東証1部,朝日放送(株),899,1.24,11,21900
1516,3918,東証1部,ＰＣＩホールディングス(株),3280,1.23,40,39200
1517,4671,東証1部,(株)ファルコホールディングス,1813,1.23,22,17100
1518,4767,東証1部,(株)テー・オー・ダブリュー,906,1.23,11,56500
1519,5610,東証2部,大和重工(株),165,1.23,2,17000
1520,6460,東証1部,セガサミーホールディングス(株),1643,1.23,20,1691100
1521,7570,東証1部,橋本総業ホールディングス(株),1725,1.23,21,12300
1522,7711,東証JQS,助川電気工業(株),1153,1.23,14,32500
1523,8117,東証2部,中央自動車工業(株),1650,1.23,20,6900
1524,1994,東証JQS,高橋カーテンウォール工業(株),999,1.22,12,23600
1525,3634,マザーズ,(株)ソケッツ,1416,1.22,17,5500
1526,4186,東証1部,東京応化工業(株),4150,1.22,50,226200
1527,4345,東証1部,(株)シーティーエス,830,1.22,10,114700
1528,4809,東証1部,パラカ(株),2320,1.22,28,11000
1529,4956,東証1部,コニシ(株),1740,1.22,21,22800
1530,5476,東証1部,日本高周波鋼業(株),828,1.22,10,40200
1531,6488,東証JQS,(株)ヨシタケ,1166,1.22,14,1500
1532,6853,東証1部,(株)共和電業,414,1.22,5,41500
1533,7297,東証JQS,(株)カーメイト,1242,1.22,15,10700
1534,7918,東証1部,(株)ヴィア・ホールディングス,745,1.22,9,63100
1535,9070,東証1部,トナミホールディングス(株),5790,1.22,70,7800
1536,9303,東証1部,(株)住友倉庫,745,1.22,9,226000
1537,9504,東証1部,中国電力(株),1244,1.22,15,846200
1538,9962,東証1部,(株)ミスミグループ本社,2906,1.22,35,586100
1539,1376,東証1部,カネコ種苗(株),1591,1.21,19,4300
1540,1810,東証1部,松井建設(株),835,1.21,10,17000
1541,2127,東証1部,(株)日本Ｍ＆Ａセンター,7520,1.21,90,467300
1542,3101,東証1部,東洋紡(株),2096,1.21,25,260200
1543,3640,東証1部,(株)電算,2585,1.21,31,5600
1544,3946,東証1部,(株)トーモク,2091,1.21,25,6500
1545,4502,東証1部,武田薬品工業(株),5686,1.21,68,2134100
1546,4926,東証1部,(株)シーボン,3345,1.21,40,2900
1547,7167,東証1部,(株)めぶきフィナンシャルグループ,419,1.21,5,2324300
1548,7613,東証1部,シークス(株),5020,1.21,60,95800
1549,9820,東証JQS,エムティジェネックス(株),2010,1.21,24,1600
1550,1976,東証1部,明星工業(株),758,1.20,9,102500
1551,2410,東証1部,(株)キャリアデザインセンター,2020,1.20,24,28200
1552,2659,東証1部,(株)サンエー,5900,1.20,70,58900
1553,3171,東証JQS,マックスバリュ九州(株),2359,1.20,28,2500
1554,3280,東証1部,(株)エストラスト,929,1.20,11,6500
1555,3443,東証1部,川田テクノロジーズ(株),5880,1.20,70,43500
1556,3880,東証1部,大王製紙(株),1520,1.20,18,175200
1557,3998,マザーズ,(株)すららネット,5050,1.20,60,90100
1558,4970,東証JQS,東洋合成工業(株),1602,1.20,19,47400
1559,7447,東証1部,ナガイレーベン(株),2868,1.20,34,12600
1560,8798,東証1部,(株)アドバンスクリエイト,2018,1.20,24,23100
1561,9946,東証1部,ミニストップ(株),2116,1.20,25,34500
1562,4615,東証1部,神東塗料(株),256,1.19,3,17100
1563,7269,東証1部,スズキ(株),5793,1.19,68,1043200
1564,7514,東証1部,(株)ヒマラヤ,1280,1.19,15,9700
1565,8182,東証1部,(株)いなげや,1783,1.19,21,10800
1566,9832,東証1部,(株)オートバックスセブン,2044,1.19,24,198000
1567,2204,東証1部,(株)中村屋,4730,1.18,55,8700
1568,2332,東証JQS,(株)クエスト,944,1.18,11,1900
1569,2418,東証1部,(株)ツカダ・グローバルホールディング,600,1.18,7,49800
1570,2602,東証1部,日清オイリオグループ(株),2915,1.18,34,94800
1571,3151,東証1部,(株)バイタルケーエスケー・ホールディングス,1031,1.18,12,33300
1572,3435,東証2部,サンコーテクノ(株),1369,1.18,16,8800
1573,4222,東証2部,児玉化学工業(株),171,1.18,2,625000
1574,4973,東証1部,日本高純度化学(株),2563,1.18,30,8400
1575,6086,マザーズ,シンメンテホールディングス(株),2313,1.18,27,13500
1576,6327,東証JQS,北川精機(株),599,1.18,7,549900
1577,6367,東証1部,ダイキン工業(株),12025,1.18,140,705900
1578,6591,東証2部,西芝電機(株),172,1.18,2,24200
1579,7277,東証1部,(株)ＴＢＫ,515,1.18,6,38700
1580,7889,東証JQS,(株)桑山,598,1.18,7,2000
1581,8935,東証1部,(株)ＦＪネクスト,860,1.18,10,110500
1582,9602,東証1部,東宝(株),3435,1.18,40,214600
1583,9792,東証1部,(株)ニチイ学館,1118,1.18,13,120500
1584,3289,東証1部,東急不動産ホールディングス(株),775,1.17,9,1171400
1585,4736,東証JQS,日本ラッド(株),1122,1.17,13,39500
1586,6786,東証2部,(株)ＲＶＨ,518,1.17,6,31200
1587,6857,東証1部,(株)アドバンテスト,2337,1.17,27,3184300
1588,7741,東証1部,ＨＯＹＡ(株),5556,1.17,64,625600
1589,7888,東証2部,三光合成(株),689,1.17,8,118000
1590,8038,東証1部,東都水産(株),1988,1.17,23,2700
1591,8309,東証1部,三井住友トラスト・ホールディングス(株),4413,1.17,51,1632400
1592,9107,東証1部,川崎汽船(株),2513,1.17,29,455900
1593,2269,東証1部,明治ホールディングス(株),7870,1.16,90,530600
1594,3031,東証1部,(株)ラクーン,611,1.16,7,204700
1595,3744,東証2部,サイオス(株),697,1.16,8,21500
1596,4217,東証1部,日立化成(株),2345,1.16,27,812600
1597,4231,東証1部,タイガースポリマー(株),873,1.16,10,13400
1598,4999,東証2部,セメダイン(株),958,1.16,11,6400
1599,6484,東証JQS,(株)ＫＶＫ,1737,1.16,20,3400
1600,7871,東証2部,フクビ化学工業(株),870,1.16,10,2900
1601,9024,東証1部,(株)西武ホールディングス,1829,1.16,21,1172900
1602,2317,東証1部,(株)システナ,4385,1.15,50,85900
1603,2362,東証JQS,(株)夢真ホールディングス,1227,1.15,14,267900
1604,3733,東証JQS,(株)ソフトウェア・サービス,7900,1.15,90,27400
1605,4406,東証1部,新日本理化(株),264,1.15,3,235500
1606,4551,東証1部,鳥居薬品(株),2807,1.15,32,13400
1607,6151,東証1部,日東工器(株),3085,1.15,35,30300
1608,6809,東証1部,ＴＯＡ(株),1405,1.15,16,29300
1609,7605,東証1部,(株)フジ・コーポレーション,2633,1.15,30,11400
1610,7857,東証JQS,セキ(株),1585,1.15,18,400
1611,1494,東証ETF,One ETF 高配当日本株,19560,1.14,220,1
1612,1612,東証ETF,ダイワ 上場投信-東証銀行業株価指数,177,1.14,2,700
1613,2206,東証1部,江崎グリコ(株),5330,1.14,60,278200
1614,3863,東証1部,日本製紙(株),2032,1.14,23,311500
1615,6617,東証1部,(株)東光高岳,1689,1.14,19,39300
1616,9685,東証JQS,ＫＹＣＯＭホールディングス(株),355,1.14,4,7000
1617,9696,東証JQS,(株)ウィザス,443,1.14,5,17800
1618,9742,東証1部,(株)アイネス,1061,1.14,12,35000
1619,1584,東証ETF,KODEXサムスングループ株上場指数投資信託,715,1.13,8,20
1620,1956,東証1部,ＮＤＳ(株),4475,1.13,50,5900
1621,4633,東証1部,サカタインクス(株),1428,1.13,16,224700
1622,4974,東証1部,タカラバイオ(株),2060,1.13,23,623700
1623,4997,東証1部,日本農薬(株),626,1.13,7,189600
1624,6093,東証1部,(株)エスクロー・エージェント・ジャパン,449,1.13,5,338800
1625,7466,東証1部,ＳＰＫ(株),2943,1.13,33,1100
1626,8725,東証1部,ＭＳ＆ＡＤインシュアランスグループホールディングス(株),3325,1.13,37,1294000
1627,8806,東証1部,ダイビル(株),1255,1.13,14,114500
1628,9506,東証1部,東北電力(株),1348,1.13,15,722800
1629,1493,東証ETF,One ETF JPX日経中小型,15380,1.12,170,311
1630,1730,東証JQS,麻生フオームクリート(株),630,1.12,7,7400
1631,1805,東証1部,飛島建設(株),181,1.12,2,1346100
1632,4272,東証1部,日本化薬(株),1360,1.12,15,567700
1633,4919,東証1部,(株)ミルボン,4500,1.12,50,95000
1634,5563,東証1部,新日本電工(株),360,1.12,4,2394600
1635,6059,東証1部,(株)ウチヤマホールディングス,633,1.12,7,39600
1636,7628,東証1部,(株)オーハシテクニカ,1723,1.12,19,10400
1637,7709,東証1部,クボテック(株),544,1.12,6,16000
1638,7914,東証1部,共同印刷(株),3160,1.12,35,10100
1639,8087,東証1部,フルサト工業(株),1813,1.12,20,11100
1640,8249,東証2部,(株)テクノアソシエ,1350,1.12,15,700
1641,9036,東証JQS,東部ネットワーク(株),1169,1.12,13,100
1642,9066,東証1部,(株)日新,2810,1.12,31,15100
1643,9306,東証1部,東陽倉庫(株),360,1.12,4,43500
1644,9601,東証1部,松竹(株),14440,1.12,160,37000
1645,1617,東証ETF,(NEXT FUNDS)食品上場投信,31950,1.11,350,60
1646,2499,東証2部,日本和装ホールディングス(株),455,1.11,5,51700
1647,3242,東証JQS,(株)アーバネットコーポレーション,364,1.11,4,29800
1648,8044,東証2部,大都魚類(株),1275,1.11,14,8700
1649,8276,東証1部,(株)平和堂,2466,1.11,27,73900
1650,8566,東証1部,リコーリース(株),3645,1.11,40,128000
1651,9509,東証1部,北海道電力(株),639,1.11,7,916700
1652,9513,東証1部,Ｊ−ＰＯＷＥＲ,2650,1.11,29,431800
1653,1916,東証1部,日成ビルド工業(株),1288,1.10,14,132200
1654,4541,東証1部,日医工(株),1652,1.10,18,250300
1655,4847,東証JQS,(株)インテリジェント　ウェイブ,550,1.10,6,106500
1656,5542,東証JQS,新報国製鉄(株),2210,1.10,24,16600
1657,6178,東証1部,日本郵政(株),1284,1.10,14,5665300
1658,9503,東証1部,関西電力(株),1242.5,1.10,13.5,1466700
1659,9533,東証1部,東邦ガス(株),3025,1.10,33,185200
1660,1861,東証1部,(株)熊谷組,3250,1.09,35,356300
1661,3433,東証1部,トーカロ(株),1386,1.09,15,234900
1662,3951,東証2部,朝日印刷(株),1304,1.09,14,5500
1663,5445,東証1部,東京鐵鋼(株),1571,1.09,17,20400
1664,7481,東証1部,尾家産業(株),1294,1.09,14,2900
1665,9021,東証1部,西日本旅客鉄道(株),7394,1.09,80,385200
1666,9087,東証JQS,タカセ(株),2035,1.09,22,100
1667,1762,東証1部,(株)高松コンストラクショングループ,2987,1.08,32,25000
1668,3401,東証1部,帝人(株),2060,1.08,22,1048700
1669,3444,東証JQS,(株)菊池製作所,843,1.08,9,14700
1670,4768,東証1部,(株)大塚商会,10310,1.08,110,198600
1671,4825,東証1部,(株)ウェザーニューズ,3290,1.08,35,14600
1672,7591,東証1部,(株)エクセル,2714,1.08,29,8100
1673,8772,東証1部,(株)アサックス,1875,1.08,20,1400
1674,1813,東証1部,(株)不動テトラ,189,1.07,2,1994400
1675,2048,東証ETF,NEXT NOTES 野村日本株高配当70(ドルH、NR)ETN,10410,1.07,110,32
1676,2379,東証1部,ディップ(株),3315,1.07,35,351200
1677,2586,マザーズ,(株)フルッタフルッタ,659,1.07,7,1100
1678,3360,東証1部,シップヘルスケアホールディングス(株),3780,1.07,40,66900
1679,5367,東証1部,(株)ニッカトー,1041,1.07,11,56800
1680,7578,東証JQS,(株)ニチリョク,1888,1.07,20,1000
1681,7860,東証1部,エイベックス(株),1611,1.07,17,104600
1682,8089,東証1部,すてきナイスグループ(株),1421,1.07,15,4100
1683,9532,東証1部,大阪ガス(株),2022,1.07,21.5,815200
1684,1893,東証1部,五洋建設(株),766,1.06,8,1128100
1685,2151,東証1部,(株)タケエイ,1237,1.06,13,72100
1686,2734,東証1部,(株)サーラコーポレーション,669,1.06,7,82100
1687,4673,東証JQS,川崎地質(株),475,1.06,5,2000
1688,5104,東証2部,日東化工(株),766,1.06,8,2900
1689,5216,東証JQS,(株)倉元製作所,190,1.06,2,49700
1690,6061,東証JQS,(株)ユニバーサル園芸社,1904,1.06,20,1700
1691,6871,東証1部,(株)日本マイクロニクス,1045,1.06,11,299400
1692,7701,東証1部,(株)島津製作所,2859,1.06,30,1010700
1693,8929,東証2部,(株)青山財産ネットワークス,1720,1.06,18,55000
1694,9351,東証1部,東洋埠頭(株),1714,1.06,18,3700
1695,2065,東証ETF,NEXT NOTES 日本株配当貴族（ドルH、NR）ETN,11580,1.05,120,1767
1696,2784,東証1部,アルフレッサ　ホールディングス(株),2396,1.05,25,302700
1697,2910,東証1部,(株)ロック・フィールド,2109,1.05,22,72000
1698,3396,東証1部,(株)フェリシモ,1250,1.05,13,6500
1699,3577,東証1部,東海染工(株),1534,1.05,16,5100
1700,5380,東証JQS,新東(株),2799,1.05,29,100
1701,7721,東証1部,東京計器(株),1150,1.05,12,79500
1702,8999,東証1部,グランディハウス(株),480,1.05,5,111400
1703,1739,東証JQG,シード平和(株),1935,1.04,20,5200
1704,2372,東証1部,(株)アイロムグループ,3015,1.04,31,311700
1705,3630,東証1部,(株)電算システム,1940,1.04,20,9000
1706,4304,東証JQS,(株)Ｅストアー,973,1.04,10,8800
1707,4623,東証2部,(株)アサヒペン,195,1.04,2,19000
1708,5262,東証1部,日本ヒューム(株),775,1.04,8,23600
1709,6035,東証2部,(株)アイ・アールジャパンホールディングス,2242,1.04,23,28200
1710,6480,東証1部,日本トムソン(株),874,1.04,9,326100
1711,8140,東証1部,(株)リョーサン,3870,1.04,40,33000
1712,9003,東証1部,相鉄ホールディングス(株),2827,1.04,29,98600
1713,9020,東証1部,東日本旅客鉄道(株),9850,1.04,101,681900
1714,9633,東証1部,東京テアトル(株),1452,1.04,15,15300
1715,1622,東証ETF,(NEXT FUNDS)自動車･輸送機上場投信,22630,1.03,230,85
1716,1969,東証1部,高砂熱学工業(株),1955,1.03,20,86900
1717,3944,東証2部,古林紙工(株),2748,1.03,28,100
1718,4228,東証1部,積水化成品工業(株),1172,1.03,12,108500
1719,4574,東証1部,大幸薬品(株),2153,1.03,22,18000
1720,4676,東証1部,(株)フジ・メディア・ホールディングス,1863,1.03,19,560400
1721,5990,東証JQS,(株)スーパーツール,490,1.03,5,23000
1722,6776,東証2部,天昇電気工業(株),391,1.03,4,10000
1723,6866,東証1部,ＨＩＯＫＩ(株),3435,1.03,35,17800
1724,6911,東証1部,新日本無線(株),883,1.03,9,135100
1725,7426,東証JQS,(株)山大,1466,1.03,15,200
1726,7561,東証1部,(株)ハークスレイ,1075,1.03,11,9200
1727,7877,東証JQS,永大化工(株),392,1.03,4,21000
1728,9535,東証1部,広島ガス(株),394,1.03,4,38100
1729,1803,東証1部,清水建設(株),993,1.02,10,2348100
1730,1888,東証1部,若築建設(株),1677,1.02,17,33600
1731,1925,東証1部,大和ハウス工業(株),3949,1.02,40,978500
1732,3093,東証1部,(株)トレジャー・ファクトリー,790,1.02,8,16400
1733,3249,東証,産業ファンド投資法人,118300,1.02,1200,3536
1734,3636,東証1部,(株)三菱総合研究所,3470,1.02,35,7100
1735,6457,東証1部,グローリー(株),3965,1.02,40,112400
1736,9062,東証1部,日本通運(株),6930,1.02,70,176200
1737,9475,東証1部,(株)昭文社,794,1.02,8,10600
1738,3861,東証1部,王子ホールディングス(株),703,1.01,7,1902000
1739,3895,東証JQS,ハビックス(株),996,1.01,10,4000
1740,4699,東証JQS,ウチダエスコ(株),1600,1.01,16,2000
1741,5947,東証1部,リンナイ(株),9980,1.01,100,117100
1742,6165,東証1部,パンチ工業(株),1296,1.01,13,200900
1743,6316,東証1部,(株)丸山製作所,1898,1.01,19,5400
1744,6373,東証1部,大同工業(株),1501,1.01,15,15900
1745,7847,東証JQS,(株)グラファイトデザイン,603,1.01,6,7700
1746,8537,東証1部,(株)大光銀行,2307,1.01,23,3800
1747,9005,東証1部,東京急行電鉄(株),1703,1.01,17,815200
1748,9625,東証JQS,(株)セレスポ,1505,1.01,15,10400
1749,2687,東証1部,(株)シー・ヴイ・エス・ベイエリア,707,1.00,7,7800
1750,4972,東証JQS,綜研化学(株),3035,1.00,30,30800
1751,5940,東証2部,不二サッシ(株),101,1.00,1,682500
1752,7619,東証1部,田中商事(株),704,1.00,7,37800
1753,2229,東証1部,カルビー(株),3555,0.99,35,287300
1754,3341,東証1部,日本調剤(株),3580,0.99,35,36100
1755,3488,東証,ザイマックス・リート投資法人,112200,0.99,1100,2761
1756,3626,東証1部,ＴＩＳ(株),4065,0.99,40,187300
1757,4764,東証JQG,ＳＡＭＵＲＡＩ＆Ｊ　ＰＡＲＴＮＥＲＳ(株),305,0.99,3,60700
1758,5807,東証1部,東京特殊電線(株),3555,0.99,35,26800
1759,6694,東証JQS,(株)ズーム,2355,0.99,23,5700
1760,6988,東証1部,日東電工(株),8703,0.99,85,1032500
1761,8185,東証1部,(株)チヨダ,2662,0.99,26,36600
1762,8905,東証1部,イオンモール(株),2244,0.99,22,308300
1763,9022,東証1部,東海旅客鉄道(株),19870,0.99,195,289300
1764,1878,東証1部,大東建託(株),18095,0.98,175,351800
1765,2139,東証1部,(株)中広,719,0.98,7,6200
1766,2170,東証1部,(株)リンクアンドモチベーション,1139,0.98,11,670000
1767,2737,東証1部,(株)トーメンデバイス,2791,0.98,27,4700
1768,3561,マザーズ,(株)力の源ホールディングス,1949,0.98,19,54500
1769,6625,東証JQS,ＪＡＬＣＯホールディングス(株),103,0.98,1,174300
1770,7177,東証JQS,ＧＭＯフィナンシャルホールディングス(株),720,0.98,7,91300
1771,8066,東証2部,三谷商事(株),5150,0.98,50,2800
1772,8521,東証1部,(株)長野銀行,1864,0.98,18,5400
1773,8904,東証1部,(株)サンヨーハウジング名古屋,1231,0.98,12,12000
1774,9031,東証1部,西日本鉄道(株),2771,0.98,27,70300
1775,9380,東証1部,東海運(株),412,0.98,4,7100
1776,9782,東証JQS,(株)ディーエムエス,1553,0.98,15,10600
1777,9829,東証JQS,(株)ながの東急百貨店,207,0.98,2,5000
1778,9856,東証1部,(株)ケーユーホールディングス,1133,0.98,11,4600
1779,9906,東証JQS,藤井産業(株),1750,0.98,17,1200
1780,1840,東証2部,(株)土屋ホールディングス,209,0.97,2,20200
1781,1981,東証JQS,(株)協和日成,829,0.97,8,300
1782,3131,東証JQS,シンデン・ハイテックス(株),3640,0.97,35,34200
1783,3551,東証1部,ダイニック(株),1040,0.97,10,5200
1784,3841,東証JQS,(株)ジーダット,1247,0.97,12,1800
1785,4680,東証1部,(株)ラウンドワン,1667,0.97,16,867400
1786,7740,東証1部,(株)タムロン,2382,0.97,23,65200
1787,1541,東証ETF,純プラチナ上場信託(現物国内保管型),3165,0.96,30,7171
1788,1726,東証1部,(株)ビーアールホールディングス,419,0.96,4,234000
1789,1814,東証1部,大末建設(株),1050,0.96,10,12400
1790,3068,東証JQS,(株)ＷＤＩ,1680,0.96,16,14400
1791,3175,東証1部,(株)エー・ピーカンパニー,842,0.96,8,8500
1792,6145,東証JQS,日特エンジニアリング(株),4215,0.96,40,142500
1793,6925,東証1部,ウシオ電機(株),1468,0.96,14,198200
1794,7305,東証1部,新家工業(株),2305,0.96,22,9200
1795,7746,東証JQS,岡本硝子(株),210,0.96,2,182000
1796,8358,東証1部,スルガ銀行(株),1677,0.96,16,1807100
1797,9869,東証1部,加藤産業(株),3665,0.96,35,27600
1798,3390,東証JQS,ＩＮＥＳＴ(株),106,0.95,1,703500
1799,3639,東証1部,(株)ボルテージ,957,0.95,9,40900
1800,4966,東証2部,上村工業(株),8530,0.95,80,2900
