0,33d2b,20180202,1840
1,4664,東証JQS,ＲＳＣ,02/02,1600,4719200,17880,263.937
2,4335,東証JQS,(株)アイ・ピー・エス,02/02,718,488400,8740,55.881
3,7446,東証JQS,東北化学薬品(株),02/02,791,74000,3000,24.667
4,2385,マザーズ,(株)総医研ホールディングス,02/02,682,6683200,272940,24.486
5,1387,東証ETF,UBS ETF 欧州通貨圏株(MSCI EMU),02/02,17320,70,3,23.333
6,4777,東証JQS,(株)ガーラ,02/02,419,2193100,95740,22.907
7,2045,東証ETF,NEXT NOTES S&P シンガポール リート(NR)ETN,02/02,11990,199,9,22.743
8,2345,東証2部,アイスタディ(株),02/02,2015,195600,9140,21.400
9,3371,東証1部,(株)ソフトクリエイトホールディングス,02/02,1765,250900,12420,20.201
10,1487,東証ETF,上場インデックスファンド米国債券(H有),02/02,17990,176,16,11.234
11,2309,東証1部,シミックホールディングス(株),02/02,2457,374000,34440,10.859
12,1457,東証ETF,ダイワ 上場投信-TOPIXインバース（-1倍）,02/02,7110,506,50,10.120
13,4293,東証JQS,(株)セプテーニ・ホールディングス,02/02,406,4738400,484200,9.786
14,3687,東証1部,(株)フィックスターズ,02/02,7030,1388400,146840,9.455
15,9312,東証1部,ケイヒン(株),02/02,1815,116900,12440,9.397
16,1631,東証ETF,(NEXT FUNDS)銀行上場投信,02/02,12660,2112,237,8.919
17,4228,東証1部,積水化成品工業(株),02/02,1253,690300,78920,8.747
18,6032,東証1部,(株)インターワークス,02/02,1224,380100,45760,8.306
19,5729,東証2部,日本精鉱(株),02/02,4150,37200,4740,7.848
20,5476,東証1部,日本高周波鋼業(株),02/02,902,741800,94760,7.828
21,2459,東証2部,アウンコンサルティング(株),02/02,313,123000,15740,7.814
22,3842,東証JQG,(株)ネクストジェン,02/02,2398,94200,12360,7.621
23,9929,東証2部,平和紙業(株),02/02,833,971800,130000,7.475
24,7241,東証1部,フタバ産業(株),02/02,1186,2120800,294820,7.194
25,4783,東証JQS,日本コンピュータ・ダイナミクス(株),02/02,1617,1333000,187560,7.107
26,1599,東証ETF,ダイワ 上場投信-JPX日経400,02/02,16650,3553,518,6.862
27,7901,東証JQS,(株)マツモト,02/02,3540,1200,175,6.857
28,6670,東証2部,(株)ＭＣＪ,02/02,1324,2047800,301100,6.801
29,3409,東証2部,北日本紡績(株),02/02,1206,84200,12960,6.497
30,1726,東証1部,(株)ビーアールホールディングス,02/02,499,583300,89820,6.494
31,9517,東証1部,イーレックス(株),02/02,946,4765100,734000,6.492
32,1388,東証ETF,UBS ETF 欧州通貨圏小型株(MSCI EMU小型株),02/02,14370,96,15,6.486
33,1398,東証ETF,SMAM 東証REIT指数上場投信,02/02,1763,1740,270,6.444
34,9385,東証JQG,(株)ショーエイコーポレーション,02/02,1090,161800,25720,6.291
35,9853,東証JQS,(株)銀座ルノアール,02/02,1034,26300,4200,6.262
36,6345,東証1部,(株)アイチコーポレーション,02/02,763,1186900,191720,6.191
37,4976,東証JQS,東洋ドライルーブ(株),02/02,6530,32000,5340,5.993
38,5857,東証1部,アサヒホールディングス(株),02/02,2374,1781300,300340,5.931
39,7214,東証1部,ＧＭＢ(株),02/02,2033,321100,54740,5.866
40,6050,東証1部,イー・ガーディアン(株),02/02,3165,1406200,243400,5.777
41,4739,東証1部,伊藤忠テクノソリューションズ(株),02/02,4630,1250700,220280,5.678
42,5695,東証JQS,パウダーテック(株),02/02,5880,26600,4780,5.565
43,5446,東証2部,北越メタル(株),02/02,1490,15800,2840,5.563
44,4107,東証2部,伊勢化学工業(株),02/02,715,212000,38200,5.550
45,8686,東証1部外国,アフラック,02/02,9770,1300,238,5.474
46,3672,東証1部,(株)オルトプラス,02/02,1065,3284900,606660,5.415
47,2317,東証1部,(株)システナ,02/02,4570,492500,92460,5.327
48,6629,東証JQS,テクノホライゾン・ホールディングス(株),02/02,918,8884100,1689680,5.258
49,7938,東証JQS,(株)リーガルコーポレーション,02/02,3000,4700,900,5.222
50,5482,東証1部,愛知製鋼(株),02/02,4800,229700,44860,5.120
51,8256,東証JQS,(株)プロルート丸光,02/02,252,1403700,275940,5.087
52,9739,東証1部,ＮＳＷ,02/02,2975,335400,67160,4.994
53,7518,東証1部,ネットワンシステムズ(株),02/02,1864,4377400,877180,4.990
54,6167,東証1部,冨士ダイス(株),02/02,1249,195700,39680,4.932
55,5352,東証1部,黒崎播磨(株),02/02,5710,323000,65640,4.921
56,7752,東証1部,(株)リコー,02/02,1223,15053200,3080720,4.886
57,5966,東証2部,ＫＴＣ(株),02/02,2095,3700,760,4.868
58,4364,東証2部,マナック(株),02/02,658,61300,12840,4.774
59,4275,東証1部,カーリットホールディングス(株),02/02,1275,1625100,345100,4.709
60,6467,東証JQS,(株)ニチダイ,02/02,1797,4937900,1048960,4.707
61,7250,東証1部,太平洋工業(株),02/02,1532,873600,189020,4.622
62,6157,東証1部,日進工具(株),02/02,3475,208600,45480,4.587
63,6029,東証1部,アトラ(株),02/02,714,55300,12080,4.578
64,5697,東証2部,(株)サンユウ,02/02,830,506600,111780,4.532
65,1656,東証ETF,iシェアーズ･コア　米国債7-10年 ETF,02/02,2361,5108,1143,4.469
66,9849,東証JQS,(株)共同紙販ホールディングス,02/02,472,8000,1800,4.444
67,3328,東証1部,ＢＥＥＮＯＳ(株),02/02,1666,958900,216000,4.439
68,6952,東証1部,カシオ計算機(株),02/02,1572,7859600,1784780,4.404
69,1736,東証JQS,(株)オーテック,02/02,1799,16600,3800,4.368
70,1498,東証ETF,One ETF ESG,02/02,13940,41,9,4.362
71,5903,東証JQS,ＳＨＩＮＰＯ(株),02/02,1508,108700,25340,4.290
72,8118,東証1部,(株)キング,02/02,673,105100,25040,4.197
73,2229,東証1部,カルビー(株),02/02,3645,1883700,459200,4.102
74,8020,東証1部,兼松(株),02/02,1571,1085600,266220,4.078
75,9059,東証2部,カンダホールディングス(株),02/02,1483,53800,13220,4.070
76,6972,東証2部,エルナー(株),02/02,113,2067000,511800,4.039
77,3816,東証JQS,(株)大和コンピューター,02/02,1430,7400,1880,3.936
78,3580,東証1部,小松精練(株),02/02,1000,421100,107320,3.924
79,6237,東証2部,(株)イワキ,02/02,4030,25300,6500,3.892
80,2220,東証1部,亀田製菓(株),02/02,5180,133000,34280,3.880
81,2820,東証JQS,(株)やまみ,02/02,3000,42200,10880,3.879
82,9351,東証1部,東洋埠頭(株),02/02,1836,35100,9260,3.790
83,7863,東証JQS,(株)平賀,02/02,534,118800,31460,3.776
84,3756,東証1部,(株)豆蔵ホールディングス,02/02,1406,408500,109200,3.741
85,1380,東証JQS,(株)秋川牧園,02/02,726,4100,1100,3.727
86,2480,東証JQS,システム・ロケーション(株),02/02,1489,2600,700,3.714
87,9733,東証JQS,(株)ナガセ,02/02,4365,1100,300,3.667
88,9014,東証1部,新京成電鉄(株),02/02,2244,28800,7860,3.664
89,4695,東証2部,(株)マイスターエンジニアリング,02/02,1090,116000,31660,3.664
90,9360,東証2部,鈴与シンワート(株),02/02,851,3000,820,3.659
91,6635,東証JQS,(株)大日光・エンジニアリング,02/02,816,4400,1240,3.548
92,8056,東証1部,日本ユニシス(株),02/02,2343,1321600,373880,3.535
93,2372,東証1部,(株)アイロムグループ,02/02,1929,705500,200520,3.518
94,5268,東証2部,旭コンクリート工業(株),02/02,739,24200,6920,3.497
95,2652,東証2部,(株)まんだらけ,02/02,662,33000,9580,3.445
96,7282,東証1部,豊田合成(株),02/02,2734,893600,260060,3.436
97,2046,東証ETF,NEXT NOTES インドNifty･ダブル・ブル ETN,02/02,11340,6987,2055,3.400
98,9600,東証1部,(株)アイネット,02/02,1798,54100,15920,3.398
99,4356,東証JQS,応用技術(株),02/02,790,15000,4440,3.378
100,2349,東証JQS,(株)エヌアイデイ,02/02,3775,11200,3320,3.373
101,6319,東証1部,(株)シンニッタン,02/02,868,47200,14100,3.348
102,1369,東証ETF,One ETF 日経225,02/02,23280,4457,1340,3.326
103,3306,東証2部,日本製麻(株),02/02,463,15300,4640,3.297
104,2811,東証1部,カゴメ(株),02/02,3875,782400,237880,3.289
105,6563,マザーズ,(株)みらいワークス,02/02,8880,101500,30900,3.285
106,6653,東証2部,(株)正興電機製作所,02/02,1140,6300,1920,3.281
107,5186,東証1部,ニッタ(株),02/02,4545,134900,41440,3.255
108,4784,東証JQS,ＧＭＯアドパートナーズ(株),02/02,504,37600,11580,3.247
109,5406,東証1部,(株)神戸製鋼所,02/02,1212,32569900,10102500,3.224
110,6659,東証JQS,(株)メディアリンクス,02/02,455,32200,10180,3.163
111,2342,マザーズ,(株)トランスジェニック,02/02,586,546700,174220,3.138
112,2461,東証1部,(株)ファンコミュニケーションズ,02/02,852,1003800,321040,3.127
113,6551,マザーズ,(株)ツナグ・ソリューションズ,02/02,1597,63500,20400,3.113
114,3282,東証,コンフォリア・レジデンシャル投資法人,02/02,244000,9040,2932,3.083
115,3125,東証2部,新内外綿(株),02/02,1038,4600,1500,3.067
116,7621,東証JQS,(株)うかい,02/02,3825,12300,4020,3.060
117,4754,東証JQS,(株)トスネット,02/02,1239,34700,11360,3.055
118,4768,東証1部,(株)大塚商会,02/02,9770,750400,246420,3.045
119,6486,東証1部,イーグル工業(株),02/02,2132,307300,101220,3.036
120,4556,東証JQS,(株)カイノス,02/02,799,472000,155840,3.029
121,7709,東証1部,クボテック(株),02/02,596,61900,20440,3.028
122,8732,東証1部,(株)マネーパートナーズグループ,02/02,404,1041100,344780,3.020
123,7509,東証JQS,アイエーグループ(株),02/02,3900,1500,500,3.000
124,8301,東証,日本銀行,02/02,37100,1000,333,3.000
125,1906,東証JQS,(株)細田工務店,02/02,152,59000,19920,2.962
126,3471,東証,三井不動産ロジスティクスパーク投資法人,02/02,367500,8781,2968,2.959
127,3238,東証2部,セントラル総合開発(株),02/02,348,568200,192460,2.952
128,6061,東証JQS,(株)ユニバーサル園芸社,02/02,2000,8300,2820,2.943
129,1439,東証JQS,(株)安江工務店,02/02,1540,50500,17260,2.926
130,5757,東証2部,(株)ＣＫサンエツ,02/02,5110,19900,6820,2.918
131,6026,マザーズ,ＧＭＯ　ＴＥＣＨ(株),02/02,3720,15200,5220,2.912
132,2412,東証2部,(株)ベネフィット・ワン,02/02,2878,531600,182660,2.910
133,4282,東証1部,ＥＰＳホールディングス(株),02/02,2447,288300,99280,2.904
134,4585,マザーズ,(株)ＵＭＮファーマ,02/02,535,574500,197900,2.903
135,3116,東証1部,トヨタ紡織(株),02/02,2421,1011800,349540,2.895
136,2464,東証1部,(株)ビジネス・ブレークスルー,02/02,546,729200,252660,2.886
137,3370,東証JQS,(株)フジタコーポレーション,02/02,2350,110000,38120,2.886
138,2186,東証JQS,ソーバル(株),02/02,1310,25200,8740,2.883
139,7297,東証JQS,(株)カーメイト,02/02,1686,161200,56300,2.863
140,7456,東証1部,松田産業(株),02/02,2090,57400,20080,2.859
141,4920,東証JQS,(株)日本色材工業研究所,02/02,6900,3700,1300,2.846
142,7908,東証1部,ＫＩＭＯＴＯ,02/02,457,7051200,2482600,2.840
143,1935,東証2部,(株)ＴＴＫ,02/02,658,47000,16600,2.831
144,8789,マザーズ,フィンテック　グローバル(株),02/02,106,1863300,660520,2.821
145,9358,東証1部,(株)宇徳,02/02,530,76900,27360,2.811
146,2806,東証2部,ユタカフーズ(株),02/02,2144,4100,1460,2.808
147,7231,東証1部,トピー工業(株),02/02,3575,168400,60440,2.786
148,6172,マザーズ,(株)メタップス,02/02,2580,1027200,369440,2.780
149,3041,東証2部,(株)ビューティ花壇,02/02,317,18400,6640,2.771
150,8699,東証JQS,澤田ホールディングス(株),02/02,1134,21100,7620,2.769
151,9728,東証1部,日本管財(株),02/02,2112,91400,33040,2.766
152,8031,東証1部,三井物産(株),02/02,2031,19020100,6902180,2.756
153,7283,東証1部,愛三工業(株),02/02,1438,512700,186200,2.753
154,3974,東証JQS,(株)ティビィシィ・スキヤツト,02/02,1530,4100,1500,2.733
155,6303,東証2部,(株)ササクラ,02/02,2983,6400,2360,2.712
156,4298,東証JQS,(株)プロトコーポレーション,02/02,1819,75100,27700,2.711
157,3224,マザーズ,(株)ゼネラル・オイスター,02/02,1530,57900,21380,2.708
158,1773,東証1部外国,ＹＴＬ,02/02,44,40000,14800,2.703
159,5189,東証2部,櫻護謨(株),02/02,558,22000,8200,2.683
160,6035,東証2部,(株)アイ・アールジャパンホールディングス,02/02,2389,218200,81780,2.668
161,9268,東証2部,(株)オプティマスグループ,02/02,2626,164100,62100,2.643
162,4875,東証JQS,メディシノバ,02/02,1135,1821300,689560,2.641
163,7841,東証JQS,(株)遠藤製作所,02/02,833,53200,20180,2.636
164,9063,東証2部,岡山県貨物運送(株),02/02,350,53000,20200,2.624
165,4410,東証1部,ハリマ化成グループ(株),02/02,975,124200,47580,2.610
166,3966,マザーズ,(株)ユーザベース,02/02,1716,422200,162280,2.602
167,7942,東証1部,(株)ＪＳＰ,02/02,3335,191300,73800,2.592
168,4902,東証1部,コニカミノルタ(株),02/02,1037,8676100,3417400,2.539
169,3919,東証1部,パイプドＨＤ(株),02/02,1480,118800,47080,2.523
170,3556,マザーズ,リネットジャパングループ(株),02/02,615,292700,116320,2.516
171,6550,マザーズ,Ｆｒｉｎｇｅ８１(株),02/02,4400,30000,11960,2.508
172,8157,東証2部,都築電気(株),02/02,944,72000,28800,2.500
173,9311,東証2部,アサガミ(株),02/02,4970,500,200,2.500
174,4112,東証1部,保土谷化学工業(株),02/02,5410,361100,145160,2.488
175,9964,東証JQS,(株)アイ・テック,02/02,1874,18500,7460,2.480
176,5355,東証2部,日本ルツボ(株),02/02,328,208000,84400,2.464
177,5195,東証1部,バンドー化学(株),02/02,1315,89300,36260,2.463
178,3632,東証1部,グリー(株),02/02,709,4176300,1705800,2.448
179,1997,東証JQS,暁飯島工業(株),02/02,1525,10400,4280,2.430
180,1967,東証1部,(株)ヤマト,02/02,985,200600,83040,2.416
181,3695,マザーズ,ＧＭＯリサーチ(株),02/02,2331,8200,3400,2.412
182,8938,東証JQG,ＬＣホールディングス(株),02/02,1974,13200,5480,2.409
183,6971,東証1部,京セラ(株),02/02,7007,3149600,1309760,2.405
184,9082,東証2部,大和自動車交通(株),02/02,2022,144800,60420,2.397
185,3994,マザーズ,(株)マネーフォワード,02/02,3460,259500,108320,2.396
186,5413,東証1部,日新製鋼(株),02/02,1664,1698600,711800,2.386
187,8586,東証1部,日立キャピタル(株),02/02,3180,592700,248760,2.383
188,7628,東証1部,(株)オーハシテクニカ,02/02,1805,41300,17340,2.382
189,4519,東証1部,中外製薬(株),02/02,5670,1862800,784800,2.374
190,2512,東証ETF,(NEXT FUNDS)外国債券・シティ世界国債(除く日本・H有),02/02,987,2210,932,2.371
191,7426,東証JQS,(株)山大,02/02,1735,3600,1520,2.368
192,7259,東証1部,アイシン精機(株),02/02,6680,1438900,610980,2.355
193,7945,東証2部,コマニー(株),02/02,1555,5300,2260,2.345
194,8891,東証2部,(株)エムジーホーム,02/02,1485,24000,10260,2.339
195,1696,東証ETF,ETFS とうもろこし上場投資信託,02/02,97,18800,8040,2.338
196,4342,東証2部,セコム上信越(株),02/02,4340,4300,1840,2.337
197,4952,東証2部,(株)エス・ディー・エス　バイオテック,02/02,983,6900,2960,2.331
198,2170,東証1部,(株)リンクアンドモチベーション,02/02,1001,1443000,620380,2.326
199,6875,東証1部,(株)メガチップス,02/02,3705,1017600,443860,2.293
200,8174,東証1部,日本瓦斯(株),02/02,4960,344300,150580,2.286
201,4316,東証JQG,(株)ビーマップ,02/02,1567,209200,91580,2.284
202,9872,東証2部,北恵(株),02/02,822,29000,12740,2.276
203,1782,東証JQS,常磐開発(株),02/02,8680,1000,440,2.273
204,4310,東証1部,(株)ドリームインキュベータ,02/02,2754,111600,49140,2.271
205,3624,マザーズ,アクセルマーク(株),02/02,1410,227700,101120,2.252
206,7962,東証1部,(株)キングジム,02/02,1018,68800,30860,2.229
207,6995,東証1部,(株)東海理化,02/02,2443,732700,329420,2.224
208,9969,東証2部,(株)ショクブン,02/02,385,20400,9180,2.222
209,5998,東証1部,(株)アドバネクス,02/02,4160,20300,9140,2.221
210,7874,東証1部,レック(株),02/02,3375,124600,56400,2.209
211,6554,マザーズ,(株)エスユーエス,02/02,4835,58300,26440,2.205
212,7922,東証JQS,三光産業(株),02/02,516,16800,7620,2.205
213,2796,東証1部,ファーマライズホールディングス(株),02/02,609,13500,6140,2.199
214,4771,東証JQS,(株)エフアンドエム,02/02,1367,73300,33660,2.178
215,9202,東証1部,ＡＮＡホールディングス(株),02/02,4344,3595400,1652000,2.176
216,2325,東証1部,(株)ＮＪＳ,02/02,1641,30600,14060,2.176
217,2388,東証JQG,(株)ウェッジホールディングス,02/02,328,211800,97320,2.176
218,9306,東証1部,東陽倉庫(株),02/02,349,68200,31340,2.176
219,3550,マザーズ,(株)スタジオアタオ,02/02,2963,53900,24840,2.170
220,3660,東証1部,(株)アイスタイル,02/02,1112,1491600,688740,2.166
221,5021,東証1部,コスモエネルギーホールディングス(株),02/02,4365,1324700,612260,2.164
222,6402,東証2部,兼松エンジニアリング(株),02/02,1710,12200,5640,2.163
223,3804,東証JQS,(株)システム　ディ,02/02,1216,82500,38200,2.160
224,4528,東証1部,小野薬品工業(株),02/02,2787,3846800,1794880,2.143
225,2831,東証2部,はごろもフーズ(株),02/02,1386,5000,2333,2.143
226,9906,東証JQS,藤井産業(株),02/02,1855,6300,2940,2.143
227,2768,東証1部,双日(株),02/02,366,18422500,8600200,2.142
228,6555,マザーズ,(株)ＭＳ＆Ｃｏｎｓｕｌｔｉｎｇ,02/02,1323,260200,122640,2.122
229,6082,東証1部,(株)ライドオンエクスプレスホールディングス,02/02,1075,106500,50260,2.119
230,2816,東証2部,(株)ダイショー,02/02,1412,5800,2740,2.117
231,7150,東証1部,(株)島根銀行,02/02,1428,26400,12480,2.115
232,6433,東証JQS,ヒーハイスト精工(株),02/02,901,453500,214440,2.115
233,4318,東証1部,(株)クイック,02/02,1927,253500,120260,2.108
234,8747,東証JQS,豊商事(株),02/02,329,2000,950,2.105
235,6558,マザーズ,クックビズ(株),02/02,3750,59500,28300,2.102
236,8194,東証1部,(株)ライフコーポレーション,02/02,2930,73800,35200,2.097
237,5992,東証1部,中央発條(株),02/02,3775,8700,4160,2.091
238,6615,東証1部,ユー・エム・シー・エレクトロニクス(株),02/02,3300,103200,49460,2.087
239,6643,東証2部,(株)戸上電機製作所,02/02,2449,18800,9020,2.084
240,2183,東証1部,(株)リニカル,02/02,1641,125800,60360,2.084
241,6058,東証1部,(株)ベクトル,02/02,2371,909400,436360,2.084
242,5939,東証JQS,(株)大谷工業,02/02,3900,500,240,2.083
243,5985,東証1部,サンコール(株),02/02,819,194900,93700,2.080
244,5820,東証JQS,(株)三ッ星,02/02,1970,6400,3080,2.078
245,7602,東証2部,(株)カーチスホールディングス,02/02,252,28800,13860,2.078
246,1793,東証JQS,(株)大本組,02/02,5380,2700,1300,2.077
247,3836,東証2部,(株)アバント,02/02,985,40600,19600,2.071
248,6902,東証1部,(株)デンソー,02/02,6923,3366400,1630200,2.065
249,9873,東証2部,日本ＫＦＣホールディングス(株),02/02,2003,29100,14120,2.061
250,6073,東証1部,(株)アサンテ,02/02,1829,108100,52480,2.060
251,6541,マザーズ,グレイステクノロジー(株),02/02,7820,71000,34480,2.059
252,6849,東証1部,日本光電,02/02,2549,526700,255880,2.058
253,8542,東証1部,(株)トマト銀行,02/02,1590,18000,8780,2.050
254,7481,東証1部,尾家産業(株),02/02,1380,4300,2100,2.048
255,4968,東証1部,荒川化学工業(株),02/02,2293,191300,93500,2.046
256,9692,東証1部,(株)シーイーシー,02/02,3365,173000,84660,2.043
257,6652,東証1部,ＩＤＥＣ(株),02/02,3100,811200,397240,2.042
258,7309,東証1部,(株)シマノ,02/02,16250,456500,224400,2.034
259,4336,東証JQS,(株)クリエアナブキ,02/02,662,2500,1240,2.016
260,2703,東証JQS,日本ライトン(株),02/02,291,70800,35200,2.011
261,5161,東証2部,西川ゴム工業(株),02/02,2524,9200,4580,2.009
262,3171,東証JQS,マックスバリュ九州(株),02/02,2688,9900,4940,2.004
263,3803,東証JQG,イメージ情報開発(株),02/02,893,1900,950,2.000
264,9635,東証2部,武蔵野興業(株),02/02,2730,600,300,2.000
265,6246,東証2部,(株)テクノスマート,02/02,1782,330100,165660,1.993
266,8287,東証2部,マックスバリュ西日本(株),02/02,2010,24800,12460,1.990
267,7013,東証1部,(株)ＩＨＩ,02/02,3725,2428700,1222040,1.987
268,3439,東証JQS,(株)三ツ知,02/02,1897,9300,4680,1.987
269,9928,東証1部,(株)ミロク情報サービス,02/02,3570,163700,82400,1.987
270,3800,東証JQS,(株)ユニリタ,02/02,1887,7700,3880,1.985
271,7455,東証1部,(株)三城ホールディングス,02/02,533,104000,52420,1.984
272,2036,東証ETF,NEXT NOTES 日経・TOCOM 金 ダブル・ブル ETN,02/02,10600,2532,1277,1.983
273,9551,東証1部,メタウォーター(株),02/02,3170,151500,76460,1.981
274,4183,東証1部,三井化学(株),02/02,3400,2131800,1077560,1.978
275,9882,東証1部,(株)イエローハット,02/02,3625,94700,48020,1.972
276,8410,東証1部,(株)セブン銀行,02/02,403,11735000,5968440,1.966
277,1549,東証ETF,上場インデックスファンドNifty50先物,02/02,1506,4960,2536,1.956
278,7564,東証JQS,(株)ワークマン,02/02,4700,11100,5680,1.954
279,3598,東証2部,山喜(株),02/02,277,54200,27880,1.944
280,2722,東証JQS,(株)アイケイ,02/02,4195,171600,88680,1.935
281,2876,東証JQS,(株)ジェーシー・コムサ,02/02,415,10700,5540,1.931
282,1949,東証1部,住友電設(株),02/02,2430,164200,85120,1.929
283,1466,東証ETF,ダイワ上場投信-JPX日経400ダブルインバース,02/02,4525,2341,1216,1.925
284,8252,東証1部,(株)丸井グループ,02/02,2089,2298700,1195440,1.923
285,3626,東証1部,ＴＩＳ(株),02/02,3915,472000,245600,1.922
286,9414,東証1部,日本ＢＳ放送(株),02/02,1424,57000,29660,1.922
287,9831,東証1部,(株)ヤマダ電機,02/02,671,9417900,4907880,1.919
288,4044,東証1部,セントラル硝子(株),02/02,2527,371400,193860,1.916
289,4202,東証1部,(株)ダイセル,02/02,1307,3572000,1867560,1.913
290,1846,東証2部,鈴縫工業(株),02/02,389,42000,22000,1.909
291,5994,東証2部,(株)ファインシンター,02/02,2330,3700,1940,1.907
292,2931,東証1部,(株)ユーグレナ,02/02,1059,933300,489360,1.907
293,6547,東証2部,(株)グリーンズ,02/02,1817,103800,54440,1.907
294,6396,東証2部,(株)宇野澤組鐵工所,02/02,2960,2400,1260,1.905
295,6734,東証JQS,(株)ニューテック,02/02,1057,8900,4720,1.886
296,6703,東証1部,ＯＫＩ,02/02,1563,951300,504880,1.884
297,6380,東証2部,オリエンタルチエン工業(株),02/02,147,156000,82800,1.884
298,3104,東証1部,富士紡ホールディングス(株),02/02,4450,144500,76960,1.878
299,7814,東証JQS,(株)日本創発グループ,02/02,968,26500,14120,1.877
300,8129,東証1部,東邦ホールディングス(株),02/02,2645,260000,139020,1.870
301,2733,東証1部,(株)あらた,02/02,6000,76200,40800,1.868
302,1728,東証JQS,ミサワホーム中国(株),02/02,277,7000,3750,1.867
303,7605,東証1部,(株)フジ・コーポレーション,02/02,2678,35500,19020,1.866
304,9534,東証1部,北海道ガス(株),02/02,300,132000,70800,1.864
305,5805,東証1部,昭和電線ホールディングス(株),02/02,960,287700,154380,1.864
306,1987,東証2部,(株)ソルコム,02/02,2165,11700,6280,1.863
307,2666,東証JQS,(株)オートウェーブ,02/02,161,2055100,1104160,1.861
308,4928,東証1部,(株)ノエビアホールディングス,02/02,8710,133200,71860,1.854
309,1695,東証ETF,ETFS 小麦上場投資信託,02/02,70,113600,61380,1.851
310,3929,マザーズ,ソーシャルワイヤー(株),02/02,1800,271500,147240,1.844
311,4461,東証1部,第一工業製薬(株),02/02,1029,1099000,596600,1.842
312,7624,東証JQS,(株)ＮａＩＴＯ,02/02,422,702900,381740,1.841
313,5261,東証1部,リソルホールディングス(株),02/02,4255,17600,9560,1.841
314,7734,東証1部,理研計器(株),02/02,2424,45800,24920,1.838
315,4680,東証1部,(株)ラウンドワン,02/02,2146,1273300,693500,1.836
316,1460,東証ETF,MAXIS JAPAN クオリティ150上場投信,02/02,20490,11,6,1.833
317,3341,東証1部,日本調剤(株),02/02,3775,265900,145640,1.826
318,7419,東証1部,(株)ノジマ,02/02,2953,353000,193740,1.822
319,9644,東証1部,(株)タナベ経営,02/02,1854,13200,7260,1.818
320,3760,東証JQS,(株)ケイブ,02/02,2113,174200,96100,1.813
321,7561,東証1部,(株)ハークスレイ,02/02,1187,10100,5580,1.810
322,8423,東証1部,アクリーティブ(株),02/02,385,65400,36180,1.808
323,8074,東証1部,ユアサ商事(株),02/02,4060,66600,36960,1.802
324,6048,東証1部,(株)デザインワン・ジャパン,02/02,1292,20900,11600,1.802
325,6897,東証2部,ツインバード工業(株),02/02,804,13500,7500,1.800
326,7585,東証JQS,(株)かんなん丸,02/02,1900,1400,780,1.795
327,2296,東証1部,伊藤ハム米久ホールディングス(株),02/02,990,826300,460660,1.794
328,2151,東証1部,(株)タケエイ,02/02,1271,513600,286560,1.792
329,3976,マザーズ,(株)シャノン,02/02,2183,14400,8080,1.782
330,8237,東証1部,(株)松屋,02/02,1662,296200,166480,1.779
331,2752,東証JQS,(株)フジオフードシステム,02/02,2055,14800,8320,1.779
332,7501,東証JQS,(株)ティムコ,02/02,619,3200,1800,1.778
333,2540,東証1部,養命酒製造(株),02/02,2404,10800,6080,1.776
334,5742,東証JQS,エヌアイシ・オートテック(株),02/02,2250,31900,17960,1.776
335,9017,東証2部,新潟交通(株),02/02,2037,1100,620,1.774
336,6193,マザーズ,バーチャレクス・ホールディングス(株),02/02,1170,264500,149200,1.773
337,9674,東証2部,花月園観光(株),02/02,837,3000,1700,1.765
338,1789,東証JQS,(株)ＥＴＳホールディングス,02/02,581,20000,11340,1.764
339,8029,東証1部,(株)ルックホールディングス,02/02,390,1115000,633800,1.759
340,7105,東証1部,三菱ロジスネクスト(株),02/02,1031,131300,74680,1.758
341,7482,東証1部,(株)シモジマ,02/02,1206,10800,6160,1.753
342,8208,東証JQS,(株)エンチョー,02/02,447,7000,4000,1.750
343,3678,東証1部,(株)メディアドゥホールディングス,02/02,2165,197300,112980,1.746
344,6294,東証1部,オカダアイヨン(株),02/02,2117,53900,30960,1.741
345,2160,マザーズ,(株)ジーエヌアイグループ,02/02,719,10495000,6028600,1.741
346,4452,東証1部,花王(株),02/02,8115,2958600,1700780,1.740
347,9446,東証JQS,(株)サカイホールディングス,02/02,704,9600,5520,1.739
348,2301,東証1部,(株)学情,02/02,1689,120800,69620,1.735
349,3020,東証JQS,アプライド(株),02/02,1898,3400,1960,1.735
350,6518,東証JQS,三相電機(株),02/02,1720,41400,23900,1.732
351,7472,東証JQS,(株)鳥羽洋行,02/02,3400,7100,4100,1.732
352,4669,東証JQS,(株)ニッパンレンタル,02/02,1915,900,520,1.731
353,3671,マザーズ,ソフトマックス(株),02/02,1550,1900,1100,1.727
354,3726,東証2部,(株)フォーシーズホールディングス,02/02,543,17300,10020,1.727
355,8091,東証1部,ニチモウ(株),02/02,1946,13600,7880,1.726
356,2152,東証JQS,幼児活動研究会(株),02/02,1754,38100,22080,1.726
357,8115,東証2部,ムーンバット(株),02/02,985,6000,3480,1.724
358,1417,東証1部,(株)ミライト・ホールディングス,02/02,1656,508100,294920,1.723
359,1345,東証ETF,上場インデックスファンドJリート隔月分配,02/02,1751,32800,19100,1.717
360,7952,東証1部,(株)河合楽器製作所,02/02,3415,76700,44680,1.717
361,2222,東証1部,寿スピリッツ(株),02/02,6790,186300,108600,1.715
362,3537,東証JQS,昭栄薬品(株),02/02,3625,6000,3500,1.714
363,9744,東証1部,(株)メイテック,02/02,6580,253200,148000,1.711
364,6839,東証1部,船井電機(株),02/02,821,317900,185960,1.710
365,1671,東証ETF,WTI原油価格連動型上場投信,02/02,2758,239952,140468,1.708
366,1904,東証JQS,大成温調(株),02/02,2128,6300,3700,1.703
367,6103,東証1部,オークマ(株),02/02,7510,375500,221260,1.697
368,1654,東証ETF,ダイワ 上場投信-FTSE Blossom Japan Index,02/02,1402,110,65,1.692
369,4581,東証1部,大正製薬ホールディングス(株),02/02,9690,223400,132140,1.691
370,8334,東証1部,(株)群馬銀行,02/02,700,2676200,1583340,1.690
371,6074,東証JQS,(株)ジェイエスエス,02/02,1225,12200,7240,1.685
372,4320,東証1部,(株)ＣＥホールディングス,02/02,915,50700,30160,1.681
373,6316,東証1部,(株)丸山製作所,02/02,2047,10400,6200,1.677
374,7298,東証JQS,八千代工業(株),02/02,1479,108500,64700,1.677
375,9413,東証1部,(株)テレビ東京ホールディングス,02/02,2641,98600,58900,1.674
376,7220,東証1部,武蔵精密工業(株),02/02,3625,186200,111300,1.673
377,2488,東証JQS,日本サード・パーティ(株),02/02,1205,267800,160180,1.672
378,7575,東証1部,日本ライフライン(株),02/02,3330,3436700,2055700,1.672
379,6135,東証1部,(株)牧野フライス製作所,02/02,1266,2883000,1725400,1.671
380,3896,東証1部,阿波製紙(株),02/02,698,28100,16840,1.669
381,2877,東証JQS,日東ベスト(株),02/02,1067,5800,3480,1.667
382,5935,東証JQS,元旦ビューティ工業(株),02/02,4090,200,120,1.667
383,3048,東証1部,(株)ビックカメラ,02/02,1742,884800,531160,1.666
384,4042,東証1部,東ソー(株),02/02,2558,3385700,2036480,1.663
385,6490,東証1部,日本ピラー工業(株),02/02,1966,167300,100640,1.662
386,3653,マザーズ,(株)モルフォ,02/02,4700,65300,39360,1.659
387,6553,マザーズ,ソウルドアウト(株),02/02,3480,176100,106180,1.659
388,8806,東証1部,ダイビル(株),02/02,1449,312800,188620,1.658
389,6042,東証2部,(株)ニッキ,02/02,3405,22900,13820,1.657
390,4243,東証JQS,(株)ニックス,02/02,1128,8100,4900,1.653
391,2282,東証1部,日本ハム(株),02/02,2679,2397000,1451400,1.652
392,3970,マザーズ,(株)イノベーション,02/02,1603,23700,14360,1.650
393,5351,東証1部,品川リフラクトリーズ(株),02/02,3575,45100,27360,1.648
394,4709,東証1部,(株)インフォメーション・ディベロプメント,02/02,1491,74800,45380,1.648
395,8421,東証,信金中央金庫,02/02,239500,112,68,1.647
396,1580,東証ETF,日経平均ベア上場投信,02/02,4325,20060,12182,1.647
397,3103,東証1部,ユニチカ(株),02/02,797,964700,586140,1.646
398,1814,東証1部,大末建設(株),02/02,1136,20700,12580,1.645
399,2681,東証1部,(株)ゲオホールディングス,02/02,2386,340500,207060,1.644
400,5984,東証2部,兼房(株),02/02,1099,40700,24760,1.644
401,5386,東証2部,(株)鶴弥,02/02,458,10800,6580,1.641
402,6804,東証1部,ホシデン(株),02/02,1790,2146100,1309440,1.639
403,4659,東証JQS,(株)エイジス,02/02,3415,30900,18860,1.638
404,2138,東証JQS,クルーズ(株),02/02,2581,74700,45620,1.637
405,3086,東証1部,Ｊ．フロント　リテイリング(株),02/02,2099,2304500,1408640,1.636
406,6473,東証1部,(株)ジェイテクト,02/02,1985,1955800,1196020,1.635
407,9511,東証1部,沖縄電力(株),02/02,2739,183300,112200,1.634
408,1693,東証ETF,ETFS 銅上場投資信託,02/02,3285,200,123,1.633
409,2124,東証1部,ＪＡＣ　Ｒｅｃｒｕｉｔｍｅｎｔ,02/02,2310,722200,443260,1.629
410,4719,東証1部,(株)アルファシステムズ,02/02,2551,8800,5420,1.624
411,3652,マザーズ,(株)ディジタルメディアプロフェッショナル,02/02,8200,518400,319620,1.622
412,8005,東証1部,(株)スクロール,02/02,452,789800,487620,1.620
413,4317,東証JQS,(株)レイ,02/02,793,1019400,629420,1.620
414,7949,東証1部,小松ウオール工業(株),02/02,2511,23700,14640,1.619
415,4553,東証1部,東和薬品(株),02/02,6430,39700,24560,1.616
416,9362,東証2部,兵機海運(株),02/02,1800,2100,1300,1.615
417,1483,東証ETF,iシェアーズ JPX/S&P 設備･人材投資ETF,02/02,1686,99,61,1.612
418,2667,東証JQS,(株)イメージ　ワン,02/02,511,266800,165560,1.612
419,3113,東証2部,Ｏａｋ　キャピタル(株),02/02,407,6199500,3848600,1.611
420,6591,東証2部,西芝電機(株),02/02,177,104600,65000,1.609
421,6758,東証1部,ソニー(株),02/02,5485,14337200,8928360,1.606
422,5909,東証1部,(株)コロナ,02/02,1463,26200,16320,1.605
423,6618,マザーズ,(株)大泉製作所,02/02,1319,507000,318800,1.590
424,5451,東証1部,(株)淀川製鋼所,02/02,3425,75000,47160,1.590
425,6889,東証JQS,オーデリック(株),02/02,4740,7400,4660,1.588
426,8541,東証1部,(株)愛媛銀行,02/02,1416,125700,79160,1.588
427,3984,マザーズ,(株)ユーザーローカル,02/02,6870,13100,8260,1.586
428,8614,東証1部,東洋証券(株),02/02,356,1090000,688400,1.583
429,9810,東証1部,日鉄住金物産(株),02/02,6720,101600,64200,1.583
430,6882,東証2部,(株)三社電機製作所,02/02,1916,1916300,1211540,1.582
431,7538,東証2部,(株)大水,02/02,267,7800,4940,1.579
432,3092,東証1部,(株)スタートトゥデイ,02/02,3435,3980900,2525820,1.576
433,3038,東証1部,(株)神戸物産,02/02,4335,801400,508640,1.576
434,8359,東証1部,(株)八十二銀行,02/02,691,2210300,1403740,1.575
435,8963,東証,インヴィンシブル投資法人,02/02,49800,21470,13646,1.573
436,7022,東証1部,サノヤスホールディングス(株),02/02,272,297400,189100,1.573
437,2206,東証1部,江崎グリコ(株),02/02,5110,769000,489760,1.570
438,6143,東証1部,(株)ソディック,02/02,1544,611500,390480,1.566
439,2354,東証2部,安川情報システム(株),02/02,650,172900,110540,1.564
440,6264,東証2部,(株)マルマエ,02/02,1859,232800,149000,1.562
441,8298,東証JQS,(株)ファミリー,02/02,498,11700,7500,1.560
442,6276,東証JQS,ナビタス(株),02/02,445,11300,7260,1.556
443,3484,マザーズ,(株)テンポイノベーション,02/02,1420,123000,79100,1.555
444,4327,東証JQS,日本エス・エイチ・エル(株),02/02,2272,11600,7460,1.555
445,9946,東証1部,ミニストップ(株),02/02,2293,90400,58160,1.554
446,5951,東証1部,ダイニチ工業(株),02/02,882,45800,29500,1.553
447,2391,東証JQS,(株)プラネット,02/02,2080,1800,1160,1.552
448,7181,東証1部,(株)かんぽ生命保険,02/02,2941,822000,529760,1.552
449,7777,東証JQG,(株)スリー・ディー・マトリックス,02/02,993,471400,304260,1.549
450,5962,東証2部,浅香工業(株),02/02,2092,9900,6400,1.547
451,7157,マザーズ,ライフネット生命保険(株),02/02,400,61300,39640,1.546
452,6862,東証JQS,ミナトホールディングス(株),02/02,550,336000,217280,1.546
453,6534,東証2部,Ｄ．Ａ．コンソーシアムホールディングス(株),02/02,2334,443400,286760,1.546
454,8604,東証1部,野村ホールディングス(株),02/02,705.6,39844400,25782340,1.545
455,8303,東証1部,(株)新生銀行,02/02,1801,3164200,2049820,1.544
456,2735,東証1部,(株)ワッツ,02/02,1167,31100,20180,1.541
457,2695,東証1部,(株)くらコーポレーション,02/02,6770,77800,50500,1.541
458,3036,東証1部,アルコニックス(株),02/02,2680,349200,226960,1.539
459,7826,東証JQS,(株)フルヤ金属,02/02,7020,146200,95040,1.538
460,1651,東証ETF,ダイワ 上場投信-TOPIX高配当40指数,02/02,1170,2800,1824,1.535
461,5453,東証1部,東洋鋼鈑(株),02/02,612,2035200,1327120,1.534
462,3034,東証1部,クオール(株),02/02,2444,383000,249760,1.533
463,1698,東証ETF,上場インデックスファンド日本高配当,02/02,1977,1720,1122,1.533
464,4559,東証1部,ゼリア新薬工業(株),02/02,2165,113300,74060,1.530
465,8530,東証1部,(株)中京銀行,02/02,2337,24600,16100,1.528
466,9950,東証JQS,(株)ハチバン,02/02,3345,1100,720,1.528
467,7264,東証JQS,(株)ムロコーポレーション,02/02,1988,4000,2620,1.527
468,3468,東証,スターアジア不動産投資法人,02/02,108200,11016,7224,1.525
469,9902,東証1部,(株)日伝,02/02,2317,26200,17200,1.523
470,2915,東証1部,ケンコーマヨネーズ(株),02/02,4155,107900,70920,1.521
471,1543,東証ETF,純パラジウム上場信託(現物国内保管型),02/02,34400,181,119,1.521
472,7187,マザーズ,ジェイリース(株),02/02,973,108200,71160,1.521
473,7240,東証1部,ＮＯＫ(株),02/02,2540,1047900,690320,1.518
474,8001,東証1部,伊藤忠商事(株),02/02,2183,7424700,4892000,1.518
475,1323,東証ETF,(NEXT FUNDS)南アフリカ株式指数上場投信,02/02,428,5000,3300,1.515
476,9262,マザーズ,(株)シルバーライフ,02/02,6180,48700,32180,1.513
477,8425,東証1部,興銀リース(株),02/02,2967,112500,74520,1.510
478,9073,東証JQS,京極運輸商事(株),02/02,536,1600,1060,1.509
479,2453,東証1部,ジャパンベストレスキューシステム(株),02/02,897,947800,627960,1.509
480,7771,東証JQS,日本精密(株),02/02,181,214000,142000,1.507
481,3916,東証1部,デジタル・インフォメーション・テクノロジー(株),02/02,3250,90900,60340,1.506
482,4957,東証2部,ヤスハラケミカル(株),02/02,790,7500,4980,1.506
483,1644,東証ETF,ダイワ 上場投信･TOPIX-17電力･ガス,02/02,7240,3,2,1.500
484,1956,東証1部,ＮＤＳ(株),02/02,4715,32100,21400,1.500
485,6342,東証2部,(株)太平製作所,02/02,2570,300,200,1.500
486,9776,東証JQS,札幌臨床検査センター(株),02/02,1830,3600,2400,1.500
487,1568,東証ETF,TOPIXブル2倍上場投信,02/02,21600,139000,92668,1.500
488,3953,東証JQS,大村紙業(株),02/02,3275,392900,262740,1.495
489,3538,東証2部,(株)ウイルプラスホールディングス,02/02,1439,52700,35300,1.493
490,6201,東証1部,(株)豊田自動織機,02/02,7400,691200,463780,1.490
491,7514,東証1部,(株)ヒマラヤ,02/02,1305,20000,13420,1.490
492,7871,東証2部,フクビ化学工業(株),02/02,832,28400,19060,1.490
493,7851,東証2部,カワセコンピュータサプライ(株),02/02,413,7300,4900,1.490
494,1625,東証ETF,(NEXT FUNDS)電機･精密上場投信,02/02,21230,56,38,1.489
495,6392,東証2部,(株)ヤマダコーポレーション,02/02,3320,10800,7260,1.488
496,8038,東証1部,東都水産(株),02/02,2060,5800,3900,1.487
497,1560,東証ETF,(NEXT FUNDS)マレーシアKLCI連動型上場投信,02/02,4830,471,317,1.486
498,3900,マザーズ,(株)クラウドワークス,02/02,1012,121700,81980,1.485
499,4272,東証1部,日本化薬(株),02/02,1563,987100,665160,1.484
500,5781,東証2部,東邦金属(株),02/02,1556,10800,7280,1.484
501,7599,東証1部,(株)ＩＤＯＭ,02/02,786,633500,427720,1.481
502,6503,東証1部,三菱電機(株),02/02,2049.5,10760300,7266120,1.481
503,2337,東証1部,いちご(株),02/02,477,2891900,1955020,1.479
504,4331,東証1部,(株)テイクアンドギヴ・ニーズ,02/02,1199,293200,198280,1.479
505,8369,東証1部,(株)京都銀行,02/02,6610,501800,339880,1.476
506,6072,マザーズ,地盤ネットホールディングス(株),02/02,385,278500,188640,1.476
507,2924,東証1部,イフジ産業(株),02/02,791,4100,2780,1.475
508,4990,東証2部,昭和化学工業(株),02/02,459,4600,3120,1.474
509,5959,東証1部,岡部(株),02/02,1155,215800,146400,1.474
510,6852,東証JQS,(株)テクノ・セブン,02/02,1822,2500,1700,1.471
511,5912,東証1部,ＯＳＪＢホールディングス(株),02/02,329,1096600,747500,1.467
512,6369,東証1部,トーヨーカネツ(株),02/02,4395,43000,29320,1.467
513,5262,東証1部,日本ヒューム(株),02/02,856,108900,74300,1.466
514,6150,東証JQS,タケダ機械(株),02/02,3720,3400,2320,1.466
515,9028,東証2部,(株)ゼロ,02/02,1591,2900,1980,1.465
516,4999,東証2部,セメダイン(株),02/02,1026,12700,8680,1.463
517,2424,東証1部,(株)ブラス,02/02,1058,12600,8620,1.462
518,4586,マザーズ,(株)メドレックス,02/02,1600,881700,603240,1.462
519,4966,東証2部,上村工業(株),02/02,8630,1900,1300,1.462
520,4548,東証1部,生化学工業(株),02/02,1739,143500,98260,1.460
521,4350,東証1部,(株)メディカルシステムネットワーク,02/02,601,117000,80120,1.460
522,7860,東証1部,エイベックス(株),02/02,1674,339600,233200,1.456
523,9934,東証1部,因幡電機産業(株),02/02,5200,66200,45620,1.451
524,5989,東証1部,(株)エイチワン,02/02,1448,292200,201400,1.451
525,1346,東証ETF,MAXIS 日経225上場投信,02/02,23830,50884,35164,1.447
526,9468,東証1部,カドカワ(株),02/02,1423,364200,252020,1.445
527,2004,東証1部,昭和産業(株),02/02,2830,40400,27960,1.445
528,3907,マザーズ,シリコンスタジオ(株),02/02,2585,32100,22220,1.445
529,9830,東証1部,トラスコ中山(株),02/02,3385,151200,104680,1.444
530,6796,東証1部,クラリオン(株),02/02,390,4240000,2935800,1.444
531,8130,東証1部,(株)サンゲツ,02/02,2246,183100,126900,1.443
532,1948,東証2部,(株)弘電社,02/02,4035,3000,2080,1.442
533,9996,東証JQS,(株)サトー商会,02/02,1570,1700,1180,1.441
534,1690,東証ETF,ETFS WTI原油上場投資信託,02/02,1029,2270,1576,1.440
535,4507,東証1部,塩野義製薬(株),02/02,6236,1789700,1243140,1.440
536,8601,東証1部,(株)大和証券グループ本社,02/02,796.1,13661000,9508800,1.437
537,8059,東証1部,第一実業(株),02/02,3440,41600,28960,1.436
538,6848,東証1部,東亜ディーケーケー(株),02/02,1270,94200,65580,1.436
539,2802,東証1部,味の素(株),02/02,2055,3593200,2502260,1.436
540,9404,東証1部,日本テレビホールディングス(株),02/02,1993,1177700,820860,1.435
541,8095,東証1部,イワキ(株),02/02,479,166000,115800,1.434
542,1919,東証1部,(株)ヤマダ・エスバイエルホーム,02/02,86,3669000,2560400,1.433
543,8150,東証1部,三信電気(株),02/02,2034,43900,30640,1.433
544,4463,東証1部,日華化学(株),02/02,1242,11300,7900,1.430
545,2487,東証1部,(株)ＣＤＧ,02/02,1854,2400,1680,1.429
546,6266,東証JQS,タツモ(株),02/02,1995,103900,72780,1.428
547,5851,東証1部,リョービ(株),02/02,3235,141200,98940,1.427
548,5284,東証JQS,(株)ヤマウ,02/02,528,15400,10800,1.426
549,3834,東証1部,(株)朝日ネット,02/02,550,48100,33780,1.424
550,7287,東証2部,日本精機(株),02/02,2311,64400,45240,1.424
551,2134,東証JQS,燦キャピタルマネージメント(株),02/02,84,2178600,1530740,1.423
552,2914,東証1部,ＪＴ,02/02,3617,5418500,3810460,1.422
553,7417,東証2部,(株)南陽,02/02,2309,16700,11760,1.420
554,6737,東証1部,ＥＩＺＯ(株),02/02,5450,229700,161780,1.420
555,3397,東証1部,(株)トリドールホールディングス,02/02,3825,338000,238560,1.417
556,6697,マザーズ,テックポイント,02/02,2025,122300,86400,1.416
557,1555,東証ETF,上場インデックスファンド豪州リート,02/02,1617,10080,7122,1.415
558,7506,東証1部,(株)ハウス　オブ　ローゼ,02/02,1855,8600,6080,1.414
559,7460,東証2部,(株)ヤギ,02/02,3040,21300,15060,1.414
560,5945,東証JQS,天龍製鋸(株),02/02,3485,5000,3540,1.412
561,6702,東証1部,富士通(株),02/02,681.3,36565000,25913800,1.411
562,4120,東証2部,スガイ化学工業(株),02/02,196,217000,153800,1.411
563,5384,東証1部,(株)フジミインコーポレーテッド,02/02,2549,278200,197240,1.410
564,8276,東証1部,(株)平和堂,02/02,2447,264100,187260,1.410
565,1464,東証ETF,ダイワ上場投信-JPX日経400レバレッジ,02/02,12870,839,595,1.410
566,2767,東証1部,フィールズ(株),02/02,1238,129300,91720,1.410
567,9034,東証JQS,南総通運(株),02/02,1435,3800,2700,1.407
568,2700,東証JQS,木徳神糧(株),02/02,757,9000,6400,1.406
569,4299,東証1部,(株)ハイマックス,02/02,1841,9900,7040,1.406
570,5410,東証1部,合同製鐵(株),02/02,2085,283400,202380,1.400
571,3131,東証JQS,シンデン・ハイテックス(株),02/02,4165,41800,29860,1.400
572,9878,東証2部,(株)セキド,02/02,97,141000,100800,1.399
573,6079,マザーズ,(株)エナリス,02/02,635,555000,396780,1.399
574,4763,東証1部,(株)クリーク・アンド・リバー社,02/02,1091,180900,129340,1.399
575,8336,東証1部,(株)武蔵野銀行,02/02,3930,95600,68420,1.397
576,2594,東証1部,キーコーヒー(株),02/02,2188,73400,52580,1.396
577,3154,東証1部,メディアスホールディングス(株),02/02,2774,21100,15120,1.396
578,8995,東証2部,(株)誠建設工業,02/02,859,2400,1720,1.395
579,6340,東証1部,澁谷工業(株),02/02,4685,78500,56260,1.395
580,5999,東証JQS,イハラサイエンス(株),02/02,2562,26800,19220,1.394
581,5401,東証1部,新日鐵住金(株),02/02,2805,5721200,4104280,1.394
582,8933,東証1部,ＮＴＴ都市開発(株),02/02,1427,879300,632260,1.391
583,7820,東証1部,ニホンフラッシュ(株),02/02,2753,143700,103340,1.391
584,8771,東証1部,イー・ギャランティ(株),02/02,4100,46400,33380,1.390
585,9072,東証1部,ニッコンホールディングス(株),02/02,3155,181000,130260,1.390
586,6928,東証2部,(株)エノモト,02/02,2068,66900,48160,1.389
587,3344,東証JQS,(株)ワンダーコーポレーション,02/02,938,1500,1080,1.389
588,8015,東証1部,豊田通商(株),02/02,4605,1039800,749200,1.388
589,1357,東証ETF,(NEXT FUNDS) 日経ダブルインバース上場投信,02/02,1218,33195389,23944563,1.386
590,8052,東証1部,椿本興業(株),02/02,3410,24900,18000,1.383
591,6351,東証1部,(株)鶴見製作所,02/02,2075,24700,17860,1.383
592,7189,東証1部,(株)西日本フィナンシャルホールディングス,02/02,1524,637500,461520,1.381
593,1853,東証2部,(株)森組,02/02,802,1791900,1297440,1.381
594,8919,東証1部,(株)カチタス,02/02,3450,1424500,1031460,1.381
595,7915,東証1部,ＮＩＳＳＨＡ(株),02/02,2971,970800,703260,1.380
596,6199,東証1部,(株)セラク,02/02,797,78600,56980,1.379
597,1743,東証2部,コーアツ工業(株),02/02,2812,800,580,1.379
598,3754,東証JQS,エキサイト(株),02/02,809,4000,2900,1.379
599,1899,東証1部,(株)福田組,02/02,6740,11100,8060,1.377
600,6472,東証1部,ＮＴＮ(株),02/02,547,6906800,5021980,1.375
601,1679,東証ETF,Simple-X NYダウ･ジョーンズ上場投信,02/02,25820,140,102,1.373
602,5970,東証1部,(株)ジーテクト,02/02,2341,45000,32800,1.372
603,3777,東証JQG,(株)ジオネクスト,02/02,54,809200,590100,1.371
604,3906,マザーズ,(株)ＡＬＢＥＲＴ,02/02,1440,101800,74240,1.371
605,1959,東証1部,(株)九電工,02/02,5320,429800,313760,1.370
606,6745,東証1部,ホーチキ(株),02/02,2284,76600,55940,1.369
607,9729,東証1部,(株)トーカイ,02/02,2709,40900,29880,1.369
608,6942,東証JQS,(株)ソフィアホールディングス,02/02,1928,7500,5480,1.369
609,3902,東証1部,メディカル・データ・ビジョン(株),02/02,2364,82400,60220,1.368
610,9535,東証1部,広島ガス(株),02/02,382,74500,54460,1.368
611,3936,マザーズ,(株)グローバルウェイ,02/02,2660,7600,5560,1.367
612,7745,東証1部,(株)エー・アンド・デイ,02/02,812,164400,120340,1.366
613,3905,マザーズ,データセクション(株),02/02,689,138900,101680,1.366
614,6908,東証1部,イリソ電子工業(株),02/02,7300,151600,111000,1.366
615,3690,マザーズ,(株)ロックオン,02/02,1446,28100,20580,1.365
616,4722,東証1部,フューチャー(株),02/02,1225,94700,69420,1.364
617,9425,東証JQS,日本テレホン(株),02/02,375,3000,2200,1.364
618,1678,東証ETF,(NEXT FUNDS)インド株式指数上場投信,02/02,178,465400,341320,1.364
619,7638,東証JQS,(株)ＮＥＷ　ＡＲＴ,02/02,31,4441100,3258060,1.363
620,3685,マザーズ,(株)みんなのウェディング,02/02,828,28800,21140,1.362
621,3689,マザーズ,(株)イグニス,02/02,1645,155900,114560,1.361
622,4502,東証1部,武田薬品工業(株),02/02,6516,2548700,1873360,1.360
623,9719,東証1部,ＳＣＳＫ(株),02/02,4810,473300,348140,1.360
624,8917,東証1部,ファースト住建(株),02/02,1790,16000,11780,1.358
625,8138,東証2部,三京化成(株),02/02,2822,4400,3240,1.358
626,7508,東証1部,(株)Ｇ−７ホールディングス,02/02,2706,31500,23200,1.358
627,5217,東証JQS,テクノクオーツ(株),02/02,12340,1900,1400,1.357
628,7600,東証1部,(株)日本エム・ディ・エム,02/02,1055,346500,255660,1.355
629,2485,東証1部,(株)ティア,02/02,1175,47400,35000,1.354
630,4847,東証JQS,(株)インテリジェント　ウェイブ,02/02,657,671800,496260,1.354
631,7751,東証1部,キヤノン(株),02/02,4389,6047100,4469680,1.353
632,2533,東証1部,オエノンホールディングス(株),02/02,436,672500,497100,1.353
633,3945,東証2部,スーパーバッグ(株),02/02,2397,1000,740,1.351
634,5363,東証1部,(株)ＴＹＫ,02/02,468,690500,511620,1.350
635,7981,東証1部,タカラスタンダード(株),02/02,1845,94500,70020,1.350
636,1879,東証1部,新日本建設(株),02/02,1055,137200,101700,1.349
637,4998,東証2部,フマキラー(株),02/02,2434,25200,18700,1.348
638,3559,マザーズ,(株)ピーバンドットコム,02/02,2703,20100,14920,1.347
639,1680,東証ETF,上場インデックスファンド海外先進国株式,02/02,2467,6790,5046,1.346
640,9419,東証1部,(株)ワイヤレスゲート,02/02,1447,240500,178800,1.345
641,8355,東証1部,(株)静岡銀行,02/02,1225,2881000,2142000,1.345
642,4761,東証2部,(株)さくらケーシーエス,02/02,724,3200,2380,1.345
643,3182,マザーズ,オイシックスドット大地(株),02/02,3190,133900,99680,1.343
644,3773,マザーズ,(株)アドバンスト・メディア,02/02,2013,737700,549260,1.343
645,9760,東証1部,(株)進学会ホールディングス,02/02,663,28900,21520,1.343
646,7819,東証1部,ＳＨＯ−ＢＩ(株),02/02,435,15900,11840,1.343
647,3436,東証1部,(株)ＳＵＭＣＯ,02/02,2911,7370500,5489200,1.343
648,8143,東証2部,(株)ラピーヌ,02/02,927,10900,8120,1.342
649,8945,東証2部,日本社宅サービス(株),02/02,975,22600,16840,1.342
650,4558,東証JQS,(株)中京医薬品,02/02,301,6600,4920,1.341
651,8972,東証,ケネディクス・オフィス投資法人,02/02,701000,1890,1409,1.341
652,7914,東証1部,共同印刷(株),02/02,3560,11100,8280,1.341
653,8707,東証1部,岩井コスモホールディングス(株),02/02,1501,172900,128980,1.341
654,6113,東証1部,(株)アマダホールディングス,02/02,1618,2178600,1625580,1.340
655,4651,東証1部,(株)サニックス,02/02,237,526700,393760,1.338
656,4216,東証1部,旭有機材(株),02/02,2270,103300,77240,1.337
657,8558,東証1部,(株)東和銀行,02/02,1505,173200,129560,1.337
658,7943,東証1部,ニチハ(株),02/02,4430,230000,172080,1.337
659,1898,東証1部,世紀東急工業(株),02/02,652,209900,157080,1.336
660,4745,東証1部,(株)東京個別指導学院,02/02,1202,348000,260580,1.335
661,1385,東証ETF,UBS ETF ユーロ圏大型株50(E･ストックス50),02/02,4885,479,359,1.335
662,6644,東証1部,大崎電気工業(株),02/02,872,820800,614940,1.335
663,5411,東証1部,ジェイ　エフ　イー　ホールディングス(株),02/02,2663.5,4212600,3158920,1.334
664,1348,東証ETF,MAXIS トピックス上場投信,02/02,1908,119940,89940,1.334
665,1764,東証2部,工藤建設(株),02/02,2315,500,375,1.333
666,4962,東証2部,互応化学工業(株),02/02,1678,5200,3900,1.333
667,6286,東証JQS,靜甲(株),02/02,1080,10000,7500,1.333
668,9720,東証JQS,(株)ホテル、ニューグランド,02/02,2980,300,225,1.333
669,9867,東証JQS,ソレキア(株),02/02,3570,200,150,1.333
670,5660,東証2部,神鋼鋼線工業(株),02/02,1676,19300,14480,1.333
671,6258,東証1部,平田機工(株),02/02,11950,207000,155460,1.332
672,8572,東証1部,アコム(株),02/02,495,6803600,5112500,1.331
673,1482,東証ETF,iシェアーズ 米国債7-10年ETF(H有),02/02,2269,5059,3809,1.328
674,2440,東証1部,(株)ぐるなび,02/02,1383,424900,319940,1.328
675,8379,東証1部,(株)広島銀行,02/02,925,1665900,1254840,1.328
676,7966,東証1部,リンテック(株),02/02,3165,123000,92700,1.327
677,7267,東証1部,ホンダ,02/02,3890,5681300,4282100,1.327
678,3355,東証2部,クリヤマホールディングス(株),02/02,2854,25300,19080,1.326
679,6706,東証1部,電気興業(株),02/02,3050,20100,15180,1.324
680,4824,マザーズ,(株)メディアシーク,02/02,698,574200,433660,1.324
681,6407,東証1部,ＣＫＤ(株),02/02,2972,1028200,776700,1.324
682,2269,東証1部,明治ホールディングス(株),02/02,9160,540700,408560,1.323
683,4746,東証1部,(株)東計電算,02/02,3190,9200,6960,1.322
684,1881,東証1部,(株)ＮＩＰＰＯ,02/02,2549,187200,141660,1.321
685,2376,東証1部,(株)サイネックス,02/02,952,11800,8940,1.320
686,3663,東証2部,アートスパークホールディングス(株),02/02,1516,84500,64020,1.320
687,6282,東証1部,オイレス工業(株),02/02,2353,69300,52560,1.318
688,7947,東証1部,(株)エフピコ,02/02,5830,111100,84280,1.318
689,7994,東証1部,(株)岡村製作所,02/02,1577,292900,222400,1.317
690,7265,東証JQS,エイケン工業(株),02/02,729,10000,7600,1.316
691,7821,東証1部,前田工繊(株),02/02,2076,83300,63360,1.315
692,3180,東証1部,(株)ビューティガレージ,02/02,2109,31100,23660,1.314
693,8308,東証1部,(株)りそなホールディングス,02/02,665.4,19362200,14736240,1.314
694,8254,東証2部,(株)さいか屋,02/02,511,3600,2740,1.314
695,2329,東証JQS,(株)東北新社,02/02,855,25300,19300,1.311
696,3640,東証1部,(株)電算,02/02,2618,7000,5340,1.311
697,7217,東証JQS,(株)テイン,02/02,725,2700,2060,1.311
698,9325,マザーズ,(株)ファイズ,02/02,3180,129700,98980,1.310
699,7730,東証1部,マニー(株),02/02,4025,119800,91540,1.309
700,6470,東証1部,大豊工業(株),02/02,1692,91300,69900,1.306
701,8202,東証2部,ラオックス(株),02/02,638,679300,520640,1.305
702,8159,東証1部,(株)立花エレテック,02/02,2198,61300,47000,1.304
703,7705,東証2部,ジーエルサイエンス(株),02/02,2146,39700,30440,1.304
704,3315,東証1部,日本コークス工業(株),02/02,132,2242800,1719760,1.304
705,9846,東証2部,(株)天満屋ストア,02/02,1387,2500,1920,1.302
706,1435,東証1部,(株)インベスターズクラウド,02/02,1780,492900,378560,1.302
707,6424,東証JQS,(株)高見沢サイバネティックス,02/02,974,1900,1460,1.301
708,8191,東証JQS,(株)光製作所,02/02,6090,1300,1000,1.300
709,1766,東証1部,東建コーポレーション(株),02/02,12780,86000,66160,1.300
710,1469,東証ETF,JPX日経400ベア2倍上場投信ダブルインバース,02/02,4480,3760,2896,1.298
711,8397,東証1部,(株)沖縄銀行,02/02,4600,43200,33280,1.298
712,4748,東証JQS,(株)構造計画研究所,02/02,2286,17000,13100,1.298
713,4849,東証JQS,エン・ジャパン(株),02/02,5980,194700,150080,1.297
714,3227,東証,MCUBS MidCity投資法人,02/02,78300,7130,5501,1.296
715,7618,東証1部,(株)ピーシーデポコーポレーション,02/02,799,251200,194040,1.295
716,8275,東証1部,(株)フォーバル,02/02,892,26000,20100,1.294
717,1976,東証1部,明星工業(株),02/02,849,115900,89640,1.293
718,8584,東証1部,(株)ジャックス,02/02,2805,145600,112640,1.293
719,3299,東証1部,(株)ムゲンエステート,02/02,1229,138300,107120,1.291
720,6867,東証JQS,リーダー電子(株),02/02,1032,154000,119440,1.289
721,9438,東証1部,(株)エムティーアイ,02/02,694,184100,142920,1.288
722,8085,東証2部,ナラサキ産業(株),02/02,433,183000,142200,1.287
723,7537,東証1部,丸文(株),02/02,1252,270600,210500,1.286
724,2491,東証1部,バリューコマース(株),02/02,1125,1130000,879640,1.285
725,1866,東証1部,北野建設(株),02/02,422,94000,73200,1.284
726,5727,東証1部,東邦チタニウム(株),02/02,1831,1871600,1457740,1.284
727,9364,東証1部,(株)上組,02/02,2436,445000,346700,1.284
728,3151,東証1部,(株)バイタルケーエスケー・ホールディングス,02/02,1002,52200,40700,1.283
729,9989,東証1部,(株)サンドラッグ,02/02,4785,438200,341960,1.281
730,5301,東証1部,東海カーボン(株),02/02,1628,4577900,3573820,1.281
731,9787,東証1部,イオンディライト(株),02/02,4090,109300,85360,1.280
732,7463,東証1部,(株)アドヴァン,02/02,1118,105100,82080,1.280
733,8920,東証1部,(株)東祥,02/02,4020,106500,83200,1.280
734,4576,東証JQG,(株)デ・ウエスタン・セラピテクス研究所,02/02,674,1310900,1024620,1.279
735,3597,東証2部,(株)自重堂,02/02,8700,1100,860,1.279
736,4555,東証1部,沢井製薬(株),02/02,4990,323900,253580,1.277
737,9176,東証JQS,佐渡汽船(株),02/02,251,4700,3680,1.277
738,4720,東証JQS,(株)城南進学研究社,02/02,576,8400,6580,1.277
739,5947,東証1部,リンナイ(株),02/02,10380,145200,113880,1.275
740,1882,東証1部,東亜道路工業(株),02/02,4375,10300,8080,1.275
741,4409,東証2部,東邦化学工業(株),02/02,757,55000,43200,1.273
742,7208,東証2部,(株)カネミツ,02/02,1225,6000,4720,1.271
743,1414,東証1部,ショーボンドホールディングス(株),02/02,8760,129200,101660,1.271
744,8385,東証1部,(株)伊予銀行,02/02,948,1312900,1033820,1.270
745,6081,マザーズ,アライドアーキテクツ(株),02/02,1020,119000,93820,1.268
746,4764,東証JQG,ＳＡＭＵＲＡＩ＆Ｊ　ＰＡＲＴＮＥＲＳ(株),02/02,331,372200,293980,1.266
747,8242,東証1部,エイチ・ツー・オー　リテイリング(株),02/02,2250,872200,689320,1.265
748,1320,東証ETF,ダイワ 上場投信-日経225,02/02,23900,104273,82455,1.265
749,3433,東証1部,トーカロ(株),02/02,6350,174000,137600,1.265
750,8274,東証1部,(株)東武ストア,02/02,3075,2600,2060,1.262
751,3593,東証1部,(株)ホギメディカル,02/02,8490,51100,40500,1.262
752,2683,東証2部,(株)魚喜,02/02,1476,2800,2220,1.261
753,7550,東証1部,(株)ゼンショーホールディングス,02/02,1956,452200,358660,1.261
754,9957,東証1部,(株)バイテックホールディングス,02/02,1898,55800,44320,1.259
755,6727,東証1部,(株)ワコム,02/02,628,993000,789700,1.257
756,2159,マザーズ,(株)フルスピード,02/02,949,82100,65300,1.257
757,4319,東証1部,ＴＡＣ(株),02/02,352,98900,78740,1.256
758,8705,東証JQS,岡藤ホールディングス(株),02/02,231,3829500,3050620,1.255
759,6861,東証1部,(株)キーエンス,02/02,67380,524600,417960,1.255
760,9828,東証1部,元気寿司(株),02/02,3055,105500,84080,1.255
761,5279,東証JQS,日本興業(株),02/02,1920,108900,86840,1.254
762,3681,東証1部,(株)ブイキューブ,02/02,554,110000,87760,1.253
763,1328,東証ETF,金価格連動型上場投資信託,02/02,3890,1860,1484,1.253
764,6836,東証2部,ぷらっとホーム(株),02/02,4590,22200,17720,1.253
765,9475,東証1部,(株)昭文社,02/02,750,15900,12700,1.252
766,2612,東証1部,かどや製油(株),02/02,7460,17100,13660,1.252
767,1712,東証1部,(株)ダイセキ環境ソリューション,02/02,1232,60100,48020,1.252
768,6189,東証1部,(株)グローバルグループ,02/02,1639,28500,22780,1.251
769,2814,東証JQS,佐藤食品工業(株),02/02,1450,3900,3120,1.250
770,6488,東証JQS,(株)ヨシタケ,02/02,1420,5500,4400,1.250
771,7292,東証2部,(株)村上開明堂,02/02,3430,3400,2720,1.250
772,9501,東証1部,東京電力ホールディングス(株),02/02,447,7829200,6267360,1.249
773,7958,東証1部,天馬(株),02/02,2251,33400,26740,1.249
774,5988,東証1部,(株)パイオラックス,02/02,3330,53100,42520,1.249
775,3082,東証1部,(株)きちり,02/02,769,20400,16340,1.248
776,3476,東証,投資法人みらい,02/02,186400,1721,1381,1.246
777,9377,東証JQS,(株)エージーピー,02/02,1155,37100,29780,1.246
778,5481,東証1部,山陽特殊製鋼(株),02/02,2801,189200,152020,1.245
779,1873,東証1部,(株)日本ハウスホールディングス,02/02,700,234500,188780,1.242
780,7261,東証1部,マツダ(株),02/02,1549,5824600,4689420,1.242
781,8585,東証1部,(株)オリエントコーポレーション,02/02,179,5068800,4081900,1.242
782,9889,東証1部,ＪＢＣＣホールディングス(株),02/02,1214,64900,52360,1.239
783,9788,東証1部,(株)ナック,02/02,1063,89800,72460,1.239
784,4626,東証1部,太陽ホールディングス(株),02/02,5360,141300,114020,1.239
785,1633,東証ETF,(NEXT FUNDS)不動産上場投信,02/02,31750,24,19,1.237
786,2180,東証JQG,(株)サニーサイドアップ,02/02,914,7100,5740,1.237
787,4117,東証2部,川崎化成工業(株),02/02,262,70000,56600,1.237
788,4464,東証2部,(株)ソフト９９コーポレーション,02/02,1471,20600,16680,1.235
789,4901,東証1部,富士フイルムホールディングス(株),02/02,4641,3649700,2957360,1.234
790,1827,東証1部,(株)ナカノフドー建設,02/02,676,73500,59620,1.233
791,4970,東証JQS,東洋合成工業(株),02/02,2100,97600,79200,1.232
792,6651,東証1部,日東工業(株),02/02,1743,238800,193800,1.232
793,6309,東証1部,巴工業(株),02/02,2086,20500,16640,1.232
794,7577,東証JQS,(株)パスポート,02/02,746,86700,70380,1.232
795,8282,東証1部,(株)ケーズホールディングス,02/02,3140,494100,401120,1.232
796,3688,東証1部,(株)ＶＯＹＡＧＥ　ＧＲＯＵＰ,02/02,1327,601600,488580,1.231
797,9104,東証1部,(株)商船三井,02/02,3880,1296900,1053440,1.231
798,4628,東証JQS,エスケー化研(株),02/02,12000,4000,3250,1.231
799,3817,東証1部,(株)ＳＲＡホールディングス,02/02,4015,77100,62680,1.230
800,2498,東証JQS,(株)ＡＣＫグループ,02/02,2073,8900,7240,1.229
801,5202,東証1部,日本板硝子(株),02/02,967,1185600,964560,1.229
802,8772,東証1部,(株)アサックス,02/02,1976,2900,2360,1.229
803,9401,東証1部,ＴＢＳホールディングス,02/02,2635,460800,375340,1.228
804,5753,東証2部,日本伸銅(株),02/02,2630,9500,7740,1.227
805,1642,東証ETF,ダイワ 上場投信･TOPIX-17電機･精密,02/02,21010,18,15,1.227
806,5704,マザーズ,(株)ＪＭＣ,02/02,1097,20100,16380,1.227
807,8729,東証1部,ソニーフィナンシャルホールディングス(株),02/02,2070,1753000,1429280,1.226
808,6669,東証JQS,シーシーエス(株),02/02,4480,19400,15820,1.226
809,7256,東証1部,河西工業(株),02/02,1759,98100,80060,1.225
810,7902,東証JQS,(株)ソノコム,02/02,1407,9900,8080,1.225
811,8043,東証1部,スターゼン(株),02/02,5520,19800,16160,1.225
812,1459,東証ETF,楽天 ETF-日経ダブルインバース指数連動型,02/02,4690,490217,400158,1.225
813,5741,東証1部,(株)ＵＡＣＪ,02/02,2930,687400,561820,1.224
814,2597,東証1部,(株)ユニカフェ,02/02,1204,14300,11700,1.222
815,8382,東証1部,(株)中国銀行,02/02,1475,641800,525400,1.222
816,7238,東証1部,曙ブレーキ工業(株),02/02,324,1573800,1289240,1.221
817,2773,東証JQS,(株)ミューチュアル,02/02,903,4000,3280,1.220
818,7980,東証JQS,(株)重松製作所,02/02,999,34200,28080,1.218
819,1591,東証ETF,(NEXT FUNDS) JPX日経インデックス400,02/02,16520,16453,13511,1.218
820,7813,マザーズ,(株)プラッツ,02/02,3815,2800,2300,1.217
821,1960,東証2部,(株)サンテック,02/02,904,33000,27160,1.215
822,4619,東証1部,日本特殊塗料(株),02/02,2299,36900,30400,1.214
823,3891,東証JQS,ニッポン高度紙工業(株),02/02,3445,264000,217540,1.214
824,8522,東証1部,(株)名古屋銀行,02/02,4370,33900,27940,1.213
825,6284,東証1部,日精エー・エス・ビー機械(株),02/02,7560,63200,52140,1.212
826,8551,東証1部,(株)北日本銀行,02/02,3280,13500,11140,1.212
827,4716,東証1部,日本オラクル(株),02/02,9240,249700,206140,1.211
828,8356,東証1部,(株)十六銀行,02/02,3375,134900,111460,1.210
829,1570,東証ETF,(NEXT FUNDS)日経平均レバレッジ上場投信,02/02,21660,7908987,6538732,1.210
830,6299,東証2部,(株)神鋼環境ソリューション,02/02,2067,8200,6780,1.209
831,4792,東証JQS,山田コンサルティンググループ(株),02/02,3575,69000,57140,1.208
832,3173,東証1部,大阪工機(株),02/02,1234,17700,14660,1.207
833,3675,マザーズ,(株)クロス・マーケティンググループ,02/02,605,160400,132940,1.207
834,1861,東証1部,(株)熊谷組,02/02,3105,319100,264500,1.206
835,8835,東証1部,太平洋興発(株),02/02,1049,15200,12600,1.206
836,8343,東証1部,(株)秋田銀行,02/02,3210,36500,30260,1.206
837,7205,東証1部,日野自動車(株),02/02,1540,2688600,2230240,1.206
838,6721,東証2部,ウインテスト(株),02/02,170,653200,542320,1.204
839,3096,東証JQS,(株)オーシャンシステム,02/02,997,3300,2740,1.204
840,6941,東証1部,山一電機(株),02/02,2314,517000,429380,1.204
841,6837,東証JQS,(株)京写,02/02,538,215000,178800,1.202
842,3826,東証1部,(株)システムインテグレータ,02/02,1071,37500,31200,1.202
843,6092,マザーズ,(株)エンバイオ・ホールディングス,02/02,2338,585300,487360,1.201
844,9790,東証1部,福井コンピュータホールディングス(株),02/02,3125,71600,59640,1.201
845,4215,東証1部,タキロンシーアイ(株),02/02,800,140400,116980,1.200
846,1585,東証ETF,ダイワ 上場投信･TOPIX Ex-Financials,02/02,1385,80,67,1.200
847,2872,東証2部,(株)セイヒョー,02/02,3330,200,167,1.200
848,5491,東証1部,日本金属(株),02/02,3355,219700,183100,1.200
849,8345,東証1部,(株)岩手銀行,02/02,4675,29500,24600,1.199
850,8341,東証1部,(株)七十七銀行,02/02,3040,318900,266200,1.198
851,8617,東証1部,光世証券(株),02/02,1541,30500,25460,1.198
852,6371,東証1部,(株)椿本チエイン,02/02,928,668000,557800,1.198
853,4514,東証1部,あすか製薬(株),02/02,2196,67800,56640,1.197
854,2362,東証JQS,(株)夢真ホールディングス,02/02,1334,826000,690120,1.197
855,9470,東証1部,(株)学研ホールディングス,02/02,6200,51000,42640,1.196
856,5464,東証1部,モリ工業(株),02/02,4285,38000,31780,1.196
857,3385,東証1部,(株)薬王堂,02/02,3410,104200,87180,1.195
858,8081,東証1部,(株)カナデン,02/02,1486,36800,30820,1.194
859,1835,東証1部,東鉄工業(株),02/02,3635,66500,55740,1.193
860,2871,東証1部,(株)ニチレイ,02/02,2946,726400,609340,1.192
861,2418,東証1部,(株)ツカダ・グローバルホールディング,02/02,661,43700,36660,1.192
862,7578,東証JQS,(株)ニチリョク,02/02,2230,1000,840,1.190
863,7222,東証1部,日産車体(株),02/02,1166,174500,146600,1.190
864,8708,東証1部,藍澤證券(株),02/02,787,82000,68900,1.190
865,6272,東証1部,レオン自動機(株),02/02,2243,177700,149360,1.190
866,6180,マザーズ,ＧＭＯメディア(株),02/02,2877,5300,4460,1.188
867,2038,東証ETF,NEXT NOTES 日経・TOCOM 原油 ダブル・ブル ETN,02/02,1508,634876,535079,1.187
868,1724,東証JQS,シンクレイヤ(株),02/02,911,106200,89520,1.186
869,3645,マザーズ,(株)メディカルネット,02/02,656,76800,64760,1.186
870,6182,マザーズ,(株)ロゼッタ,02/02,1797,285900,241260,1.185
871,6561,マザーズ,(株)ＨＡＮＡＴＯＵＲ　ＪＡＰＡＮ,02/02,3215,564000,475940,1.185
872,8028,東証1部,ユニー・ファミリーマートホールディングス(株),02/02,7690,800300,675440,1.185
873,3198,東証2部,ＳＦＰホールディングス(株),02/02,2118,71200,60120,1.184
874,6495,東証2部,(株)宮入バルブ製作所,02/02,228,1588600,1341920,1.184
875,8399,東証1部,(株)琉球銀行,02/02,1785,88800,75020,1.184
876,3271,東証1部,(株)ＴＨＥグローバル社,02/02,1023,270600,228880,1.182
877,4119,東証2部,日本ピグメント(株),02/02,3910,10300,8720,1.181
878,4829,東証1部,日本エンタープライズ(株),02/02,244,148900,126100,1.181
879,9366,東証1部,(株)サンリツ,02/02,913,32500,27540,1.180
880,9793,東証1部,(株)ダイセキ,02/02,3450,166800,141380,1.180
881,4367,東証2部,広栄化学工業(株),02/02,2994,34900,29640,1.177
882,6436,東証1部,アマノ(株),02/02,3000,226800,192740,1.177
883,4972,東証JQS,綜研化学(株),02/02,2426,17600,14960,1.176
884,9661,東証2部,(株)歌舞伎座,02/02,5940,2800,2380,1.176
885,1365,東証ETF,ダイワ 上場投信-日経平均レバレッジ,02/02,16550,88389,75222,1.175
886,5408,東証1部,(株)中山製鋼所,02/02,750,105700,90000,1.174
887,5332,東証1部,ＴＯＴＯ(株),02/02,5930,1073600,914200,1.174
888,6945,東証2部,富士通フロンテック(株),02/02,1741,116400,99140,1.174
889,4912,東証1部,ライオン(株),02/02,2093,1196200,1019100,1.174
890,6677,東証JQS,(株)エスケーエレクトロニクス,02/02,2116,98200,83680,1.174
891,9678,東証1部,(株)カナモト,02/02,3500,299100,254880,1.173
892,7490,東証2部,日新商事(株),02/02,917,1900,1620,1.173
893,9955,東証JQS,(株)ヨンキュウ,02/02,1518,1500,1280,1.172
894,1840,東証2部,(株)土屋ホールディングス,02/02,222,62000,52920,1.172
895,6724,東証1部,セイコーエプソン(株),02/02,2386,3728800,3183520,1.171
896,3661,東証1部,(株)エムアップ,02/02,1255,189600,162140,1.169
897,3558,マザーズ,(株)ロコンド,02/02,2957,385500,329860,1.169
898,8570,東証1部,イオンフィナンシャルサービス(株),02/02,2787,539900,462520,1.167
899,7946,東証2部,(株)光陽社,02/02,1715,5600,4800,1.167
900,4568,東証1部,第一三共(株),02/02,3930,3966900,3400800,1.166
901,2479,東証JQG,(株)ジェイテック,02/02,217,98300,84280,1.166
902,9119,東証1部,飯野海運(株),02/02,605,296100,253980,1.166
903,1699,東証ETF,(NEXT FUNDS)NOMURA原油インデックス上場,02/02,421,979470,840454,1.165
904,3466,東証,ラサールロジポート投資法人,02/02,118700,2222,1907,1.165
905,3646,マザーズ,(株)駅探,02/02,794,4100,3520,1.165
906,5210,東証1部,日本山村硝子(株),02/02,188,259000,222600,1.164
907,7164,東証1部,全国保証(株),02/02,5130,257400,221580,1.162
908,9628,東証1部,燦ホールディングス(株),02/02,3025,11500,9900,1.162
909,6786,東証2部,(株)ＲＶＨ,02/02,596,111300,95840,1.161
910,2497,マザーズ,ユナイテッド(株),02/02,3375,680000,585720,1.161
911,9505,東証1部,北陸電力(株),02/02,885,1264800,1090240,1.160
912,6552,マザーズ,(株)ＧａｍｅＷｉｔｈ,02/02,1911,201200,173440,1.160
913,3666,東証1部,(株)テクノスジャパン,02/02,1011,267600,230800,1.159
914,9307,東証2部,(株)杉村倉庫,02/02,1383,2078100,1793540,1.159
915,9509,東証1部,北海道電力(株),02/02,692,1317500,1137100,1.159
916,1329,東証ETF,iシェアーズ日経225ETF,02/02,23990,14532,12543,1.159
917,8737,東証2部,(株)あかつき本社,02/02,597,183400,158300,1.159
918,1801,東証1部,大成建設(株),02/02,5560,969300,836860,1.158
919,1916,東証1部,日成ビルド工業(株),02/02,1438,132500,114440,1.158
920,7953,東証2部,菊水化学工業(株),02/02,509,13500,11660,1.158
921,7004,東証1部,日立造船(株),02/02,588,1501100,1296900,1.157
922,7524,東証1部,マルシェ(株),02/02,822,11200,9680,1.157
923,4114,東証1部,(株)日本触媒,02/02,7730,159000,137440,1.157
924,7883,東証JQS,サンメッセ(株),02/02,502,7100,6140,1.156
925,7859,東証2部,(株)アルメディオ,02/02,201,113400,98100,1.156
926,3189,東証JQS,(株)ＡＮＡＰ,02/02,1120,164300,142160,1.156
927,2484,東証JQS,夢の街創造委員会(株),02/02,1842,231100,200100,1.155
928,5018,東証1部,(株)ＭＯＲＥＳＣＯ,02/02,2162,35500,30760,1.154
929,3967,マザーズ,(株)エルテス,02/02,2575,582700,504940,1.154
930,9740,東証1部,ＣＳＰ,02/02,2652,30200,26180,1.154
931,8316,東証1部,(株)三井住友フィナンシャルグループ,02/02,5035,11512000,9999180,1.151
932,7836,東証JQS,アビックス(株),02/02,163,1373000,1192940,1.151
933,9142,東証1部,九州旅客鉄道(株),02/02,3470,597600,519320,1.151
934,6947,東証1部,(株)図研,02/02,1868,28000,24360,1.149
935,8411,東証1部,(株)みずほフィナンシャルグループ,02/02,207.6,164685600,143279600,1.149
936,2674,東証1部,(株)ハードオフコーポレーション,02/02,1226,28200,24540,1.149
937,3711,東証JQS,(株)創通,02/02,2324,3700,3220,1.149
938,2144,東証JQG,(株)やまねメディカル,02/02,241,9600,8360,1.148
939,3864,東証1部,三菱製紙(株),02/02,710,91000,79300,1.148
940,6027,マザーズ,弁護士ドットコム(株),02/02,1882,531400,463100,1.147
941,1381,東証JQS,(株)アクシーズ,02/02,4860,7500,6540,1.147
942,3023,東証1部,ラサ商事(株),02/02,985,81500,71160,1.145
943,6200,東証1部,(株)インソース,02/02,4530,116000,101300,1.145
944,8518,東証1部,日本アジア投資(株),02/02,408,118100,103180,1.145
945,9022,東証1部,東海旅客鉄道(株),02/02,21185,386900,338180,1.144
946,4333,東証1部,(株)東邦システムサイエンス,02/02,845,15600,13640,1.144
947,3995,マザーズ,(株)ＳＫＩＹＡＫＩ,02/02,6010,18500,16180,1.143
948,6471,東証1部,日本精工(株),02/02,1797,2900200,2540120,1.142
949,1950,東証1部,日本電設工業(株),02/02,2312,119100,104400,1.141
950,3423,東証JQS,(株)エスイー,02/02,635,27400,24020,1.141
951,9021,東証1部,西日本旅客鉄道(株),02/02,8098,870600,763760,1.140
952,8750,東証1部,第一生命ホールディングス(株),02/02,2350.5,6330900,5557920,1.139
953,2670,東証1部,(株)エービーシー・マート,02/02,7100,202300,177700,1.138
954,6287,東証1部,サトーホールディングス(株),02/02,3660,90800,79800,1.138
955,9133,東証JQS,(株)東栄リーファーライン,02/02,700,21200,18640,1.137
956,8508,東証2部,Ｊトラスト(株),02/02,764,262200,230560,1.137
957,3627,東証1部,ネオス(株),02/02,455,74100,65160,1.137
958,7224,東証1部,新明和工業(株),02/02,960,998700,878260,1.137
959,3167,東証1部,(株)ＴＯＫＡＩホールディングス,02/02,1070,388900,342140,1.137
960,7425,東証JQS,初穂商事(株),02/02,5030,500,440,1.136
961,3392,東証1部,デリカフーズホールディングス(株),02/02,1500,7200,6340,1.136
962,1552,東証ETF,国際のETF VIX短期先物指数,02/02,10090,110506,97311,1.136
963,1826,東証1部,佐田建設(株),02/02,460,39100,34460,1.135
964,7451,東証1部,三菱食品(株),02/02,3355,46400,40900,1.134
965,5302,東証1部,日本カーボン(株),02/02,5320,160000,141060,1.134
966,7443,東証JQS,横浜魚類(株),02/02,608,4900,4320,1.134
967,4512,東証1部,わかもと製薬(株),02/02,276,22000,19400,1.134
968,1458,東証ETF,楽天 ETF-日経レバレッジ指数連動型,02/02,12300,202659,178851,1.133
969,8306,東証1部,(株)三菱ＵＦＪフィナンシャル・グループ,02/02,845.4,87055900,76953320,1.131
970,4124,東証JQS,大阪油化工業(株),02/02,3885,17100,15120,1.131
971,3983,マザーズ,(株)オロ,02/02,2409,43300,38320,1.130
972,9992,東証JQS,(株)理研グリーン,02/02,513,6800,6020,1.130
973,5237,東証2部,(株)ノザワ,02/02,1646,32300,28620,1.129
974,2146,東証JQS,ＵＴグループ(株),02/02,3620,184400,163500,1.128
975,1723,東証JQS,日本電技(株),02/02,3030,6900,6120,1.127
976,9504,東証1部,中国電力(株),02/02,1210,1738500,1542120,1.127
977,1579,東証ETF,日経平均ブル2倍上場投信,02/02,22760,423340,375632,1.127
978,1982,東証1部,日比谷総合設備(株),02/02,2363,29500,26180,1.127
979,4985,東証1部,アース製薬(株),02/02,5770,61800,54860,1.127
980,6208,東証1部,(株)石川製作所,02/02,2994,151100,134140,1.126
981,9301,東証1部,三菱倉庫(株),02/02,2794,486000,432060,1.125
982,8247,東証2部,(株)大和,02/02,634,10100,8980,1.125
983,9001,東証1部,東武鉄道(株),02/02,3695,613100,545220,1.125
984,6409,東証1部,(株)キトー,02/02,1891,101900,90640,1.124
985,3673,東証1部,(株)ブロードリーフ,02/02,1155,280200,249300,1.124
986,8002,東証1部,丸紅(株),02/02,836.8,6559000,5840900,1.123
987,2747,東証JQS,北雄ラッキー(株),02/02,749,11000,9800,1.122
988,6425,東証JQS,(株)ユニバーサルエンターテインメント,02/02,5220,412300,367360,1.122
989,3401,東証1部,帝人(株),02/02,2429,1135700,1011960,1.122
990,2726,東証1部,(株)パルグループホールディングス,02/02,3130,109300,97500,1.121
991,2454,東証JQS,(株)オールアバウト,02/02,1456,78000,69580,1.121
992,2032,東証ETF,NEXT NOTES 香港ハンセン･ベアETN,02/02,5740,517,462,1.120
993,1367,東証ETF,ダイワ 上場投信-TOPIXレバレッジ(2倍),02/02,16730,5656,5052,1.120
994,3670,東証JQS,協立情報通信(株),02/02,2049,3400,3040,1.118
995,4593,マザーズ,(株)ヘリオス,02/02,2105,156300,139780,1.118
996,2139,東証1部,(株)中広,02/02,770,4000,3580,1.117
997,6196,東証1部,(株)ストライク,02/02,6670,67100,60080,1.117
998,1811,東証1部,(株)錢高組,02/02,6290,7100,6360,1.116
999,1867,東証1部,(株)植木組,02/02,2745,2500,2240,1.116
1000,9037,東証1部,(株)ハマキョウレックス,02/02,4085,147700,132400,1.116
1001,5542,東証JQS,新報国製鉄(株),02/02,2696,26700,23940,1.115
1002,3035,東証JQS,ケイティケイ(株),02/02,428,32900,29500,1.115
1003,8163,東証1部,ＳＲＳホールディングス(株),02/02,952,68800,61700,1.115
1004,8281,東証1部,ゼビオホールディングス(株),02/02,2423,122400,109820,1.115
1005,8958,東証,グローバル・ワン不動産投資法人,02/02,413500,429,385,1.114
1006,6627,マザーズ,(株)テラプローブ,02/02,1394,141300,126960,1.113
1007,3606,東証1部,(株)レナウン,02/02,189,966200,868240,1.113
1008,8182,東証1部,(株)いなげや,02/02,1841,27500,24720,1.112
1009,3361,東証1部,(株)トーエル,02/02,1081,11100,9980,1.112
1010,7735,東証1部,(株)ＳＣＲＥＥＮホールディングス,02/02,9370,728900,655480,1.112
1011,6988,東証1部,日東電工(株),02/02,9523,1549900,1394160,1.112
1012,9686,東証2部,東洋テック(株),02/02,1179,4200,3780,1.111
1013,6184,東証1部,(株)鎌倉新書,02/02,2447,78000,70220,1.111
1014,3462,東証,野村不動産マスターファンド投資法人,02/02,148500,11244,10123,1.111
1015,6138,東証1部,ダイジェット工業(株),02/02,2124,15700,14140,1.110
1016,6881,東証2部,(株)キョウデン,02/02,472,217400,196100,1.109
1017,7875,東証2部,竹田印刷(株),02/02,1126,26600,24000,1.108
1018,4404,東証1部,ミヨシ油脂(株),02/02,1464,16400,14800,1.108
1019,4521,東証1部,科研製薬(株),02/02,5910,166600,150440,1.107
1020,9070,東証1部,トナミホールディングス(株),02/02,5650,9100,8220,1.107
1021,7838,東証1部,共立印刷(株),02/02,381,105300,95120,1.107
1022,8107,東証1部,(株)キムラタン,02/02,46,4817400,4352360,1.107
1023,9797,東証2部,大日本コンサルタント(株),02/02,551,5200,4700,1.106
1024,3528,東証2部,(株)プロスペクト,02/02,63,11147000,10075200,1.106
1025,6356,東証2部,日本ギア工業(株),02/02,478,100200,90580,1.106
1026,8304,東証1部,(株)あおぞら銀行,02/02,4550,898000,811840,1.106
1027,4527,東証1部,ロート製薬(株),02/02,2993,228900,206980,1.106
1028,6855,東証1部,日本電子材料(株),02/02,637,42100,38120,1.104
1029,7864,東証1部,(株)フジシールインターナショナル,02/02,3865,91500,82860,1.104
1030,5269,東証1部,日本コンクリート工業(株),02/02,508,284400,257640,1.104
1031,3099,東証1部,(株)三越伊勢丹ホールディングス,02/02,1376,2286600,2072700,1.103
1032,2002,東証1部,(株)日清製粉グループ本社,02/02,2234,969200,878660,1.103
1033,7521,東証JQS,(株)ムサシ,02/02,2000,7300,6620,1.103
1034,5271,東証2部,(株)トーヨーアサノ,02/02,3055,5400,4900,1.102
1035,6546,東証2部,フルテック(株),02/02,1587,30400,27600,1.101
1036,5463,東証1部,丸一鋼管(株),02/02,3290,348600,316520,1.101
1037,4368,東証1部,扶桑化学工業(株),02/02,3190,260500,236560,1.101
1038,4671,東証1部,(株)ファルコホールディングス,02/02,1815,17200,15640,1.100
1039,1822,東証1部,大豊建設(株),02/02,586,746000,678400,1.100
1040,9962,東証1部,(株)ミスミグループ本社,02/02,3395,1369900,1246680,1.099
1041,3110,東証1部,日東紡,02/02,3260,98500,89660,1.099
1042,6040,マザーズ,日本スキー場開発(株),02/02,2402,9600,8740,1.098
1043,3159,東証1部,丸善ＣＨＩホールディングス(株),02/02,348,31400,28600,1.098
1044,1593,東証ETF,MAXIS JPX日経インデックス400上場投信,02/02,16750,2688,2450,1.097
1045,8383,東証1部,(株)鳥取銀行,02/02,1860,12900,11760,1.097
1046,5958,東証1部,三洋工業(株),02/02,2204,4100,3740,1.096
1047,3521,東証1部,エコナックホールディングス(株),02/02,130,664700,607060,1.095
1048,9069,東証1部,センコーグループホールディングス(株),02/02,818,440200,402100,1.095
1049,9974,東証1部,(株)ベルク,02/02,6530,14600,13340,1.094
1050,7646,東証1部,(株)ＰＬＡＮＴ,02/02,1480,23000,21020,1.094
1051,7995,東証1部,日本バルカー工業(株),02/02,3475,106000,96880,1.094
1052,6619,東証1部,ダブル・スコープ(株),02/02,2138,354300,323900,1.094
1053,6666,東証JQS,リバーエレテック(株),02/02,412,35600,32580,1.093
1054,6091,東証2部,(株)ウエスコホールディングス,02/02,411,29600,27120,1.091
1055,5002,東証1部,昭和シェル石油(株),02/02,1624,1658400,1519760,1.091
1056,1973,東証1部,ＮＥＣネッツエスアイ(株),02/02,3000,128700,118080,1.090
1057,6078,東証1部,(株)バリューＨＲ,02/02,2379,14800,13580,1.090
1058,7274,東証1部,(株)ショーワ,02/02,1400,448800,411880,1.090
1059,9260,東証1部,西本Ｗｉｓｍｅｔｔａｃホールディングス(株),02/02,4675,27600,25340,1.089
1060,3250,東証1部,(株)エー・ディー・ワークス,02/02,45,33981500,31204800,1.089
1061,2784,東証1部,アルフレッサ　ホールディングス(株),02/02,2804,659200,605560,1.089
1062,9008,東証1部,京王電鉄(株),02/02,5280,294900,270920,1.089
1063,6817,東証1部,スミダコーポレーション(株),02/02,2027,375600,345140,1.088
1064,2907,東証2部,(株)あじかん,02/02,1395,6700,6160,1.088
1065,6620,東証1部,宮越ホールディングス(株),02/02,669,130400,119960,1.087
1066,3524,東証1部,日東製網(株),02/02,1882,8300,7640,1.086
1067,8515,東証1部,アイフル(株),02/02,409,6127100,5642620,1.086
1068,1965,東証2部,(株)テクノ菱和,02/02,857,7100,6540,1.086
1069,8251,東証1部,(株)パルコ,02/02,1589,59900,55180,1.086
1070,1820,東証1部,西松建設(株),02/02,3165,264900,244120,1.085
1071,7974,東証1部,任天堂(株),02/02,47170,3327700,3068700,1.084
1072,6331,東証1部,三菱化工機(株),02/02,2309,23200,21400,1.084
1073,2216,東証2部,カンロ(株),02/02,3290,1300,1200,1.083
1074,3733,東証JQS,(株)ソフトウェア・サービス,02/02,8610,15600,14400,1.083
1075,7749,東証JQS,メディキット(株),02/02,5550,1300,1200,1.083
1076,8396,東証1部,(株)十八銀行,02/02,312,195000,180000,1.083
1077,7510,東証1部,(株)たけびし,02/02,1927,22900,21140,1.083
1078,3758,東証JQS,(株)アエリア,02/02,1924,1068700,986640,1.083
1079,6668,東証2部,(株)アドテック　プラズマ　テクノロジー,02/02,2075,200300,184940,1.083
1080,4611,東証1部,大日本塗料(株),02/02,1772,61700,57020,1.082
1081,6262,東証1部,ペガサスミシン製造(株),02/02,778,97000,89700,1.081
1082,6516,東証1部,山洋電気(株),02/02,8920,84300,78000,1.081
1083,9749,東証1部,富士ソフト(株),02/02,3900,92500,85600,1.081
1084,9766,東証1部,コナミホールディングス(株),02/02,6000,805000,745000,1.081
1085,5956,東証2部,トーソー(株),02/02,641,10900,10100,1.079
1086,9699,東証1部,西尾レントオール(株),02/02,3565,80100,74240,1.079
1087,7862,東証1部,トッパン・フォームズ(株),02/02,1387,280100,259640,1.079
1088,4919,東証1部,(株)ミルボン,02/02,3735,144800,134400,1.077
1089,1989,東証2部,北陸電話工事(株),02/02,402,1400,1300,1.077
1090,4708,東証1部,りらいあコミュニケーションズ(株),02/02,1335,216500,201040,1.077
1091,6383,東証1部,(株)ダイフク,02/02,7410,1068400,992500,1.076
1092,8158,東証1部,ソーダニッカ(株),02/02,661,32300,30020,1.076
1093,4343,東証1部,(株)イオンファンタジー,02/02,5700,67200,62460,1.076
1094,8087,東証1部,フルサト工業(株),02/02,1853,9100,8460,1.076
1095,7544,東証2部,(株)スリーエフ,02/02,362,2000,1860,1.075
1096,2169,東証1部,ＣＤＳ(株),02/02,1375,14300,13300,1.075
1097,6271,東証2部,(株)ニッセイ,02/02,1441,2900,2700,1.074
1098,2109,東証1部,三井製糖(株),02/02,4370,112100,104440,1.073
1099,3923,マザーズ,(株)ラクス,02/02,3425,77600,72320,1.073
1100,6480,東証1部,日本トムソン(株),02/02,869,438900,409040,1.073
1101,2715,東証1部,エレマテック(株),02/02,2610,39000,36380,1.072
1102,6235,東証1部,(株)オプトラン,02/02,3910,1678600,1566200,1.072
1103,7869,東証JQS,日本フォームサービス(株),02/02,287,3000,2800,1.071
1104,3921,東証1部,(株)ネオジャパン,02/02,1801,89700,83740,1.071
1105,3407,東証1部,旭化成(株),02/02,1430.5,3595900,3364520,1.069
1106,9663,東証1部,(株)ナガワ,02/02,4760,5300,4960,1.069
1107,8616,東証1部,東海東京フィナンシャル・ホールディングス(株),02/02,842,2034700,1905540,1.068
1108,9948,東証1部,(株)アークス,02/02,2595,150400,140900,1.067
1109,1722,東証1部,ミサワホーム(株),02/02,951,77000,72160,1.067
1110,6457,東証1部,グローリー(株),02/02,4360,147100,137880,1.067
1111,3267,マザーズ,(株)フィル・カンパニー,02/02,8510,642200,602040,1.067
1112,6245,東証2部,(株)ヒラノテクシード,02/02,3230,106300,99700,1.066
1113,4979,東証1部,ＯＡＴアグリオ(株),02/02,2891,23900,22420,1.066
1114,6222,東証1部,(株)島精機製作所,02/02,7510,282700,265360,1.065
1115,9263,東証JQS,(株)ビジョナリーホールディングス,02/02,73,703700,661360,1.064
1116,3465,東証1部,ケイアイスター不動産(株),02/02,3110,36800,34620,1.063
1117,6094,マザーズ,(株)フリークアウト・ホールディングス,02/02,2611,203700,191660,1.063
1118,4082,東証2部,第一稀元素化学工業(株),02/02,1461,101900,95880,1.063
1119,8097,東証1部,三愛石油(株),02/02,1670,61300,57680,1.063
1120,7581,東証1部,(株)サイゼリヤ,02/02,3270,365400,343860,1.063
1121,4922,東証1部,(株)コーセー,02/02,19540,310300,292040,1.063
1122,3079,東証1部,ディーブイエックス(株),02/02,1394,18100,17040,1.062
1123,7427,東証1部,エコートレーディング(株),02/02,791,16400,15440,1.062
1124,2763,東証JQS,(株)エフティグループ,02/02,1025,27400,25800,1.062
1125,5614,東証2部,(株)川金ホールディングス,02/02,484,27000,25440,1.061
1126,3788,東証1部,ＧＭＯクラウド(株),02/02,2178,153800,144920,1.061
1127,3751,東証1部,日本アジアグループ(株),02/02,510,111800,105440,1.060
1128,2164,東証JQG,(株)地域新聞社,02/02,489,1800,1700,1.059
1129,5273,東証1部,三谷セキサン(株),02/02,2584,7200,6800,1.059
1130,6744,東証1部,能美防災(株),02/02,2087,51600,48740,1.059
1131,8354,東証1部,(株)ふくおかフィナンシャルグループ,02/02,649,4435000,4190800,1.058
1132,2181,東証1部,パーソルホールディングス(株),02/02,2744,980000,926620,1.058
1133,9980,東証2部,マルコ(株),02/02,400,453000,428560,1.057
1134,3724,東証1部,(株)ベリサーブ,02/02,3625,15600,14760,1.057
1135,4516,東証1部,日本新薬(株),02/02,7610,222300,210380,1.057
1136,6062,東証JQS,(株)チャーム・ケア・コーポレーション,02/02,2701,32500,30760,1.057
1137,2108,東証1部,日本甜菜製糖(株),02/02,2753,16100,15240,1.056
1138,8233,東証1部,(株)高島屋,02/02,1163,1587000,1502600,1.056
1139,9640,東証JQS,(株)セゾン情報システムズ,02/02,2692,13600,12880,1.056
1140,3160,東証1部,(株)大光,02/02,937,11400,10800,1.056
1141,9130,東証1部,共栄タンカー(株),02/02,2104,6100,5780,1.055
1142,2191,東証JQS,テラ(株),02/02,544,162800,154260,1.055
1143,8984,東証,大和ハウスリート投資法人,02/02,270100,5115,4849,1.055
1144,4091,東証1部,大陽日酸(株),02/02,1707,585800,555400,1.055
1145,4732,東証1部,(株)ユー・エス・エス,02/02,2474,597000,566700,1.053
1146,4151,東証1部,協和発酵キリン(株),02/02,2197,985400,935400,1.053
1147,5192,東証1部,三ツ星ベルト(株),02/02,1451,79000,75000,1.053
1148,8267,東証1部,イオン(株),02/02,1914.5,2718200,2582200,1.053
1149,7014,東証1部,(株)名村造船所,02/02,743,219100,208140,1.053
1150,6484,東証JQS,(株)ＫＶＫ,02/02,1730,1600,1520,1.053
1151,7768,東証2部,ジェコー(株),02/02,5360,800,760,1.053
1152,8700,東証JQS,丸八証券(株),02/02,149,96000,91200,1.053
1153,9621,東証1部,(株)建設技術研究所,02/02,1262,27000,25660,1.052
1154,7637,東証1部,白銅(株),02/02,2667,23900,22720,1.052
1155,5702,東証1部,(株)大紀アルミニウム工業所,02/02,903,796700,757440,1.052
1156,9418,東証1部,(株)ＵＳＥＮ−ＮＥＸＴ　ＨＯＬＤＩＮＧＳ,02/02,1165,235700,224140,1.052
1157,6879,東証1部,(株)イマジカ・ロボット　ホールディングス,02/02,1371,382700,363940,1.052
1158,9895,東証JQS,(株)コンセック,02/02,227,70000,66600,1.051
1159,9755,東証1部,応用地質(株),02/02,1472,53200,50620,1.051
1160,3765,東証1部,ガンホー・オンライン・エンターテイメント(株),02/02,322,3970300,3779420,1.051
1161,2675,東証2部,(株)ダイナック,02/02,1734,1700,1620,1.049
1162,5974,東証1部,中国工業(株),02/02,886,24300,23160,1.049
1163,9861,東証1部,(株)吉野家ホールディングス,02/02,1976,394100,375680,1.049
1164,5357,東証1部,(株)ヨータイ,02/02,678,415100,395860,1.049
1165,3088,東証1部,(株)マツモトキヨシホールディングス,02/02,4695,367800,350900,1.048
1166,1306,東証ETF,TOPIX連動型上場投資信託,02/02,1918,3113910,2970926,1.048
1167,3105,東証1部,日清紡ホールディングス(株),02/02,1557,1107700,1056940,1.048
1168,7315,東証2部,ＩＪＴテクノロジーホールディングス(株),02/02,1067,103300,98640,1.047
1169,3822,東証1部,(株)Ｍｉｎｏｒｉソリューションズ,02/02,1646,27700,26460,1.047
1170,7726,東証2部,黒田精工(株),02/02,2960,114700,109580,1.047
1171,2330,東証JQS,(株)フォーサイド,02/02,342,2279200,2178000,1.046
1172,2288,東証1部,丸大食品(株),02/02,499,136000,130000,1.046
1173,4113,東証2部,田岡化学工業(株),02/02,4110,29200,27920,1.046
1174,8061,東証1部,西華産業(株),02/02,2961,43800,41880,1.046
1175,3697,マザーズ,(株)ＳＨＩＦＴ,02/02,4175,272900,260980,1.046
1176,2475,東証1部,ＷＤＢホールディングス(株),02/02,3975,68700,65700,1.046
1177,1805,東証1部,飛島建設(株),02/02,184,1468800,1405060,1.045
1178,9384,東証1部,内外トランスライン(株),02/02,1986,24900,23820,1.045
1179,3654,東証1部,(株)ヒト・コミュニケーションズ,02/02,2140,280000,268000,1.045
1180,7414,東証1部,小野建(株),02/02,1985,46700,44700,1.045
1181,8593,東証1部,三菱ＵＦＪリース(株),02/02,733,1959600,1877360,1.044
1182,9613,東証1部,(株)ＮＴＴデータ,02/02,1302,3699000,3543900,1.044
1183,2489,マザーズ,(株)アドウェイズ,02/02,676,353400,338600,1.044
1184,3799,東証2部,キーウェアソリューションズ(株),02/02,802,205100,196640,1.043
1185,9041,東証1部,近鉄グループホールディングス(株),02/02,4355,315200,302320,1.043
1186,3926,東証1部,(株)オープンドア,02/02,2900,144300,138420,1.042
1187,6432,東証1部,(株)竹内製作所,02/02,2780,363000,348240,1.042
1188,3657,東証1部,ポールトゥウィン・ピットクルーホールディングス(株),02/02,2389,118400,113700,1.041
1189,8096,東証1部,兼松エレクトロニクス(株),02/02,3250,44500,42740,1.041
1190,1364,東証ETF,ｉシェアーズ JPX日経400 ETF,02/02,16760,471,452,1.041
1191,2736,東証JQS,(株)サダマツ,02/02,276,51000,49000,1.041
1192,2340,東証JQS,(株)極楽湯ホールディングス,02/02,726,31800,30560,1.041
1193,5282,東証2部,ジオスター(株),02/02,789,55000,52860,1.040
1194,7635,東証JQS,杉田エース(株),02/02,1168,2600,2500,1.040
1195,6302,東証1部,住友重機械工業(株),02/02,4985,817600,786400,1.040
1196,4095,東証1部,日本パーカライジング(株),02/02,1948,118600,114080,1.040
1197,3431,東証1部,宮地エンジニアリンググループ(株),02/02,2912,132700,127740,1.039
1198,4005,東証1部,住友化学(株),02/02,799,7750000,7462400,1.039
1199,5950,東証2部,日本パワーファスニング(株),02/02,252,72500,69820,1.038
1200,2292,東証1部,Ｓ　ＦＯＯＤＳ(株),02/02,4790,68300,65800,1.038
1201,3565,マザーズ,アセンテック(株),02/02,3460,23100,22260,1.038
1202,7604,東証2部,(株)梅の花,02/02,2883,3400,3280,1.037
1203,7613,東証1部,シークス(株),02/02,4945,99100,95740,1.035
1204,7203,東証1部,トヨタ自動車(株),02/02,7626,6804100,6575600,1.035
1205,9823,東証JQS,(株)マミーマート,02/02,2445,600,580,1.034
1206,7239,東証1部,(株)タチエス,02/02,1976,122500,118460,1.034
1207,9428,東証1部,(株)クロップス,02/02,1124,21500,20800,1.034
1208,9899,東証2部,(株)ジョリーパスタ,02/02,1648,4300,4160,1.034
1209,1515,東証1部,日鉄鉱業(株),02/02,8050,16600,16060,1.034
1210,6628,東証JQS,オンキヨー(株),02/02,150,1083400,1049040,1.033
1211,1841,東証JQS,サンユー建設(株),02/02,1185,1900,1840,1.033
1212,3281,東証,ＧＬＰ投資法人,02/02,124400,6547,6342,1.032
1213,6977,東証2部,(株)日本抵抗器製作所,02/02,1830,65700,63660,1.032
1214,3201,東証1部,ニッケ,02/02,1201,143600,139200,1.032
1215,4369,東証1部,(株)トリケミカル研究所,02/02,5340,119900,116360,1.030
1216,4547,東証1部,キッセイ薬品工業(株),02/02,2986,100200,97280,1.030
1217,1392,東証ETF,UBS ETF 英国株(MSCI英国),02/02,2970,49,48,1.029
1218,2805,東証2部,ヱスビー食品(株),02/02,11550,10000,9720,1.029
1219,6656,東証2部,インスペック(株),02/02,1203,18000,17500,1.029
1220,7587,東証2部,(株)ＰＡＬＴＥＫ,02/02,783,21500,20920,1.028
1221,8624,東証1部,いちよし証券(株),02/02,1436,241100,234600,1.028
1222,7266,東証1部,(株)今仙電機製作所,02/02,1329,35000,34060,1.028
1223,2782,東証JQS,(株)セリア,02/02,6350,340800,331760,1.027
1224,2586,マザーズ,(株)フルッタフルッタ,02/02,661,5300,5160,1.027
1225,4326,東証1部,(株)インテージホールディングス,02/02,1394,68400,66600,1.027
1226,1716,東証1部,第一カッター興業(株),02/02,2071,144600,140800,1.027
1227,2729,東証1部,(株)ＪＡＬＵＸ,02/02,3065,17600,17140,1.027
1228,8160,東証1部,(株)木曽路,02/02,2757,53800,52440,1.026
1229,7747,東証2部,朝日インテック(株),02/02,4230,271400,264600,1.026
1230,3458,東証1部,(株)シーアールイー,02/02,1663,24800,24180,1.026
1231,5933,東証1部,アルインコ(株),02/02,1293,29900,29180,1.025
1232,3228,東証1部,(株)三栄建築設計,02/02,2287,75000,73200,1.025
1233,8944,東証1部,(株)ランドビジネス,02/02,334,29000,28340,1.023
1234,8151,東証1部,(株)東陽テクニカ,02/02,1004,37900,37040,1.023
1235,7516,東証1部,コーナン商事(株),02/02,2728,166500,162780,1.023
1236,5287,東証2部,(株)イトーヨーギョー,02/02,1194,18800,18380,1.023
1237,6203,東証1部,豊和工業(株),02/02,1520,212300,207580,1.023
1238,3964,東証1部,(株)オークネット,02/02,1563,23400,22880,1.023
1239,9355,東証2部,(株)リンコーコーポレーション,02/02,1759,900,880,1.023
1240,7727,東証1部,(株)オーバル,02/02,313,119900,117280,1.022
1241,6463,東証1部,ＴＰＲ(株),02/02,3600,60500,59180,1.022
1242,2437,東証JQS,Ｓｈｉｎｗａ　Ｗｉｓｅ　Ｈｏｌｄｉｎｇｓ(株),02/02,442,114900,112420,1.022
1243,9956,東証1部,(株)バローホールディングス,02/02,2704,123400,120760,1.022
1244,4503,東証1部,アステラス製薬(株),02/02,1488.5,9830300,9620280,1.022
1245,1626,東証ETF,(NEXT FUNDS)情報通信･サービス上場投信,02/02,22150,19,19,1.022
1246,7186,東証1部,(株)コンコルディア・フィナンシャルグループ,02/02,678,4590100,4494400,1.021
1247,6343,東証2部,フリージア・マクロス(株),02/02,26,6147000,6026600,1.020
1248,7408,東証1部,(株)ジャムコ,02/02,2827,29100,28540,1.020
1249,4813,マザーズ,(株)ＡＣＣＥＳＳ,02/02,1166,350800,344480,1.018
1250,3553,東証1部,共和レザー(株),02/02,999,31800,31240,1.018
1251,8309,東証1部,三井住友トラスト・ホールディングス(株),02/02,4700,1702700,1673300,1.018
1252,7173,東証1部,(株)東京ＴＹフィナンシャルグループ,02/02,3170,73900,72680,1.017
1253,6850,東証1部,(株)チノー,02/02,1675,19500,19180,1.017
1254,3917,マザーズ,(株)アイリッジ,02/02,1932,50600,49780,1.016
1255,6963,東証1部,ローム(株),02/02,12150,631700,621540,1.016
1256,9201,東証1部,日本航空(株),02/02,4140,1849500,1820420,1.016
1257,3444,東証JQS,(株)菊池製作所,02/02,908,28000,27560,1.016
1258,6420,東証1部,福島工業(株),02/02,5010,28000,27580,1.015
1259,6997,東証1部,日本ケミコン(株),02/02,3685,158000,155660,1.015
1260,8830,東証1部,住友不動産(株),02/02,4204,1626000,1602200,1.015
1261,8168,東証1部,(株)ケーヨー,02/02,679,121700,120020,1.014
1262,3922,マザーズ,(株)ＰＲ　ＴＩＭＥＳ,02/02,3725,13200,13020,1.014
1263,1332,東証1部,日本水産(株),02/02,581,3088400,3048080,1.013
1264,3991,マザーズ,ウォンテッドリー(株),02/02,2900,10800,10660,1.013
1265,7612,東証JQS,(株)Ｎｕｔｓ,02/02,149,1722000,1700800,1.012
1266,9009,東証1部,京成電鉄(株),02/02,3700,464400,458820,1.012
1267,5142,東証1部,アキレス(株),02/02,2374,19100,18880,1.012
1268,6086,マザーズ,シンメンテホールディングス(株),02/02,2260,35400,35000,1.011
1269,7701,東証1部,(株)島津製作所,02/02,2882,1585400,1567580,1.011
1270,5644,東証2部,(株)メタルアート,02/02,506,36000,35600,1.011
1271,3665,マザーズ,(株)エニグモ,02/02,1231,193900,191760,1.011
1272,1333,東証1部,マルハニチロ(株),02/02,3210,175700,173800,1.011
1273,4927,東証1部,(株)ポーラ・オルビスホールディングス,02/02,4450,631600,625140,1.010
1274,9086,東証1部,(株)日立物流,02/02,3030,444700,440280,1.010
1275,7774,東証JQG,(株)ジャパン・ティッシュ・エンジニアリング,02/02,1422,138800,137480,1.010
1276,3166,東証1部,ＯＣＨＩホールディングス(株),02/02,1478,9200,9120,1.009
1277,9994,東証1部,(株)やまや,02/02,3165,27700,27460,1.009
1278,7971,東証1部,東リ(株),02/02,433,83600,82880,1.009
1279,8362,東証1部,(株)福井銀行,02/02,2791,25900,25700,1.008
1280,9888,東証JQS,(株)ＵＥＸ,02/02,1083,267500,265480,1.008
1281,9715,東証1部,トランスコスモス(株),02/02,3100,157900,156800,1.007
1282,7711,東証JQS,助川電気工業(株),02/02,1169,43100,42800,1.007
1283,4307,東証1部,(株)野村総合研究所,02/02,5120,677800,674240,1.005
1284,3317,東証JQS,(株)フライングガーデン,02/02,3720,4400,4380,1.005
1285,6406,東証1部,フジテック(株),02/02,1547,172100,171400,1.004
1286,3289,東証1部,東急不動産ホールディングス(株),02/02,865,2502400,2493560,1.004
1287,4531,東証1部,有機合成薬品工業(株),02/02,304,68400,68180,1.003
1288,3543,東証1部,(株)コメダホールディングス,02/02,2113,219900,219220,1.003
1289,9792,東証1部,(株)ニチイ学館,02/02,1484,215400,214740,1.003
1290,6916,東証1部,(株)アイ・オー・データ機器,02/02,1117,41700,41580,1.003
1291,8697,東証1部,(株)日本取引所グループ,02/02,2073,1911600,1906400,1.003
1292,8090,東証1部,昭光通商(株),02/02,137,1032000,1029400,1.003
1293,8931,東証JQS,和田興産(株),02/02,1026,238100,237580,1.002
1294,3091,東証1部,(株)ブロンコビリー,02/02,3615,66800,66660,1.002
1295,8544,東証1部,(株)京葉銀行,02/02,561,539000,538000,1.002
1296,1860,東証1部,戸田建設(株),02/02,872,763000,761600,1.002
1297,7707,マザーズ,プレシジョン・システム・サイエンス(株),02/02,637,224900,224700,1.001
1298,9987,東証1部,(株)スズケン,02/02,4790,246100,245900,1.001
1299,8260,東証1部,(株)井筒屋,02/02,479,83200,83180,1.000
1300,1636,東証ETF,ダイワ 上場投信･TOPIX-17建設･資材,02/02,30200,1,1,1.000
1301,5283,東証JQS,(株)高見澤,02/02,2620,900,900,1.000
1302,5922,東証2部,那須電機鉄工(株),02/02,4095,1100,1100,1.000
1303,7531,東証JQS,清和中央ホールディングス(株),02/02,8020,400,400,1.000
1304,7555,東証JQS,(株)大田花き,02/02,784,2000,2000,1.000
1305,8072,東証JQS,日本出版貿易(株),02/02,1681,200,200,1.000
1306,9083,東証2部,神姫バス(株),02/02,4145,300,300,1.000
1307,9633,東証1部,東京テアトル(株),02/02,1481,19400,19400,1.000
1308,9706,東証1部,日本空港ビルデング(株),02/02,4295,184900,184900,1.000
1309,6181,マザーズ,(株)パートナーエージェント,02/02,398,65900,66100,0.997
1310,6542,東証JQS,(株)ＦＣホールディングス,02/02,833,5100,5120,0.996
1311,4911,東証1部,(株)資生堂,02/02,5876,1494100,1500600,0.996
1312,8537,東証1部,(株)大光銀行,02/02,2548,9000,9040,0.996
1313,3050,東証1部,ＤＣＭホールディングス(株),02/02,1090,516000,518360,0.995
1314,1969,東証1部,高砂熱学工業(株),02/02,2085,130900,131500,0.995
1315,2613,東証1部,(株)Ｊ−オイルミルズ,02/02,3960,17400,17480,0.995
1316,3097,東証1部,(株)物語コーポレーション,02/02,10620,43600,43820,0.995
1317,6046,マザーズ,(株)リンクバル,02/02,3740,27000,27140,0.995
1318,6361,東証1部,荏原,02/02,4460,413300,415540,0.995
1319,5393,東証1部,ニチアス(株),02/02,1488,404000,406200,0.995
1320,4022,東証1部,ラサ工業(株),02/02,2600,64600,65080,0.993
1321,2778,東証JQS,パレモ・ホールディングス(株),02/02,599,228200,229900,0.993
1322,1813,東証1部,(株)不動テトラ,02/02,187,842100,849780,0.991
1323,3798,東証JQS,ＵＬＳグループ(株),02/02,1887,116800,118020,0.990
1324,5310,東証1部,東洋炭素(株),02/02,3850,88700,89640,0.990
1325,5121,東証1部,藤倉ゴム工業(株),02/02,921,131500,132900,0.989
1326,9031,東証1部,西日本鉄道(株),02/02,3085,87100,88060,0.989
1327,1321,東証ETF,日経225連動型上場投資信託,02/02,23920,593576,600297,0.989
1328,3183,東証1部,ウイン・パートナーズ(株),02/02,1567,29100,29440,0.988
1329,3138,マザーズ,(株)富士山マガジンサービス,02/02,1265,5100,5160,0.988
1330,3296,東証,日本リート投資法人,02/02,328500,816,826,0.988
1331,9619,東証1部,(株)イチネンホールディングス,02/02,1839,43500,44060,0.987
1332,6469,東証JQS,(株)放電精密加工研究所,02/02,1449,45400,46000,0.987
1333,2830,東証2部,アヲハタ(株),02/02,2575,3000,3040,0.987
1334,6479,東証1部,ミネベアミツミ(株),02/02,2502,2382700,2419160,0.985
1335,5331,東証1部,(株)ノリタケカンパニーリミテド,02/02,5900,37600,38200,0.984
1336,3941,東証1部,レンゴー(株),02/02,904,1455700,1479180,0.984
1337,3258,東証1部,ユニゾホールディングス(株),02/02,3095,157400,160000,0.984
1338,4088,東証1部,エア・ウォーター(株),02/02,2368,377500,383900,0.983
1339,5707,東証1部,東邦亜鉛(株),02/02,6740,179100,182200,0.983
1340,2801,東証1部,キッコーマン(株),02/02,4500,566100,575940,0.983
1341,3359,マザーズ,(株)タイセイ,02/02,1688,85800,87300,0.983
1342,9731,東証1部,(株)白洋舍,02/02,4200,4400,4480,0.982
1343,6502,東証2部,(株)東芝,02/02,320,32975000,33586600,0.982
1344,6674,東証1部,(株)ジーエス・ユアサ　コーポレーション,02/02,590,2529000,2576200,0.982
1345,9919,東証1部,(株)関西スーパーマーケット,02/02,1219,27800,28320,0.982
1346,6393,東証1部,油研工業(株),02/02,3000,14800,15080,0.981
1347,7722,東証JQS,国際計測器(株),02/02,1087,9200,9380,0.981
1348,6718,東証1部,アイホン(株),02/02,1990,12700,12960,0.980
1349,4819,東証1部,(株)デジタルガレージ,02/02,3535,477800,487640,0.980
1350,4812,東証1部,ＩＳＩＤ,02/02,2770,52900,54000,0.980
1351,6088,東証1部,(株)シグマクシス,02/02,1459,232200,237120,0.979
1352,5445,東証1部,東京鐵鋼(株),02/02,1878,20600,21040,0.979
1353,9107,東証1部,川崎汽船(株),02/02,2818,876900,895800,0.979
1354,8342,東証1部,(株)青森銀行,02/02,3720,56600,57820,0.979
1355,1942,東証1部,(株)関電工,02/02,1261,1039700,1062220,0.979
1356,9064,東証1部,ヤマトホールディングス(株),02/02,2851,3418700,3493080,0.979
1357,3770,東証1部,(株)ザッパラス,02/02,408,37000,37840,0.978
1358,2127,東証1部,(株)日本Ｍ＆Ａセンター,02/02,6940,790800,808800,0.978
1359,8954,東証,オリックス不動産投資法人,02/02,167900,7144,7309,0.977
1360,2897,東証1部,日清食品ホールディングス(株),02/02,8230,176400,180480,0.977
1361,6740,東証1部,(株)ジャパンディスプレイ,02/02,241,5781000,5915220,0.977
1362,6648,東証JQS,(株)かわでん,02/02,2715,1700,1740,0.977
1363,6845,東証1部,アズビル(株),02/02,5110,135500,138700,0.977
1364,6506,東証1部,(株)安川電機,02/02,5640,3429700,3510920,0.977
1365,8198,東証2部,マックスバリュ東海(株),02/02,2722,13300,13620,0.977
1366,6293,東証1部,日精樹脂工業(株),02/02,1933,139400,142780,0.976
1367,6779,東証1部,日本電波工業(株),02/02,790,76300,78180,0.976
1368,1975,東証1部,(株)朝日工業社,02/02,3370,4500,4620,0.974
1369,9983,東証1部,(株)ファーストリテイリング,02/02,48620,646600,663960,0.974
1370,2034,東証ETF,NEXT NOTES 韓国KOSPI･ベアETN,02/02,9450,309,317,0.974
1371,9099,東証1部,(株)Ｃ＆Ｆロジホールディングス,02/02,1609,14300,14700,0.973
1372,1931,東証2部,日本電通(株),02/02,3920,700,720,0.972
1373,2211,東証1部,(株)不二家,02/02,2600,27200,27980,0.972
1374,8058,東証1部,三菱商事(株),02/02,3152,4863300,5005660,0.972
1375,6171,東証1部,(株)土木管理総合試験所,02/02,678,61100,62900,0.971
1376,1914,東証1部,日本基礎技術(株),02/02,408,40100,41300,0.971
1377,8934,東証1部,サンフロンティア不動産(株),02/02,1403,448200,462160,0.970
1378,6465,東証1部,ホシザキ(株),02/02,10270,148600,153320,0.969
1379,5218,東証1部,(株)オハラ,02/02,3535,562700,581220,0.968
1380,3199,東証1部,綿半ホールディングス(株),02/02,4800,68300,70560,0.968
1381,4182,東証1部,三菱ガス化学(株),02/02,3105,629600,650720,0.968
1382,1890,東証1部,東洋建設(株),02/02,637,278800,288320,0.967
1383,9514,東証1部,(株)エフオン,02/02,1351,163500,169100,0.967
1384,6814,東証1部,古野電気(株),02/02,822,47900,49560,0.967
1385,3393,東証1部,スターティア(株),02/02,1094,124800,129180,0.966
1386,3776,東証JQS,(株)ブロードバンドタワー,02/02,202,417800,432500,0.966
1387,4465,東証1部,(株)ニイタカ,02/02,1842,4500,4660,0.966
1388,6365,東証2部,(株)電業社機械製作所,02/02,2170,4500,4660,0.966
1389,7988,東証1部,(株)ニフコ,02/02,7800,127100,131640,0.966
1390,8113,東証1部,ユニ・チャーム(株),02/02,2952,999000,1034760,0.965
1391,2331,東証1部,ＡＬＳＯＫ,02/02,5620,397800,412080,0.965
1392,8331,東証1部,(株)千葉銀行,02/02,977,2893000,2999800,0.964
1393,2321,東証JQG,(株)ソフトフロントホールディングス,02/02,160,110200,114320,0.964
1394,9887,東証1部,(株)松屋フーズ,02/02,3990,44500,46180,0.964
1395,7487,東証1部,小津産業(株),02/02,2245,5800,6020,0.963
1396,5333,東証1部,日本ガイシ(株),02/02,2244,1909100,1981860,0.963
1397,6448,東証1部,ブラザー工業(株),02/02,2834,993700,1032580,0.962
1398,4726,東証1部,ソフトバンク・テクノロジー(株),02/02,2079,271800,282540,0.962
1399,6381,東証1部,アネスト岩田(株),02/02,1285,46800,48680,0.961
1400,3848,東証JQS,(株)データ・アプリケーション,02/02,2022,8400,8740,0.961
1401,5901,東証1部,東洋製罐グループホールディングス(株),02/02,1766,693700,722600,0.960
1402,6099,東証1部,(株)エラン,02/02,1594,81300,84720,0.960
1403,8714,東証1部,(株)池田泉州ホールディングス,02/02,434,884000,921760,0.959
1404,5358,東証1部,イソライト工業(株),02/02,1434,880800,919120,0.958
1405,9265,東証1部,ヤマシタヘルスケアホールディングス(株),02/02,1582,5900,6160,0.958
1406,4234,東証JQS,(株)サンエー化研,02/02,853,26000,27160,0.957
1407,8999,東証1部,グランディハウス(株),02/02,578,89300,93320,0.957
1408,9110,東証1部,ＮＳユナイテッド海運(株),02/02,2595,89000,93040,0.957
1409,1383,東証JQS,ベルグアース(株),02/02,2400,7800,8160,0.956
1410,8214,東証1部,(株)ＡＯＫＩホールディングス,02/02,1739,120800,126440,0.955
1411,6560,マザーズ,(株)エル・ティー・エス,02/02,2410,72900,76380,0.954
1412,7748,東証JQS,(株)ホロン,02/02,824,30000,31440,0.954
1413,1360,東証ETF,日経平均ベア2倍上場投信,02/02,2923,1300810,1363584,0.954
1414,4403,東証1部,日油(株),02/02,3010,260400,273100,0.953
1415,4828,東証1部,東洋ビジネスエンジニアリング(株),02/02,1820,1600,1680,0.952
1416,5758,東証JQS,ＦＣＭ(株),02/02,3825,800,840,0.952
1417,6741,東証1部,日本信号(株),02/02,1163,154300,162020,0.952
1418,8844,東証JQS,(株)コスモスイニシア,02/02,900,699600,734840,0.952
1419,6517,東証1部,デンヨー(株),02/02,1835,32800,34500,0.951
1420,6325,東証1部,(株)タカキタ,02/02,976,125000,131520,0.950
1421,8344,東証1部,(株)山形銀行,02/02,2499,48300,50820,0.950
1422,6773,東証1部,パイオニア(株),02/02,232,4873000,5127680,0.950
1423,2502,東証1部,アサヒグループホールディングス(株),02/02,5712,1274300,1341200,0.950
1424,2305,東証1部,(株)スタジオアリス,02/02,2846,15200,16000,0.950
1425,7703,東証2部,川澄化学工業(株),02/02,887,14700,15480,0.950
1426,3925,マザーズ,(株)ダブルスタンダード,02/02,8250,12500,13180,0.948
1427,8881,東証1部,日神不動産(株),02/02,957,108200,114140,0.948
1428,3073,東証1部,(株)ＤＤホールディングス,02/02,4055,137600,145160,0.948
1429,7762,東証1部,シチズン時計(株),02/02,837,1338600,1412180,0.948
1430,1358,東証ETF,上場インデックス日経レバレッジ指数,02/02,20550,9508,10032,0.948
1431,7202,東証1部,いすゞ自動車(株),02/02,1882,3373200,3559520,0.948
1432,3989,マザーズ,シェアリングテクノロジー(株),02/02,3010,124300,131220,0.947
1433,3360,東証1部,シップヘルスケアホールディングス(株),02/02,3680,119600,126260,0.947
1434,7810,東証JQS,(株)クロスフォー,02/02,597,79900,84400,0.947
1435,7729,東証1部,(株)東京精密,02/02,4830,155400,164260,0.946
1436,9850,東証1部,(株)グルメ杵屋,02/02,1162,14000,14800,0.946
1437,9531,東証1部,東京ガス(株),02/02,2746.5,1482100,1567580,0.945
1438,8278,東証1部,(株)フジ,02/02,2390,64000,67740,0.945
1439,6626,東証JQS,ＳＥＭＩＴＥＣ(株),02/02,9230,47900,50700,0.945
1440,8253,東証1部,(株)クレディセゾン,02/02,1999,1060400,1123240,0.944
1441,9835,東証2部,(株)ジュンテンドー,02/02,996,9400,9960,0.944
1442,8324,東証1部,(株)第四銀行,02/02,5490,50600,53620,0.944
1443,4848,東証1部,(株)フルキャストホールディングス,02/02,2601,135500,143640,0.943
1444,6914,東証1部,オプテックスグループ(株),02/02,7090,91500,97060,0.943
1445,3762,東証1部,テクマトリックス(株),02/02,1804,379800,402900,0.943
1446,6920,東証1部,レーザーテック(株),02/02,3985,429400,455520,0.943
1447,3794,東証2部,エヌ・デーソフトウェア(株),02/02,1302,2300,2440,0.943
1448,9624,東証1部,(株)長大,02/02,888,32200,34160,0.943
1449,3083,東証JQS,(株)シーズメン,02/02,536,3600,3820,0.942
1450,6337,東証JQS,(株)テセック,02/02,2190,174100,184760,0.942
1451,6355,東証1部,住友精密工業(株),02/02,440,179000,190000,0.942
1452,8219,東証1部,青山商事(株),02/02,4350,156600,166260,0.942
1453,5724,東証JQS,(株)アサカ理研,02/02,2604,55900,59360,0.942
1454,4240,東証JQG,クラスターテクノロジー(株),02/02,927,152500,161940,0.942
1455,3993,マザーズ,(株)ＰＫＳＨＡ　Ｔｅｃｈｎｏｌｏｇｙ,02/02,16140,278800,296440,0.940
1456,6584,東証1部,三桜工業(株),02/02,879,77400,82300,0.940
1457,4229,東証1部,群栄化学工業(株),02/02,3865,6000,6380,0.940
1458,3434,東証1部,(株)アルファ,02/02,2194,19700,20960,0.940
1459,6158,東証JQS,(株)和井田製作所,02/02,1307,120700,128420,0.940
1460,6197,東証1部,(株)ソラスト,02/02,3050,111100,118220,0.940
1461,2379,東証1部,ディップ(株),02/02,3460,406600,432820,0.939
1462,8181,東証1部,(株)東天紅,02/02,2055,3100,3300,0.939
1463,1400,東証JQG,ルーデン・ホールディングス(株),02/02,546,248000,264060,0.939
1464,6134,東証1部,富士機械製造(株),02/02,2366,353200,376280,0.939
1465,8951,東証,日本ビルファンド投資法人,02/02,583000,3126,3331,0.938
1466,5940,東証2部,不二サッシ(株),02/02,102,512900,546720,0.938
1467,4534,東証1部,持田製薬(株),02/02,8460,20200,21560,0.937
1468,4733,東証1部,(株)オービックビジネスコンサルタント,02/02,6490,48300,51580,0.936
1469,3140,東証JQG,(株)イデアインターナショナル,02/02,1141,51200,54760,0.935
1470,5632,東証1部,三菱製鋼(株),02/02,2898,67500,72200,0.935
1471,9984,東証1部,ソフトバンクグループ(株),02/02,8956,4680700,5014220,0.933
1472,6803,東証1部,ティアック(株),02/02,45,55415000,59365400,0.933
1473,6461,東証1部,日本ピストンリング(株),02/02,2306,42300,45320,0.933
1474,3656,東証1部,ＫＬａｂ(株),02/02,1948,1545100,1655980,0.933
1475,2468,東証2部,(株)フュートレック,02/02,775,79900,85640,0.933
1476,3901,東証JQS,マークラインズ(株),02/02,1693,271200,290700,0.933
1477,2195,東証JQG,アミタホールディングス(株),02/02,2688,1100,1180,0.932
1478,6834,東証JQS,(株)精工技研,02/02,1891,4400,4720,0.932
1479,6089,東証1部,(株)ウィルグループ,02/02,2122,364400,390940,0.932
1480,7885,東証1部,タカノ(株),02/02,1109,17300,18560,0.932
1481,7956,東証1部,ピジョン(株),02/02,4420,501100,537820,0.932
1482,3865,東証1部,北越紀州製紙(株),02/02,727,714100,766760,0.931
1483,8966,東証,平和不動産リート投資法人,02/02,101000,2191,2354,0.931
1484,8179,東証1部,ロイヤルホールディングス(株),02/02,3060,73700,79200,0.931
1485,2157,東証1部,(株)コシダカホールディングス,02/02,6310,107500,115560,0.930
1486,4685,東証JQS,(株)菱友システムズ,02/02,5900,800,860,0.930
1487,3192,東証JQS,(株)白鳩,02/02,829,268300,288520,0.930
1488,7465,東証JQS,マックスバリュ北海道(株),02/02,4590,5300,5700,0.930
1489,6205,東証1部,ＯＫＫ(株),02/02,1332,30400,32720,0.929
1490,4187,東証1部,大阪有機化学工業(株),02/02,1705,130500,140460,0.929
1491,9422,東証1部,コネクシオ(株),02/02,2309,71400,76860,0.929
1492,4921,東証1部,(株)ファンケル,02/02,3575,417500,450020,0.928
1493,1324,東証ETF,(NEXT FUNDS)ロシア株式指数上場投信,02/02,137,58700,63280,0.928
1494,4743,東証1部,(株)アイティフォー,02/02,840,500100,539380,0.927
1495,6164,東証JQS,(株)太陽工機,02/02,2999,3800,4100,0.927
1496,6641,東証1部,日新電機(株),02/02,1199,712500,768760,0.927
1497,5105,東証1部,東洋ゴム工業(株),02/02,2340,659300,711400,0.927
1498,7480,東証1部,スズデン(株),02/02,1855,19100,20620,0.926
1499,2201,東証1部,森永製菓(株),02/02,5710,196200,211860,0.926
1500,6265,東証JQS,(株)妙徳,02/02,610,65000,70200,0.926
1501,1619,東証ETF,(NEXT FUNDS)建設･資材上場投信,02/02,27180,32,35,0.925
1502,5185,東証1部,(株)フコク,02/02,1113,9300,10060,0.924
1503,9302,東証1部,三井倉庫ホールディングス(株),02/02,371,328000,355000,0.924
1504,9439,東証JQS,(株)エム・エイチ・グループ,02/02,265,4100,4440,0.923
1505,6853,東証1部,(株)共和電業,02/02,466,41000,44420,0.923
1506,9007,東証1部,小田急電鉄(株),02/02,2428,562400,609400,0.923
1507,2501,東証1部,サッポロホールディングス(株),02/02,3365,201100,217920,0.923
1508,1968,東証1部,太平電業(株),02/02,2932,73600,79760,0.923
1509,1681,東証ETF,上場インデックスファンド海外新興国株式,02/02,1670,7190,7792,0.923
1510,4975,東証1部,(株)ＪＣＵ,02/02,5280,76500,82940,0.922
1511,5987,東証JQS,(株)オーネックス,02/02,2586,12200,13240,0.921
1512,8918,東証1部,(株)ランド,02/02,18,22032500,23913980,0.921
1513,7122,東証1部,近畿車輛(株),02/02,3200,17000,18460,0.921
1514,4186,東証1部,東京応化工業(株),02/02,5030,167100,181460,0.921
1515,9090,東証1部,(株)丸和運輸機関,02/02,4410,173300,188360,0.920
1516,9913,東証JQS,日邦産業(株),02/02,573,105600,114880,0.919
1517,1848,東証2部,(株)富士ピー・エス,02/02,1078,98500,107160,0.919
1518,8905,東証1部,イオンモール(株),02/02,2415,649000,706100,0.919
1519,9368,東証1部,キムラユニティー(株),02/02,1182,8400,9140,0.919
1520,6047,東証1部,(株)Ｇｕｎｏｓｙ,02/02,2942,523100,569280,0.919
1521,1871,東証1部,(株)ピーエス三菱,02/02,968,171900,187100,0.919
1522,6301,東証1部,コマツ,02/02,4200,6117800,6658760,0.919
1523,8979,東証,スターツプロシード投資法人,02/02,163400,454,494,0.919
1524,7483,東証1部,(株)ドウシシャ,02/02,2690,86800,94520,0.918
1525,2112,東証1部,塩水港精糖(株),02/02,272,84200,91700,0.918
1526,3948,東証JQS,光ビジネスフォーム(株),02/02,559,38600,42040,0.918
1527,1824,東証1部,前田建設工業(株),02/02,1524,523100,569780,0.918
1528,8935,東証1部,(株)ＦＪネクスト,02/02,958,47100,51320,0.918
1529,3094,東証JQS,(株)スーパーバリュー,02/02,938,3100,3380,0.917
1530,9024,東証1部,(株)西武ホールディングス,02/02,2224,883000,962820,0.917
1531,8023,東証2部,大興電子通信(株),02/02,1287,97000,105800,0.917
1532,3668,東証1部,(株)コロプラ,02/02,950,1323600,1443900,0.917
1533,2892,東証2部,日本食品化工(株),02/02,2621,1100,1200,0.917
1534,7313,東証1部,テイ・エス　テック(株),02/02,4555,245300,267760,0.916
1535,4541,東証1部,日医工(株),02/02,1720,224900,245540,0.916
1536,3172,東証1部,ティーライフ(株),02/02,1333,9700,10600,0.915
1537,4539,東証1部,日本ケミファ(株),02/02,4760,4300,4700,0.915
1538,4668,東証1部,(株)明光ネットワークジャパン,02/02,1360,126800,138620,0.915
1539,3176,東証1部,三洋貿易(株),02/02,2795,20300,22200,0.914
1540,8032,東証1部,日本紙パルプ商事(株),02/02,4410,12600,13780,0.914
1541,6028,東証1部,テクノプロ・ホールディングス(株),02/02,6150,121300,132700,0.914
1542,8051,東証1部,(株)山善,02/02,1360,135900,148740,0.914
1543,3904,マザーズ,(株)カヤック,02/02,1383,68300,74800,0.913
1544,4224,東証2部,ロンシール工業(株),02/02,2490,2100,2300,0.913
1545,2120,東証1部,(株)ＬＩＦＵＬＬ,02/02,957,427600,468440,0.913
1546,4323,東証1部,日本システム技術(株),02/02,1378,13600,14900,0.913
1547,9508,東証1部,九州電力(株),02/02,1217,1526400,1672840,0.912
1548,2655,東証2部,マックスバリュ東北(株),02/02,1543,9100,9980,0.912
1549,2121,マザーズ,(株)ミクシィ,02/02,4870,406700,446040,0.912
1550,3374,東証JQS,内外テック(株),02/02,4065,24200,26560,0.911
1551,3782,マザーズ,(株)ディー・ディー・エス,02/02,588,249500,273880,0.911
1552,8563,東証1部,(株)大東銀行,02/02,1637,12600,13840,0.910
1553,2676,東証1部,高千穂交易(株),02/02,1187,13200,14500,0.910
1554,3408,東証1部,サカイオーベックス(株),02/02,2645,13500,14840,0.910
1555,6324,東証JQS,(株)ハーモニック・ドライブ・システムズ,02/02,7460,694100,763040,0.910
1556,6175,東証JQS,(株)ネットマーケティング,02/02,2217,124900,137320,0.910
1557,4028,東証1部,石原産業(株),02/02,2109,136500,150080,0.910
1558,1647,東証ETF,ダイワ 上場投信･TOPIX-17小売,02/02,23040,10,11,0.909
1559,3515,東証JQS,(株)フジコー,02/02,4315,1400,1540,0.909
1560,3910,東証JQS,(株)エムケイシステム,02/02,2730,12600,13860,0.909
1561,4656,東証JQS,(株)サン・ライフ,02/02,1062,2200,2420,0.909
1562,9087,東証JQS,タカセ(株),02/02,2070,500,550,0.909
1563,8012,東証1部,長瀬産業(株),02/02,2013,201600,222080,0.908
1564,7867,東証1部,(株)タカラトミー,02/02,1687,679800,748860,0.908
1565,5162,東証JQS,(株)朝日ラバー,02/02,1366,29300,32280,0.908
1566,3932,東証1部,(株)アカツキ,02/02,6910,215500,237460,0.908
1567,2429,東証1部,(株)ワールドホールディングス,02/02,3710,70900,78140,0.907
1568,4544,東証1部,みらかホールディングス(株),02/02,5070,234600,258740,0.907
1569,7270,東証1部,(株)ＳＵＢＡＲＵ,02/02,3648,2644900,2918640,0.906
1570,2884,東証1部,(株)ヨシムラ・フード・ホールディングス,02/02,1831,559500,617700,0.906
1571,1486,東証ETF,上場インデックスファンド米国債券(H無),02/02,19750,115,127,0.906
1572,2776,東証JQS,新都ホールディングス(株),02/02,185,578300,639080,0.905
1573,4526,東証1部,理研ビタミン(株),02/02,4245,15000,16580,0.905
1574,6454,東証1部,マックス(株),02/02,1580,56000,61900,0.905
1575,6067,マザーズ,(株)メディアフラッグ,02/02,967,51000,56440,0.904
1576,7012,東証1部,川崎重工業(株),02/02,4465,1386200,1535080,0.903
1577,9044,東証1部,南海電気鉄道(株),02/02,2904,187200,207380,0.903
1578,5009,東証1部,富士興産(株),02/02,672,64000,70900,0.903
1579,1810,東証1部,松井建設(株),02/02,931,26500,29360,0.903
1580,4644,東証JQS,イマジニア(株),02/02,1182,152200,168640,0.903
1581,6368,東証1部,オルガノ(株),02/02,3600,19700,21840,0.902
1582,7169,東証JQS,(株)ニュートン・フィナンシャル・コンサルティング,02/02,2130,14500,16080,0.902
1583,5721,東証1部,(株)エス・サイエンス,02/02,89,474300,526140,0.901
1584,4967,東証1部,小林製薬(株),02/02,7420,122100,135480,0.901
1585,9433,東証1部,ＫＤＤＩ(株),02/02,2799,7148000,7934940,0.901
1586,7769,東証1部,リズム時計工業(株),02/02,2333,6900,7660,0.901
1587,5194,東証2部,相模ゴム工業(株),02/02,2023,47000,52200,0.900
1588,7450,東証JQS,(株)サンデー,02/02,1778,900,1000,0.900
1589,1883,東証1部,前田道路(株),02/02,2496,156000,173400,0.900
1590,8795,東証1部,(株)Ｔ＆Ｄホールディングス,02/02,2021,2301600,2558920,0.899
1591,2579,東証1部,コカ・コーラ　ボトラーズジャパンホールディングス(株),02/02,3890,880100,978640,0.899
1592,2687,東証1部,(株)シー・ヴイ・エス・ベイエリア,02/02,742,13000,14460,0.899
1593,3395,東証1部,(株)サンマルクホールディングス,02/02,3140,45600,50740,0.899
1594,6823,東証1部,リオン(株),02/02,2923,77300,86040,0.898
1595,1571,東証ETF,(NEXT FUNDS)日経平均インバース上場投信,02/02,1613,391696,436084,0.898
1596,1971,東証2部,中央ビルト工業(株),02/02,1121,3700,4120,0.898
1597,8285,東証1部,三谷産業(株),02/02,476,31300,34860,0.898
1598,8366,東証1部,(株)滋賀銀行,02/02,609,666000,742000,0.898
1599,8787,東証JQS,(株)ＵＣＳ,02/02,1506,4700,5240,0.897
1600,8154,東証1部,加賀電子(株),02/02,3060,54900,61220,0.897
1601,4686,東証1部,(株)ジャストシステム,02/02,2221,191700,213860,0.896
1602,3004,東証1部,神栄(株),02/02,1544,3800,4240,0.896
1603,5110,東証1部,住友ゴム工業(株),02/02,2147,850500,949240,0.896
1604,5631,東証1部,(株)日本製鋼所,02/02,3405,364500,406880,0.896
1605,4118,東証1部,(株)カネカ,02/02,1022,935000,1043800,0.896
1606,7808,東証JQS,(株)シー・エス・ランバー,02/02,2151,11000,12280,0.896
1607,9507,東証1部,四国電力(株),02/02,1239,793400,885740,0.896
1608,1481,東証ETF,上場インデックスファンド日本経済貢献株,02/02,1633,324,362,0.896
1609,1330,東証ETF,上場インデックスファンド225,02/02,24010,106470,118896,0.895
1610,3085,東証1部,アークランドサービスホールディングス(株),02/02,2495,69000,77240,0.893
1611,4718,東証1部,(株)早稲田アカデミー,02/02,1751,4500,5040,0.893
1612,2117,東証1部,日新製糖(株),02/02,2215,11000,12340,0.891
1613,7811,東証1部,中本パックス(株),02/02,4630,8500,9540,0.891
1614,8377,東証1部,(株)ほくほくフィナンシャルグループ,02/02,1728,475100,533800,0.890
1615,9943,東証JQS,(株)ココスジャパン,02/02,2274,5500,6180,0.890
1616,3249,東証,産業ファンド投資法人,02/02,123600,3413,3839,0.889
1617,8022,東証1部,ミズノ(株),02/02,3290,41700,46900,0.889
1618,3600,東証2部,(株)フジックス,02/02,2550,1000,1125,0.889
1619,9376,東証JQS,(株)ユーラシア旅行社,02/02,591,2400,2700,0.889
1620,6742,東証1部,(株)京三製作所,02/02,758,123000,138400,0.889
1621,7846,東証1部,(株)パイロットコーポレーション,02/02,5510,51700,58220,0.888
1622,3185,マザーズ,夢展望(株),02/02,1394,16800,18920,0.888
1623,7780,東証1部,(株)メニコン,02/02,3500,118000,132900,0.888
1624,6675,東証1部,サクサホールディングス(株),02/02,2105,9500,10700,0.888
1625,1730,東証JQS,麻生フオームクリート(株),02/02,810,11700,13180,0.888
1626,6459,東証1部,大和冷機工業(株),02/02,1377,94300,106240,0.888
1627,2384,東証1部,ＳＢＳホールディングス(株),02/02,1188,97500,109900,0.887
1628,3297,東証JQS,(株)東武住販,02/02,1658,7700,8680,0.887
1629,2499,東証2部,日本和装ホールディングス(株),02/02,515,31500,35520,0.887
1630,3473,東証,さくら総合リート投資法人,02/02,100600,1447,1633,0.886
1631,1944,東証1部,(株)きんでん,02/02,1835,685400,773760,0.886
1632,7649,東証1部,スギホールディングス(株),02/02,5890,111200,125560,0.886
1633,6312,東証JQS,フロイント産業(株),02/02,1174,129600,146440,0.885
1634,9651,東証JQS,日本プロセス(株),02/02,968,34900,39440,0.885
1635,6925,東証1部,ウシオ電機(株),02/02,1605,314100,355200,0.884
1636,6136,東証1部,ＯＳＧ,02/02,2764,303300,343080,0.884
1637,7180,東証1部,(株)九州フィナンシャルグループ,02/02,672,1170700,1324480,0.884
1638,6462,東証1部,(株)リケン,02/02,6430,21600,24440,0.884
1639,9502,東証1部,中部電力(株),02/02,1395,1698300,1921920,0.884
1640,9709,東証2部,ＮＣＳ＆Ａ(株),02/02,430,12400,14040,0.883
1641,2730,東証1部,(株)エディオン,02/02,1408,424400,480540,0.883
1642,8975,東証,いちごオフィスリート投資法人,02/02,81800,1680,1903,0.883
1643,1711,東証2部,(株)省電舎ホールディングス,02/02,1500,457200,518060,0.883
1644,5380,東証JQS,新東(株),02/02,2851,500,567,0.882
1645,5918,東証2部,瀧上工業(株),02/02,6010,300,340,0.882
1646,2162,東証JQS,ｎｍｓホールディングス(株),02/02,1960,76600,86860,0.882
1647,8957,東証,東急リアル・エステート投資法人,02/02,138400,3029,3435,0.882
1648,7284,東証1部,盟和産業(株),02/02,1401,5800,6580,0.881
1649,3028,東証1部,(株)アルペン,02/02,2605,75900,86280,0.880
1650,1659,東証ETF,iシェアーズ 米国リート ETF,02/02,1882,9186,10447,0.879
1651,3001,東証1部,片倉工業(株),02/02,1476,57100,64940,0.879
1652,7616,東証1部,(株)コロワイド,02/02,2211,207000,235460,0.879
1653,3109,東証1部,シキボウ(株),02/02,1389,128700,146400,0.879
1654,3825,東証2部,(株)リミックスポイント,02/02,713,1562700,1778000,0.879
1655,4588,マザーズ,オンコリスバイオファーマ(株),02/02,1077,467600,532060,0.879
1656,3153,東証1部,八洲電機(株),02/02,953,22600,25720,0.879
1657,8527,東証1部,(株)愛知銀行,02/02,5830,30800,35060,0.878
1658,3372,東証2部,(株)関門海,02/02,552,55800,63520,0.878
1659,7741,東証1部,ＨＯＹＡ(株),02/02,5563,1426100,1624040,0.878
1660,7965,東証2部,象印マホービン(株),02/02,1348,393900,448780,0.878
1661,4004,東証1部,昭和電工(株),02/02,5180,988500,1126240,0.878
1662,7545,東証1部,(株)西松屋チェーン,02/02,1298,226900,258560,0.878
1663,1905,東証JQS,(株)テノックス,02/02,1143,10600,12080,0.877
1664,7897,東証1部,ホクシン(株),02/02,201,122500,139660,0.877
1665,7172,マザーズ,(株)ジャパンインベストメントアドバイザー,02/02,3770,128200,146160,0.877
1666,4565,マザーズ,そーせいグループ(株),02/02,11650,338200,385700,0.877
1667,3815,マザーズ,(株)メディア工房,02/02,515,25000,28520,0.877
1668,1980,東証1部,ダイダン(株),02/02,2688,23000,26240,0.877
1669,4062,東証1部,イビデン(株),02/02,1694,950100,1084020,0.876
1670,7448,東証1部,(株)ジーンズメイト,02/02,1008,133800,152660,0.876
1671,4080,東証JQS,(株)田中化学研究所,02/02,2192,144100,164420,0.876
1672,2669,東証JQS,カネ美食品(株),02/02,3375,1700,1940,0.876
1673,3391,東証1部,(株)ツルハホールディングス,02/02,15760,207800,237160,0.876
1674,8078,東証1部,阪和興業(株),02/02,5480,134400,153500,0.876
1675,7246,東証1部,プレス工業(株),02/02,701,444700,508080,0.875
1676,5344,東証1部,(株)ＭＡＲＵＷＡ,02/02,10140,220600,252060,0.875
1677,7512,東証1部,イオン北海道(株),02/02,848,57900,66160,0.875
1678,3222,東証1部,ユナイテッド・スーパーマーケット・ホールディングス(株),02/02,1142,188300,215180,0.875
1679,5991,東証1部,ニッパツ,02/02,1224,762200,871020,0.875
1680,6378,東証1部,木村化工機(株),02/02,582,90200,103080,0.875
1681,9603,東証1部,(株)エイチ・アイ・エス,02/02,4035,177000,202280,0.875
1682,4523,東証1部,エーザイ(株),02/02,6302,664200,759100,0.875
1683,4021,東証1部,日産化学工業(株),02/02,4475,444500,508020,0.875
1684,4205,東証1部,日本ゼオン(株),02/02,1746,1627800,1860820,0.875
1685,6958,東証1部,日本ＣＭＫ(株),02/02,1053,553100,632280,0.875
1686,3912,東証1部,(株)モバイルファクトリー,02/02,1404,175300,200500,0.874
1687,3962,マザーズ,(株)チェンジ,02/02,8330,22100,25280,0.874
1688,6590,東証1部,芝浦メカトロニクス(株),02/02,464,362000,414200,0.874
1689,5232,東証1部,住友大阪セメント(株),02/02,523,2069000,2368000,0.874
1690,3295,東証,ヒューリックリート投資法人,02/02,170800,2544,2913,0.873
1691,9856,東証1部,(株)ケーユーホールディングス,02/02,1186,12000,13740,0.873
1692,7817,東証1部,パラマウントベッドホールディングス(株),02/02,5850,69400,79500,0.873
1693,3946,東証1部,(株)トーモク,02/02,2255,17900,20520,0.872
1694,8152,東証2部,ソマール(株),02/02,4190,5600,6420,0.872
1695,6777,東証JQS,ｓａｎｔｅｃ(株),02/02,1670,99100,113620,0.872
1696,7912,東証1部,大日本印刷(株),02/02,2461,814300,933820,0.872
1697,5706,東証1部,三井金属,02/02,6330,1034100,1186160,0.872
1698,4689,東証1部,ヤフー(株),02/02,523,10783500,12376140,0.871
1699,6332,東証1部,月島機械(株),02/02,1375,85400,98020,0.871
1700,3674,マザーズ,(株)オークファン,02/02,904,31800,36500,0.871
1701,6098,東証1部,(株)リクルートホールディングス,02/02,2704.5,3408800,3915560,0.871
1702,7640,東証1部,(株)トップカルチャー,02/02,502,12900,14820,0.870
1703,6145,東証JQS,日特エンジニアリング(株),02/02,5440,89700,103100,0.870
1704,3981,マザーズ,(株)ビーグリー,02/02,1821,102900,118280,0.870
1705,1496,東証ETF,iシェアーズ 米ドル建て投資適格社債ETF(H有),02/02,2468,1166,1340,0.870
1706,7445,東証1部,(株)ライトオン,02/02,933,38500,44280,0.869
1707,3978,東証1部,(株)マクロミル,02/02,2751,478800,550860,0.869
1708,7818,東証1部,(株)トランザクション,02/02,1151,351000,403900,0.869
1709,6054,東証1部,(株)リブセンス,02/02,560,75100,86420,0.869
1710,2359,東証1部,(株)コア,02/02,1438,50000,57540,0.869
1711,4728,東証1部,(株)トーセ,02/02,2003,58000,66780,0.869
1712,1366,東証ETF,ダイワ 上場投信-日経平均ダブルインバース,02/02,3170,201886,232553,0.868
1713,7921,東証1部,宝印刷(株),02/02,1778,15900,18320,0.868
1714,5011,東証1部,ニチレキ(株),02/02,1344,60700,69940,0.868
1715,9078,東証2部,(株)エスライン,02/02,1211,13900,16020,0.868
1716,4658,東証1部,日本空調サービス(株),02/02,786,47900,55220,0.867
1717,8088,東証1部,岩谷産業(株),02/02,3865,95900,110580,0.867
1718,2818,東証1部,(株)ピエトロ,02/02,1686,5200,6000,0.867
1719,4583,マザーズ,(株)カイオム・バイオサイエンス,02/02,395,156500,180580,0.867
1720,4569,東証1部,キョーリン製薬ホールディングス(株),02/02,2090,155000,178880,0.867
1721,8244,東証1部,(株)近鉄百貨店,02/02,3995,13600,15700,0.866
1722,4971,東証1部,メック(株),02/02,2239,136400,157600,0.865
1723,4304,東証JQS,(株)Ｅストアー,02/02,983,16700,19300,0.865
1724,6967,東証1部,新光電気工業(株),02/02,902,903300,1044420,0.865
1725,3107,東証1部,ダイワボウホールディングス(株),02/02,4915,58000,67120,0.864
1726,4705,東証JQS,(株)クリップコーポレーション,02/02,1003,4700,5440,0.864
1727,1605,東証1部,国際石油開発帝石(株),02/02,1449,4847100,5612760,0.864
1728,8985,東証,ジャパン・ホテル・リート投資法人,02/02,80700,10387,12033,0.863
1729,2593,東証1部,(株)伊藤園,02/02,4600,140500,162800,0.863
1730,5942,東証1部,日本フイルコン(株),02/02,720,45100,52280,0.863
1731,9852,東証JQS,ＣＢグループマネジメント(株),02/02,4200,1000,1160,0.862
1732,7438,東証1部,コンドーテック(株),02/02,1077,27600,32020,0.862
1733,7855,東証JQG,カーディナル(株),02/02,891,48600,56400,0.862
1734,2174,東証1部,ＧＣＡ(株),02/02,1032,220200,255620,0.861
1735,1356,東証ETF,TOPIXベア2倍上場投信,02/02,2255,256820,298144,0.861
1736,6498,東証1部,(株)キッツ,02/02,1014,436900,507420,0.861
1737,6458,東証1部,新晃工業(株),02/02,2174,42100,48920,0.861
1738,9658,東証1部,(株)ビジネスブレイン太田昭和,02/02,1903,25600,29760,0.860
1739,7244,東証1部,市光工業(株),02/02,1080,433700,504200,0.860
1740,6888,東証JQS,アクモス(株),02/02,353,94000,109380,0.859
1741,1833,東証1部,(株)奥村組,02/02,4790,117700,136960,0.859
1742,5214,東証1部,日本電気硝子(株),02/02,4450,378300,440240,0.859
1743,6310,東証1部,井関農機(株),02/02,2829,59500,69260,0.859
1744,9896,東証1部,ＪＫホールディングス(株),02/02,935,16100,18760,0.858
1745,6757,東証JQS,(株)ＯＳＧコーポレーション,02/02,849,21300,24820,0.858
1746,8114,東証1部,(株)デサント,02/02,1985,128800,150180,0.858
1747,3313,東証1部,ブックオフコーポレーション(株),02/02,846,20000,23320,0.858
1748,7887,東証2部,南海プライウッド(株),02/02,6440,600,700,0.857
1749,3168,東証2部,黒谷(株),02/02,2162,204200,238300,0.857
1750,4355,東証JQS,ロングライフホールディング(株),02/02,504,40800,47620,0.857
1751,8127,東証1部,ヤマト　インターナショナル(株),02/02,478,22800,26620,0.856
1752,8136,東証1部,(株)サンリオ,02/02,1892,187200,218720,0.856
1753,6370,東証1部,栗田工業(株),02/02,3515,347900,406520,0.856
1754,7936,東証1部,(株)アシックス,02/02,1819,727000,850000,0.855
1755,4045,東証1部,東亞合成(株),02/02,1411,208400,243660,0.855
1756,8273,東証1部,(株)イズミ,02/02,7120,79300,92780,0.855
1757,6379,東証1部,新興プランテック(株),02/02,1136,141500,165600,0.854
1758,3513,東証1部,イチカワ(株),02/02,389,54000,63200,0.854
1759,2698,東証1部,(株)キャンドゥ,02/02,1798,40700,47640,0.854
1760,6273,東証1部,ＳＭＣ(株),02/02,54990,213400,249800,0.854
1761,4274,東証JQS,細谷火工(株),02/02,1391,17400,20380,0.854
1762,4956,東証1部,コニシ(株),02/02,2002,38800,45460,0.853
1763,8041,東証1部,ＯＵＧホールディングス(株),02/02,2614,10000,11720,0.853
1764,4097,東証1部,高圧ガス工業(株),02/02,932,25800,30240,0.853
1765,3068,東証JQS,(株)ＷＤＩ,02/02,1626,7300,8560,0.853
1766,7018,東証2部,内海造船(株),02/02,1786,2200,2580,0.853
1767,6493,東証2部,日鍛バルブ(株),02/02,401,66900,78460,0.853
1768,5471,東証1部,大同特殊鋼(株),02/02,6520,239600,281020,0.853
1769,2378,東証1部,(株)ルネサンス,02/02,1853,71900,84360,0.852
1770,7951,東証1部,ヤマハ(株),02/02,4510,937500,1100060,0.852
1771,6763,東証1部,帝国通信工業(株),02/02,1432,33200,38980,0.852
1772,4917,東証1部,(株)マンダム,02/02,4015,168600,197980,0.852
1773,6750,東証1部,エレコム(株),02/02,2619,54700,64240,0.851
1774,7296,東証1部,(株)エフ・シー・シー,02/02,3335,208000,244340,0.851
1775,1925,東証1部,大和ハウス工業(株),02/02,4355,1329700,1562220,0.851
1776,8713,東証1部,フィデアホールディングス(株),02/02,206,359100,422600,0.850
1777,9979,東証1部,(株)大庄,02/02,1752,23700,27900,0.849
1778,6532,マザーズ,(株)ベイカレント・コンサルティング,02/02,3425,138900,163520,0.849
1779,7011,東証1部,三菱重工業(株),02/02,4146,1856500,2185760,0.849
1780,5391,東証1部,(株)エーアンドエーマテリアル,02/02,1397,15200,17900,0.849
1781,8346,東証1部,(株)東邦銀行,02/02,413,312400,367900,0.849
1782,3880,東証1部,大王製紙(株),02/02,1490,207500,244520,0.849
1783,8630,東証1部,ＳＯＭＰＯホールディングス(株),02/02,4389,1388800,1636580,0.849
1784,3230,東証1部,スター・マイカ(株),02/02,2051,187100,220500,0.849
1785,6820,東証1部,アイコム(株),02/02,2625,10400,12260,0.848
1786,5658,東証1部,日亜鋼業(株),02/02,380,75400,88920,0.848
1787,3641,東証JQS,(株)パピレス,02/02,2081,65400,77140,0.848
1788,9067,東証1部,(株)丸運,02/02,357,25700,30320,0.848
1789,7236,東証1部,(株)ティラド,02/02,3850,12500,14760,0.847
1790,4826,東証1部,(株)ＣＩＪ,02/02,747,93600,110580,0.846
1791,7776,東証JQG,(株)セルシード,02/02,516,71500,84480,0.846
1792,8986,東証,日本賃貸住宅投資法人,02/02,85300,2140,2529,0.846
1793,6754,東証1部,アンリツ(株),02/02,1323,2156600,2548460,0.846
1794,2352,東証1部,(株)エイジア,02/02,1541,185600,219340,0.846
1795,8144,東証2部,(株)電響社,02/02,1630,3400,4020,0.846
1796,9533,東証1部,東邦ガス(株),02/02,3310,248900,294460,0.845
1797,6177,マザーズ,ＡｐｐＢａｎｋ(株),02/02,528,17000,20120,0.845
1798,5201,東証1部,旭硝子(株),02/02,4765,637900,755180,0.845
1799,2281,東証1部,プリマハム(株),02/02,768,1050000,1243200,0.845
1800,5017,東証1部,富士石油(株),02/02,574,481900,570600,0.845
