0,1d2a,20180123,1644
1,3358,東証JQS,ワイエスフード(株),15:00,360,28.57%,80,45600
2,2776,東証JQS,新都ホールディングス(株),15:00,262,24.76%,52,6967900
3,8201,東証1部,さが美グループホールディングス(株),15:00,157,23.62%,30,25609000
4,3953,東証JQS,大村紙業(株),15:00,2100,23.53%,400,339900
5,1992,東証JQS,神田通信機(株),15:00,2900,20.83%,500,12000
6,3908,マザーズ,(株)コラボス,15:00,4140,20.35%,700,13900
7,3915,マザーズ,(株)テラスカイ,15:00,9460,18.84%,1500,21400
8,3547,マザーズ,(株)串カツ田中,15:00,4545,18.21%,700,698600
9,8191,東証JQS,(株)光製作所,15:00,6590,17.89%,1000,18800
10,3054,東証JQS,(株)ハイパー,15:00,1888,17.85%,286,4422900
11,7175,東証JQS,今村証券(株),15:00,2055,16.96%,298,38700
12,3856,マザーズ,Ａｂａｌａｎｃｅ(株),15:00,1042,16.82%,150,247500
13,3486,マザーズ,(株)グローバル・リンク・マネジメント,15:00,10870,16.01%,1500,485300
14,3469,東証JQS,(株)デュアルタップ,15:00,3755,14.66%,480,289400
15,3540,東証JQS,(株)歯愛メディカル,15:00,7840,14.62%,1000,357100
16,1691,東証ETF,ETFS ガソリン上場投資信託,14:54,3100,14.39%,390,100
17,3939,マザーズ,(株)カナミックネットワーク,15:00,5610,14.26%,700,106000
18,8705,東証JQS,岡藤ホールディングス(株),15:00,219,14.06%,27,5700400
19,3741,東証1部,(株)セック,15:00,2923,11.99%,313,768600
20,3482,マザーズ,ロードスターキャピタル(株),15:00,2043,11.64%,213,1112000
21,2330,東証JQS,(株)フォーサイド,15:00,350,11.11%,35,8372300
22,3353,東証JQS,(株)メディカル一光,14:29,11070,10.70%,1070,800
23,4231,東証1部,タイガースポリマー(株),15:00,930,9.93%,84,320800
24,2471,東証JQS,(株)エスプール,15:00,4825,9.91%,435,264300
25,2492,東証1部,(株)インフォマート,15:00,756,9.41%,65,1675700
26,4235,東証JQS,ウルトラファブリックス・ホールディングス(株),15:00,3250,9.24%,275,127900
27,6647,東証2部,森尾電機(株),14:58,3315,9.23%,280,533500
28,9262,マザーズ,(株)シルバーライフ,15:00,5700,9.20%,480,44700
29,5287,東証2部,(株)イトーヨーギョー,15:00,1198,8.51%,94,124100
30,5279,東証JQS,日本興業(株),15:00,1620,8.43%,126,98900
31,8890,東証JQS,(株)レーサム,15:00,1709,8.37%,132,704000
32,3758,東証JQS,(株)アエリア,15:00,2171,8.28%,166,3820600
33,3927,マザーズ,(株)アークン,15:00,1087,8.16%,82,1851600
34,5941,東証2部,(株)中西製作所,15:00,2019,8.08%,151,45900
35,2706,東証JQS,(株)ブロッコリー,15:00,511,8.03%,38,1645000
36,3134,東証1部,Ｈａｍｅｅ(株),15:00,2096,7.99%,155,377900
37,3997,東証JQS,(株)トレードワークス,15:00,9980,7.66%,710,61100
38,6591,東証2部,西芝電機(株),15:00,183,7.65%,13,738800
39,6044,東証1部,(株)三機サービス,15:00,1815,7.52%,127,140200
40,9416,東証1部,(株)ビジョン,15:00,3215,7.49%,224,285800
41,3264,東証JQS,(株)アスコット,15:00,377,7.41%,26,2176600
42,8912,東証2部,(株)エリアクエスト,15:00,290,7.41%,20,10015300
43,3192,東証JQS,(株)白鳩,15:00,738,7.27%,50,1087300
44,3641,東証JQS,(株)パピレス,15:00,2140,7.21%,144,209400
45,4565,マザーズ,そーせいグループ(株),15:00,12050,7.11%,800,940900
46,8885,東証JQG,(株)ラ・アトレ,15:00,814,7.11%,54,107700
47,3920,東証1部,アイビーシー(株),15:00,1456,7.06%,96,278600
48,3659,東証1部,(株)ネクソン,15:00,3685,6.97%,240,1871800
49,6719,東証2部,富士通コンポーネント(株),15:00,1369,6.95%,89,310900
50,7624,東証JQS,(株)ＮａＩＴＯ,15:00,416,6.94%,27,1556700
51,3168,東証2部,黒谷(株),15:00,1929,6.87%,124,642600
52,6747,東証2部,ＫＩホールディングス(株),15:00,498,6.87%,32,655000
53,3221,東証1部,(株)ヨシックス,15:00,3685,6.81%,235,151100
54,6444,東証1部,サンデンホールディングス(株),15:00,2434,6.66%,152,513300
55,6494,東証JQS,(株)ＮＦＫホールディングス,15:00,209,6.63%,13,11676700
56,2462,東証1部,ライク(株),15:00,2393,6.59%,148,837100
57,4819,東証1部,(株)デジタルガレージ,15:00,4045,6.45%,245,1053200
58,3993,マザーズ,(株)ＰＫＳＨＡ　Ｔｅｃｈｎｏｌｏｇｙ,15:00,16190,6.44%,980,554500
59,4976,東証JQS,東洋ドライルーブ(株),15:00,5910,6.29%,350,14800
60,4992,東証1部,北興化学工業(株),15:00,816,6.25%,48,220100
61,5289,東証2部,ゼニス羽田ホールディングス(株),15:00,443,6.24%,26,4021000
62,9467,マザーズ,(株)アルファポリス,15:00,2439,6.14%,141,45400
63,6080,東証1部,Ｍ＆Ａキャピタルパートナーズ(株),15:00,9420,5.96%,530,212600
64,2267,東証1部,(株)ヤクルト本社,15:00,9280,5.94%,520,694200
65,2475,東証1部,ＷＤＢホールディングス(株),15:00,4010,5.94%,225,130700
66,3989,マザーズ,シェアリングテクノロジー(株),15:00,3670,5.92%,205,128400
67,6914,東証1部,オプテックスグループ(株),15:00,7000,5.90%,390,271100
68,6125,東証2部,(株)岡本工作機械製作所,15:00,4960,5.87%,275,77200
69,2425,東証JQG,(株)ケアサービス,15:00,1499,5.86%,83,147300
70,6069,マザーズ,トレンダーズ(株),15:00,2138,5.84%,118,197100
71,3021,東証2部,(株)パシフィックネット,15:00,638,5.80%,35,40400
72,3512,東証1部,日本フエルト(株),15:00,549,5.78%,30,66400
73,9757,東証1部,(株)船井総研ホールディングス,15:00,2699,5.72%,146,225500
74,6628,東証JQS,オンキヨー(株),15:00,167,5.70%,9,2629100
75,3238,東証2部,セントラル総合開発(株),15:00,353,5.69%,19,239500
76,5304,東証2部,ＳＥＣカーボン(株),15:00,7060,5.69%,380,11200
77,3965,東証JQS,(株)キャピタル・アセット・プランニング,15:00,4470,5.67%,240,61500
78,7198,東証1部,アルヒ(株),15:00,1472,5.67%,79,981800
79,1850,東証2部,南海辰村建設(株),15:00,75,5.63%,4,1823000
80,6467,東証JQS,(株)ニチダイ,15:00,844,5.63%,45,115800
81,2805,東証2部,ヱスビー食品(株),15:00,12880,5.57%,680,12100
82,9418,東証1部,(株)ＵＳＥＮ−ＮＥＸＴ　ＨＯＬＤＩＮＧＳ,15:00,1081,5.57%,57,184000
83,5301,東証1部,東海カーボン(株),15:00,1696,5.54%,89,5715300
84,3990,マザーズ,ＵＵＵＭ(株),15:00,5540,5.52%,290,98600
85,5945,東証JQS,天龍製鋸(株),15:00,3375,5.47%,175,9700
86,3852,東証1部,サイバーコム(株),15:00,1476,5.43%,76,391000
87,6081,マザーズ,アライドアーキテクツ(株),15:00,1056,5.39%,54,254800
88,3996,マザーズ,サインポスト(株),15:00,18600,5.38%,950,102900
89,1697,東証ETF,ETFS 大豆上場投資信託,09:22,2381,5.35%,121,70
90,3912,東証1部,(株)モバイルファクトリー,15:00,1544,5.32%,78,738900
91,3110,東証1部,日東紡,15:00,3420,5.23%,170,191000
92,6926,東証1部,岡谷電機産業(株),15:00,750,5.19%,37,206500
93,4004,東証1部,昭和電工(株),15:00,5340,5.12%,260,2143100
94,8202,東証2部,ラオックス(株),15:00,638,5.11%,31,848400
95,3319,東証1部,(株)ゴルフダイジェスト・オンライン,15:00,1157,5.09%,56,152200
96,4124,東証JQS,大阪油化工業(株),15:00,4025,5.09%,195,48900
97,6176,マザーズ,(株)ブランジスタ,15:00,1927,5.07%,93,588500
98,1848,東証2部,(株)富士ピー・エス,15:00,997,5.06%,48,149300
99,6058,東証1部,(株)ベクトル,15:00,2246,5.05%,108,764500
100,2150,マザーズ,(株)ケアネット,15:00,1356,5.03%,65,134000
101,2168,東証1部,(株)パソナグループ,15:00,2368,5.01%,113,506800
102,7777,東証JQG,(株)スリー・ディー・マトリックス,15:00,1012,4.98%,48,578100
103,3135,マザーズ,(株)マーケットエンタープライズ,15:00,914,4.94%,43,40500
104,6046,マザーズ,(株)リンクバル,15:00,3610,4.94%,170,96200
105,7255,東証JQS,(株)桜井製作所,14:59,659,4.94%,31,12200
106,8806,東証1部,ダイビル(株),15:00,1470,4.93%,69,273300
107,8737,東証2部,(株)あかつき本社,15:00,618,4.92%,29,499700
108,9691,東証JQS,(株)両毛システムズ,15:00,1643,4.92%,77,45800
109,6969,東証2部,松尾電機(株),15:00,907,4.86%,42,303700
110,6286,東証JQS,靜甲(株),15:00,1124,4.85%,52,28900
111,6198,マザーズ,(株)キャリア,15:00,4005,4.84%,185,89800
112,6480,東証1部,日本トムソン(株),15:00,912,4.83%,42,887200
113,3186,東証1部,(株)ネクステージ,15:00,891,4.82%,41,623000
114,4911,東証1部,(株)資生堂,15:00,6029,4.82%,277,2450600
115,5194,東証2部,相模ゴム工業(株),14:51,1939,4.81%,89,55000
116,6030,マザーズ,(株)アドベンチャー,15:00,14880,4.79%,680,20600
117,6554,マザーズ,(株)エスユーエス,15:00,4620,4.76%,210,32900
118,9753,東証JQS,アイエックス・ナレッジ(株),15:00,838,4.75%,38,311000
119,3199,東証1部,綿半ホールディングス(株),15:00,4210,4.73%,190,59100
120,9325,マザーズ,(株)ファイズ,15:00,2825,4.71%,127,59200
121,5277,東証JQS,(株)スパンクリートコーポレーション,15:00,559,4.68%,25,57400
122,8927,東証JQS,(株)明豊エンタープライズ,15:00,471,4.67%,21,3261400
123,3918,東証1部,ＰＣＩホールディングス(株),15:00,3940,4.65%,175,161400
124,4551,東証1部,鳥居薬品(株),15:00,3160,4.64%,140,391500
125,6131,東証2部,浜井産業(株),15:00,204,4.62%,9,2568000
126,7169,東証JQS,(株)ニュートン・フィナンシャル・コンサルティング,15:00,1972,4.62%,87,67600
127,3784,東証1部,(株)ヴィンクス,15:00,1362,4.61%,60,34500
128,6538,東証1部,(株)キャリアインデックス,15:00,1934,4.60%,85,114000
129,3276,東証1部,日本管理センター(株),15:00,1779,4.59%,78,185400
130,7564,東証JQS,(株)ワークマン,14:58,4800,4.58%,210,10100
131,3441,東証JQS,(株)山王,15:00,1238,4.56%,54,267800
132,8203,東証1部,(株)ＭｒＭａｘＨＤ,15:00,825,4.56%,36,234400
133,2134,東証JQS,燦キャピタルマネージメント(株),15:00,92,4.55%,4,4735100
134,1383,東証JQS,ベルグアース(株),15:00,2608,4.45%,111,24300
135,3187,マザーズ,(株)サンワカンパニー,15:00,353,4.44%,15,107300
136,6325,東証1部,(株)タカキタ,15:00,1201,4.43%,51,125100
137,8152,東証2部,ソマール(株),15:00,3895,4.42%,165,16700
138,7244,東証1部,市光工業(株),15:00,996,4.40%,42,831800
139,3372,東証2部,(株)関門海,15:00,572,4.38%,24,221900
140,3773,マザーズ,(株)アドバンスト・メディア,15:00,1933,4.37%,81,711400
141,6637,東証JQS,寺崎電気産業(株),15:00,1678,4.35%,70,85600
142,1610,東証ETF,ダイワ 上場投信-東証電気機器株価指数,10:21,2897,4.32%,120,310
143,7475,東証1部,アルビス(株),15:00,3880,4.30%,160,19300
144,8165,東証1部,(株)千趣会,15:00,607,4.30%,25,314900
145,1435,東証1部,(株)インベスターズクラウド,15:00,1799,4.29%,74,1029000
146,5906,東証JQS,エムケー精工(株),15:00,583,4.29%,24,227000
147,6197,東証1部,(株)ソラスト,15:00,2945,4.28%,121,209100
148,1650,東証ETF,ダイワ 上場投信･TOPIX-17不動産,14:37,34250,4.26%,1400,13
149,3628,マザーズ,(株)データホライゾン,15:00,2852,4.24%,116,54800
150,1711,東証2部,(株)省電舎ホールディングス,15:00,1281,4.23%,52,326900
151,2122,マザーズ,(株)インタースペース,15:00,2368,4.23%,96,32400
152,2294,東証JQS,(株)柿安本店,15:00,3325,4.23%,135,103700
153,6551,マザーズ,(株)ツナグ・ソリューションズ,15:00,1681,4.22%,68,87500
154,2485,東証1部,(株)ティア,15:00,1164,4.21%,47,54800
155,1493,東証ETF,One ETF JPX日経中小型,14:34,16360,4.20%,660,364
156,6620,東証1部,宮越ホールディングス(株),15:00,720,4.20%,29,220100
157,7612,東証JQS,(株)Ｎｕｔｓ,15:00,174,4.19%,7,1064000
158,8894,東証2部,(株)原弘産,15:00,25,4.17%,1,371400
159,9827,東証JQS,リリカラ(株),15:00,175,4.17%,7,640000
160,3936,マザーズ,(株)グローバルウェイ,15:00,3260,4.15%,130,2900
161,6560,マザーズ,(株)エル・ティー・エス,15:00,2561,4.15%,102,647100
162,3652,マザーズ,(株)ディジタルメディアプロフェッショナル,15:00,10810,4.14%,430,378300
163,7868,東証1部,(株)廣済堂,15:00,504,4.13%,20,308800
164,9627,東証1部,(株)アインホールディングス,15:00,7060,4.13%,280,409500
165,3565,マザーズ,アセンテック(株),15:00,3540,4.12%,140,139200
166,7905,東証1部,大建工業(株),15:00,3040,4.11%,120,29100
167,2388,東証JQG,(株)ウェッジホールディングス,15:00,330,4.10%,13,192800
168,2587,東証1部,サントリー食品インターナショナル(株),15:00,5330,4.10%,210,1224300
169,3768,東証2部,リスクモンスター(株),15:00,1880,4.10%,74,85300
170,6200,東証1部,(株)インソース,15:00,4695,4.10%,185,118900
171,9692,東証1部,(株)シーイーシー,15:00,3305,4.09%,130,89700
172,3266,東証JQS,(株)ファンドクリエーショングループ,15:00,153,4.08%,6,2423600
173,6182,マザーズ,(株)ロゼッタ,15:00,1430,4.08%,56,105300
174,3294,東証1部,(株)イーグランド,15:00,1536,4.07%,60,36500
175,3355,東証2部,クリヤマホールディングス(株),15:00,3015,4.07%,118,35500
176,4543,東証1部,テルモ(株),15:00,5630,4.07%,220,1205500
177,3182,マザーズ,オイシックスドット大地(株),15:00,2640,4.06%,103,37400
178,8281,東証1部,ゼビオホールディングス(株),15:00,2359,4.06%,92,201700
179,3558,マザーズ,(株)ロコンド,15:00,2800,4.05%,109,248800
180,6916,東証1部,(株)アイ・オー・データ機器,15:00,1156,4.05%,45,181100
181,7743,東証1部,(株)シード,15:00,5650,4.05%,220,45200
182,1807,東証JQS,(株)佐藤渡辺,14:10,3225,4.03%,125,4300
183,2915,東証1部,ケンコーマヨネーズ(株),15:00,4130,4.03%,160,71600
184,3092,東証1部,(株)スタートトゥデイ,15:00,3410,3.96%,130,1691300
185,5358,東証1部,イソライト工業(株),15:00,1208,3.96%,46,749800
186,3111,東証2部,オーミケンシ(株),15:00,158,3.95%,6,4596000
187,6425,東証JQS,(株)ユニバーサルエンターテインメント,15:00,4875,3.94%,185,522800
188,8700,東証JQS,丸八証券(株),15:00,159,3.92%,6,208000
189,3385,東証1部,(株)薬王堂,15:00,3455,3.91%,130,261700
190,2427,東証1部,(株)アウトソーシング,15:00,2156,3.90%,81,1984800
191,6366,東証1部,千代田化工建設(株),15:00,908,3.89%,34,2199100
192,1799,東証JQS,第一建設工業(株),15:00,1740,3.88%,65,28200
193,6615,東証1部,ユー・エム・シー・エレクトロニクス(株),15:00,3115,3.87%,116,63200
194,5969,東証2部,(株)ロブテックス,15:00,2825,3.86%,105,2100
195,2127,東証1部,(株)日本Ｍ＆Ａセンター,15:00,6470,3.85%,240,861600
196,6840,東証JQS,(株)ＡＫＩＢＡホールディングス,15:00,324,3.85%,12,149000
197,6798,東証1部,ＳＭＫ(株),15:00,649,3.84%,24,464000
198,6175,東証JQS,(株)ネットマーケティング,15:00,1993,3.80%,73,91400
199,6541,マザーズ,グレイステクノロジー(株),15:00,8460,3.80%,310,80200
200,7891,東証JQS,日本ユピカ(株),14:58,2599,3.79%,95,14600
201,2120,東証1部,(株)ＬＩＦＵＬＬ,15:00,964,3.77%,35,734700
202,5952,東証2部,アマテイ(株),15:00,166,3.75%,6,535600
203,7923,東証JQS,トーイン(株),15:00,747,3.75%,27,42200
204,6177,マザーズ,ＡｐｐＢａｎｋ(株),15:00,587,3.71%,21,75000
205,3322,東証JQS,アルファグループ(株),14:04,1431,3.70%,51,3300
206,7610,東証JQS,(株)テイツー,15:00,56,3.70%,2,697600
207,1572,東証ETF,中国H株ブル2倍上場投信,15:00,18570,3.69%,660,4580
208,9127,東証2部,玉井商船(株),15:00,141,3.68%,5,395000
209,7951,東証1部,ヤマハ(株),15:00,4665,3.67%,165,673800
210,3961,マザーズ,シルバーエッグ・テクノロジー(株),15:00,2228,3.63%,78,13700
211,8527,東証1部,(株)愛知銀行,15:00,5710,3.63%,200,46900
212,2352,東証1部,(株)エイジア,15:00,1896,3.61%,66,94400
213,2593,東証1部,(株)伊藤園,15:00,4590,3.61%,160,334300
214,4712,東証JQS,(株)ＫｅｙＨｏｌｄｅｒ,15:00,144,3.60%,5,964600
215,6920,東証1部,レーザーテック(株),15:00,4170,3.60%,145,726000
216,6050,東証1部,イー・ガーディアン(株),15:00,2802,3.59%,97,453900
217,9766,東証1部,コナミホールディングス(株),15:00,6370,3.58%,220,558500
218,9424,東証1部,日本通信(株),15:00,116,3.57%,4,3774000
219,4770,東証2部,図研エルミック(株),15:00,530,3.52%,18,243700
220,6382,東証2部,トリニティ工業(株),14:46,1029,3.52%,35,44000
221,5334,東証1部,日本特殊陶業(株),15:00,3005,3.51%,102,1655100
222,6395,東証1部,(株)タダノ,15:00,2003,3.51%,68,1479500
223,2303,東証JQS,(株)ドーン,15:00,1303,3.49%,44,125200
224,8802,東証1部,三菱地所(株),15:00,2178.5,3.49%,73.5,7982000
225,7283,東証1部,愛三工業(株),15:00,1368,3.48%,46,181900
226,8909,東証JQS,(株)シノケングループ,15:00,2821,3.48%,95,278000
227,9904,東証2部,(株)ベリテ,15:00,388,3.47%,13,426200
228,6255,マザーズ,(株)エヌ・ピー・シー,15:00,300,3.45%,10,1632800
229,6396,東証2部,(株)宇野澤組鐵工所,13:38,2940,3.45%,98,800
230,7274,東証1部,(株)ショーワ,15:00,1469,3.45%,49,728100
231,8135,東証2部,ゼット(株),15:00,270,3.45%,9,55300
232,2685,東証1部,(株)アダストリア,15:00,2345,3.44%,78,763100
233,8697,東証1部,(株)日本取引所グループ,15:00,2137,3.44%,71,3087200
234,9816,東証JQS,(株)ストライダーズ,15:00,542,3.44%,18,83800
235,3561,マザーズ,(株)力の源ホールディングス,15:00,2269,3.42%,75,1080000
236,8903,東証JQS,(株)サンウッド,15:00,696,3.42%,23,70800
237,3194,東証1部,(株)キリン堂ホールディングス,15:00,1970,3.41%,65,109400
238,2437,東証JQS,Ｓｈｉｎｗａ　Ｗｉｓｅ　Ｈｏｌｄｉｎｇｓ(株),15:00,486,3.40%,16,196700
239,8439,東証1部,東京センチュリー(株),15:00,6090,3.40%,200,86400
240,1964,東証1部,中外炉工業(株),15:00,2590,3.39%,85,28100
241,5704,マザーズ,(株)ＪＭＣ,15:00,1127,3.39%,37,36300
242,9790,東証1部,福井コンピュータホールディングス(株),15:00,3215,3.38%,105,149200
243,6928,東証2部,(株)エノモト,15:00,1931,3.37%,63,85300
244,6694,東証JQS,(株)ズーム,15:00,3080,3.36%,100,16000
245,3556,マザーズ,リネットジャパングループ(株),15:00,649,3.34%,21,216100
246,4657,東証JQS,(株)環境管理センター,15:00,526,3.34%,17,243900
247,5998,東証1部,(株)アドバネクス,15:00,3890,3.32%,125,14500
248,7818,東証1部,(株)トランザクション,15:00,1151,3.32%,37,354100
249,6089,東証1部,(株)ウィルグループ,15:00,1810,3.31%,58,414700
250,7480,東証1部,スズデン(株),15:00,1841,3.31%,59,31400
251,6195,マザーズ,(株)ホープ,15:00,1253,3.30%,40,3100
252,5187,東証1部,クリエートメディック(株),15:00,1317,3.29%,42,34300
253,8056,東証1部,日本ユニシス(株),15:00,2448,3.29%,78,434100
254,2046,東証ETF,NEXT NOTES インドNifty･ダブル・ブル ETN,15:00,11980,3.28%,380,2785
255,5541,東証1部,大平洋金属(株),15:00,3480,3.26%,110,357200
256,6518,東証JQS,三相電機(株),15:00,1962,3.26%,62,31600
257,8593,東証1部,三菱ＵＦＪリース(株),15:00,728,3.26%,23,1453200
258,6065,東証1部,ライクキッズネクスト(株),15:00,2230,3.24%,70,57400
259,6167,東証1部,冨士ダイス(株),15:00,1181,3.23%,37,68100
260,8614,東証1部,東洋証券(株),15:00,383,3.23%,12,814000
261,3557,マザーズ,ユナイテッド＆コレクティブ(株),15:00,6770,3.20%,210,25400
262,5851,東証1部,リョービ(株),15:00,3385,3.20%,105,123800
263,1384,東証1部,(株)ホクリヨウ,15:00,1586,3.19%,49,54500
264,2373,東証JQS,(株)ケア２１,14:56,3715,3.19%,115,2100
265,3138,マザーズ,(株)富士山マガジンサービス,14:58,1292,3.19%,40,15100
266,6376,東証1部,日機装(株),15:00,1326,3.19%,41,345500
267,7625,東証2部,(株)グローバルダイニング,15:00,323,3.19%,10,46300
268,9517,東証1部,イーレックス(株),15:00,1131,3.19%,35,1137500
269,3999,マザーズ,ナレッジスイート(株),15:00,4050,3.18%,125,180300
270,1576,東証ETF,南方 FTSE 中国A株 50 ETF,10:54,749,3.17%,23,150
271,3299,東証1部,(株)ムゲンエステート,15:00,1271,3.17%,39,229600
272,5955,東証2部,(株)ヤマシナ,15:00,130,3.17%,4,5804300
273,6278,東証1部,ユニオンツール(株),15:00,4550,3.17%,140,77700
274,6464,東証1部,(株)ツバキ・ナカシマ,15:00,3110,3.15%,95,568300
275,6663,東証JQS,太洋工業(株),15:00,819,3.15%,25,44000
276,7575,東証1部,日本ライフライン(株),15:00,2682,3.15%,82,2468600
277,1718,東証JQS,美樹工業(株),15:00,5260,3.14%,160,3700
278,6112,東証2部,(株)小島鐵工所,14:58,164,3.14%,5,279000
279,6807,東証1部,日本航空電子工業(株),15:00,1968,3.14%,60,597000
280,9233,東証2部,アジア航測(株),15:00,756,3.14%,23,24800
281,1921,東証1部,(株)巴コーポレーション,15:00,626,3.13%,19,215100
282,2209,東証1部,井村屋グループ(株),15:00,3785,3.13%,115,56800
283,6539,東証1部,(株)ＭＳ−Ｊａｐａｎ,15:00,7240,3.13%,220,51300
284,6677,東証JQS,(株)エスケーエレクトロニクス,15:00,2139,3.13%,65,69200
285,9878,東証2部,(株)セキド,15:00,99,3.13%,3,306000
286,3794,東証2部,エヌ・デーソフトウェア(株),15:00,1321,3.12%,40,18500
287,4849,東証JQS,エン・ジャパン(株),15:00,5960,3.11%,180,215200
288,7970,東証1部,信越ポリマー(株),15:00,1361,3.11%,41,428200
289,8550,東証1部,(株)栃木銀行,15:00,464,3.11%,14,317400
290,3660,東証1部,(株)アイスタイル,15:00,1099,3.10%,33,641900
291,6814,東証1部,古野電気(株),15:00,865,3.10%,26,100400
292,3028,東証1部,(株)アルペン,15:00,2537,3.09%,76,156800
293,4249,東証1部,森六ホールディングス(株),15:00,3335,3.09%,100,205800
294,9414,東証1部,日本ＢＳ放送(株),15:00,1469,3.09%,44,50000
295,5344,東証1部,(株)ＭＡＲＵＷＡ,15:00,8360,3.08%,250,85700
296,8364,東証1部,(株)清水銀行,15:00,3345,3.08%,100,8300
297,8369,東証1部,(株)京都銀行,15:00,6690,3.08%,200,228200
298,4552,東証1部,ＪＣＲファーマ(株),15:00,5710,3.07%,170,157100
299,4596,マザーズ,窪田製薬ホールディングス(株),15:00,637,3.07%,19,131200
300,4999,東証2部,セメダイン(株),15:00,1045,3.06%,31,32900
301,3580,東証1部,小松精練(株),15:00,945,3.05%,28,53000
302,6157,東証1部,日進工具(株),15:00,2943,3.05%,87,82100
303,1959,東証1部,(株)九電工,15:00,5770,3.04%,170,177100
304,3844,東証1部,コムチュア(株),15:00,3570,3.03%,105,194300
305,4344,東証1部,ソースネクスト(株),15:00,1600,3.03%,47,2277700
306,8150,東証1部,三信電気(株),15:00,2049,3.02%,60,80500
307,3822,東証1部,(株)Ｍｉｎｏｒｉソリューションズ,15:00,1471,3.01%,43,4700
308,8147,東証JQS,(株)トミタ,15:00,1200,3.00%,35,1300
309,3804,東証JQS,(株)システム　ディ,15:00,1104,2.99%,32,45700
310,4536,東証1部,参天製薬(株),15:00,1828,2.99%,53,1215300
311,7593,東証1部,ＶＴホールディングス(株),15:00,588,2.98%,17,829000
312,8707,東証1部,岩井コスモホールディングス(株),15:00,1588,2.98%,46,184700
313,4228,東証1部,積水化成品工業(株),15:00,1491,2.97%,43,215700
314,2136,東証JQS,(株)ヒップ,15:00,1601,2.96%,46,22000
315,3461,マザーズ,(株)パルマ,14:59,3655,2.96%,105,7100
316,6445,東証1部,蛇の目ミシン工業(株),15:00,869,2.96%,25,88400
317,8818,東証1部,京阪神ビルディング(株),15:00,975,2.96%,28,221900
318,9836,東証JQS,リーバイ・ストラウス　ジャパン(株),15:00,313,2.96%,9,40000
319,1841,東証JQS,サンユー建設(株),13:14,1185,2.95%,34,1600
320,5987,東証JQS,(株)オーネックス,14:59,2654,2.95%,76,8000
321,6698,東証JQS,ヴィスコ・テクノロジーズ(株),15:00,36650,2.95%,1050,67000
322,3350,東証JQS,(株)レッド・プラネット・ジャパン,15:00,35,2.94%,1,2926300
323,3753,東証2部,(株)フライトホールディングス,15:00,772,2.93%,22,201900
324,6302,東証1部,住友重機械工業(株),15:00,5100,2.93%,145,683700
325,4592,マザーズ,サンバイオ(株),15:00,4230,2.92%,120,975200
326,4625,東証JQS,アトミクス(株),15:00,880,2.92%,25,5000
327,7807,東証JQS,(株)幸和製作所,15:00,14460,2.92%,410,34800
328,9267,東証1部,Ｇｅｎｋｙ　ＤｒｕｇＳｔｏｒｅｓ(株),15:00,3695,2.92%,105,157500
329,4631,東証1部,ＤＩＣ(株),15:00,4420,2.91%,125,604000
330,7011,東証1部,三菱重工業(株),15:00,4379,2.91%,124,3102900
331,7190,東証1部,(株)マーキュリアインベストメント,15:00,1558,2.91%,44,399700
332,9707,東証JQS,(株)ユニマット　リタイアメント・コミュニティ,15:00,1804,2.91%,51,34900
333,6967,東証1部,新光電気工業(株),15:00,957,2.90%,27,907000
334,2454,東証JQS,(株)オールアバウト,15:00,1600,2.89%,45,96000
335,4366,東証2部,ダイトーケミックス(株),15:00,748,2.89%,21,93200
336,6271,東証2部,(株)ニッセイ,15:00,1461,2.89%,41,2200
337,2729,東証1部,(株)ＪＡＬＵＸ,15:00,3075,2.88%,86,10700
338,3922,マザーズ,(株)ＰＲ　ＴＩＭＥＳ,15:00,3745,2.88%,105,16300
339,6192,マザーズ,ハイアス・アンド・カンパニー(株),15:00,1786,2.88%,50,577600
340,6995,東証1部,(株)東海理化,15:00,2500,2.88%,70,398100
341,6758,東証1部,ソニー(株),15:00,5732,2.87%,160,12477600
342,2315,東証JQS,(株)カイカ,15:00,72,2.86%,2,7091000
343,4346,東証1部,(株)ネクシィーズグループ,15:00,1976,2.86%,55,99700
344,6181,マザーズ,(株)パートナーエージェント,15:00,431,2.86%,12,63000
345,9914,東証JQS,(株)植松商会,15:00,648,2.86%,18,121000
346,5262,東証1部,日本ヒューム(株),15:00,831,2.85%,23,92200
347,6031,マザーズ,サイジニア(株),15:00,1838,2.85%,51,15600
348,7733,東証1部,オリンパス(株),15:00,4335,2.85%,120,1352900
349,3069,東証JQS,(株)アスラポート・ダイニング,15:00,471,2.84%,13,91600
350,6901,東証1部,澤藤電機(株),15:00,2278,2.84%,63,17600
351,1633,東証ETF,(NEXT FUNDS)不動産上場投信,14:53,32750,2.83%,900,181
352,8388,東証1部,(株)阿波銀行,15:00,762,2.83%,21,487000
353,3209,東証2部,カネヨウ(株),15:00,182,2.82%,5,1065000
354,8078,東証1部,阪和興業(株),15:00,5470,2.82%,150,186700
355,3782,マザーズ,(株)ディー・ディー・エス,15:00,622,2.81%,17,461100
356,6785,東証1部,(株)鈴木,15:00,1282,2.81%,35,142800
357,3719,東証JQS,(株)ジェクシード,15:00,220,2.80%,6,784300
358,6465,東証1部,ホシザキ(株),15:00,10640,2.80%,290,341300
359,4704,東証1部,トレンドマイクロ(株),15:00,6260,2.79%,170,691800
360,8892,東証1部,(株)日本エスコン,15:00,737,2.79%,20,1285400
361,1401,マザーズ,(株)エムビーエス,15:00,815,2.77%,22,33200
362,1579,東証ETF,日経平均ブル2倍上場投信,15:00,24480,2.77%,660,386640
363,3742,マザーズ,ＩＴｂｏｏｋ(株),15:00,668,2.77%,18,880400
364,6038,マザーズ,(株)イード,15:00,963,2.77%,26,19100
365,7181,東証1部,(株)かんぽ生命保険,15:00,2969,2.77%,80,1182000
366,6715,東証1部,(株)ナカヨ,15:00,2195,2.76%,59,19700
367,9782,東証JQS,(株)ディーエムエス,15:00,1675,2.76%,45,43600
368,3682,マザーズ,エンカレッジ・テクノロジ(株),15:00,1983,2.75%,53,9200
369,7502,東証JQS,(株)プラザクリエイト本社,15:00,373,2.75%,10,16200
370,3931,マザーズ,(株)バリューゴルフ,15:00,3755,2.74%,100,30500
371,1570,東証ETF,(NEXT FUNDS)日経平均レバレッジ上場投信,15:00,23300,2.73%,620,8610820
372,4321,東証1部,ケネディクス(株),15:00,715,2.73%,19,3378100
373,7105,東証1部,三菱ロジスネクスト(株),15:00,1090,2.73%,29,130200
374,7280,東証1部,(株)ミツバ,15:00,1694,2.73%,45,141300
375,8692,東証1部,(株)だいこう証券ビジネス,15:00,790,2.73%,21,45000
376,9621,東証1部,(株)建設技術研究所,15:00,1243,2.73%,33,52000
377,1365,東証ETF,ダイワ 上場投信-日経平均レバレッジ,15:00,17780,2.72%,470,73690
378,1458,東証ETF,楽天 ETF-日経レバレッジ指数連動型,15:00,13210,2.72%,350,295974
379,2327,東証1部,新日鉄住金ソリューションズ(株),15:00,3205,2.72%,85,129000
380,5302,東証1部,日本カーボン(株),15:00,5290,2.72%,140,170100
381,6488,東証JQS,(株)ヨシタケ,14:49,1398,2.72%,37,4400
382,8801,東証1部,三井不動産(株),15:00,2911,2.72%,77,4793700
383,6070,東証1部,キャリアリンク(株),15:00,607,2.71%,16,116200
384,6769,東証JQS,ザインエレクトロニクス(株),15:00,1327,2.71%,35,106700
385,3967,マザーズ,(株)エルテス,15:00,3010,2.70%,79,567700
386,4764,東証JQG,ＳＡＭＵＲＡＩ＆Ｊ　ＰＡＲＴＮＥＲＳ(株),15:00,4190,2.70%,110,53800
387,5337,東証1部,ダントーホールディングス(株),15:00,152,2.70%,4,60000
388,7282,東証1部,豊田合成(株),15:00,3040,2.70%,80,234800
389,3670,東証JQS,協立情報通信(株),14:26,2100,2.69%,55,3500
390,3677,東証JQS,(株)システム情報,15:00,1223,2.69%,32,83900
391,6696,マザーズ,(株)トランザス,15:00,2480,2.69%,65,31000
392,6815,東証1部,ユニデンホールディングス(株),15:00,344,2.69%,9,1932000
393,7826,東証JQS,(株)フルヤ金属,15:00,4975,2.68%,130,46400
394,6186,東証1部,(株)一蔵,15:00,1191,2.67%,31,39100
395,8365,東証1部,(株)富山銀行,15:00,4430,2.67%,115,5200
396,2201,東証1部,森永製菓(株),15:00,5780,2.66%,150,357000
397,3834,東証1部,(株)朝日ネット,15:00,540,2.66%,14,69200
398,4593,マザーズ,(株)ヘリオス,15:00,2048,2.66%,53,172300
399,4848,東証1部,(株)フルキャストホールディングス,15:00,2588,2.66%,67,260700
400,1954,東証1部,日本工営(株),15:00,3675,2.65%,95,61100
401,3464,東証2部,プロパティエージェント(株),15:00,1856,2.65%,48,45100
402,3944,東証2部,古林紙工(株),09:00,2866,2.65%,74,200
403,7022,東証1部,サノヤスホールディングス(株),15:00,310,2.65%,8,119800
404,7600,東証1部,(株)日本エム・ディ・エム,15:00,929,2.65%,24,196000
405,4687,東証1部,ＴＤＣソフト(株),15:00,1282,2.64%,33,46000
406,5233,東証1部,太平洋セメント(株),15:00,4860,2.64%,125,645600
407,3848,東証JQS,(株)データ・アプリケーション,15:00,2030,2.63%,52,10800
408,4927,東証1部,(株)ポーラ・オルビスホールディングス,15:00,4495,2.63%,115,755200
409,7990,東証1部,グローブライド(株),15:00,2462,2.63%,63,33000
410,2726,東証1部,(株)パルグループホールディングス,15:00,3325,2.62%,85,69600
411,8385,東証1部,(株)伊予銀行,15:00,941,2.62%,24,771300
412,7595,東証1部,(株)アルゴグラフィックス,15:00,3540,2.61%,90,17700
413,7615,東証1部,京都きもの友禅(株),15:00,785,2.61%,20,146600
414,4925,東証JQS,(株)ハーバー研究所,15:00,6310,2.60%,160,13200
415,6380,東証2部,オリエンタルチエン工業(株),14:59,158,2.60%,4,177000
416,8093,東証1部,極東貿易(株),15:00,513,2.60%,13,258000
417,4409,東証2部,東邦化学工業(株),15:00,754,2.59%,19,57000
418,9992,東証JQS,(株)理研グリーン,15:00,515,2.59%,13,11000
419,6078,東証1部,(株)バリューＨＲ,15:00,2344,2.58%,59,9300
420,6707,東証1部,サンケン電気(株),15:00,838,2.57%,21,1203000
421,1358,東証ETF,上場インデックス日経レバレッジ指数,15:00,22070,2.56%,550,16131
422,2375,東証2部,スリープログループ(株),14:58,1046,2.55%,26,60600
423,6586,東証1部,(株)マキタ,15:00,5230,2.55%,130,478500
424,7460,東証2部,(株)ヤギ,15:00,2810,2.55%,70,15000
425,9600,東証1部,(株)アイネット,15:00,1771,2.55%,44,13800
426,6184,東証1部,(株)鎌倉新書,15:00,2218,2.54%,55,46300
427,7723,東証1部,愛知時計電機(株),15:00,4840,2.54%,120,6200
428,8342,東証1部,(株)青森銀行,15:00,3635,2.54%,90,45900
429,8355,東証1部,(株)静岡銀行,15:00,1210,2.54%,30,1852000
430,3799,東証2部,キーウェアソリューションズ(株),15:00,649,2.53%,16,37300
431,7731,東証1部,(株)ニコン,15:00,2273,2.53%,56,1755400
432,7898,東証1部,(株)ウッドワン,15:00,1746,2.52%,43,11600
433,9974,東証1部,(株)ベルク,15:00,6520,2.52%,160,23000
434,3105,東証1部,日清紡ホールディングス(株),15:00,1593,2.51%,39,1575500
435,4952,東証2部,(株)エス・ディー・エス　バイオテック,14:58,940,2.51%,23,7400
436,6305,東証1部,日立建機(株),15:00,4495,2.51%,110,870600
437,7184,東証1部,(株)富山第一銀行,15:00,531,2.51%,13,34400
438,3034,東証1部,クオール(株),15:00,2180,2.49%,53,150600
439,6156,東証JQS,(株)エーワン精密,15:00,2590,2.49%,63,9300
440,6776,東証2部,天昇電気工業(株),14:57,412,2.49%,10,81000
441,3254,東証1部,(株)プレサンスコーポレーション,15:00,1610,2.48%,39,528100
442,7865,東証JQS,ピープル(株),15:00,1858,2.48%,45,25000
443,2761,東証JQS,トシン・グループ(株),14:00,3325,2.47%,80,400
444,7245,東証1部,大同メタル工業(株),15:00,1120,2.47%,27,106200
445,7599,東証1部,(株)ＩＤＯＭ,15:00,789,2.47%,19,1019100
446,8362,東証1部,(株)福井銀行,15:00,2740,2.47%,66,20100
447,9755,東証1部,応用地質(株),15:00,1450,2.47%,35,115100
448,2749,東証1部,(株)ＪＰホールディングス,15:00,333,2.46%,8,301600
449,5332,東証1部,ＴＯＴＯ(株),15:00,6660,2.46%,160,646500
450,6773,東証1部,パイオニア(株),15:00,250,2.46%,6,7334100
451,1429,マザーズ,(株)日本アクア,15:00,544,2.45%,13,113400
452,3778,東証1部,さくらインターネット(株),15:00,879,2.45%,21,780900
453,4584,マザーズ,(株)ジーンテクノサイエンス,15:00,3340,2.45%,80,147100
454,8025,東証1部,(株)ツカモトコーポレーション,15:00,1462,2.45%,35,16500
455,1948,東証2部,(株)弘電社,14:33,4200,2.44%,100,2900
456,2031,東証ETF,NEXT NOTES 香港ハンセン･ダブル･ブルETN,14:46,18920,2.44%,450,453
457,2195,東証JQG,アミタホールディングス(株),14:20,2901,2.44%,69,2000
458,6804,東証1部,ホシデン(株),15:00,1848,2.44%,44,2162700
459,6042,東証2部,(株)ニッキ,15:00,2994,2.43%,71,3500
460,8173,東証1部,上新電機(株),15:00,3790,2.43%,90,16600
461,8551,東証1部,(株)北日本銀行,15:00,3160,2.43%,75,5100
462,3934,マザーズ,(株)ベネフィットジャパン,15:00,1184,2.42%,28,15200
463,6862,東証JQS,ミナトホールディングス(株),15:00,592,2.42%,14,649300
464,2694,東証JQS,(株)ジー・テイスト,15:00,85,2.41%,2,300500
465,3326,東証JQS,(株)ランシステム,15:00,1106,2.41%,26,8300
466,4751,東証1部,(株)サイバーエージェント,15:00,4455,2.41%,105,866300
467,1994,東証JQS,高橋カーテンウォール工業(株),15:00,810,2.40%,19,44800
468,6549,東証JQS,ディーエムソリューションズ(株),15:00,2350,2.40%,55,9600
469,9960,東証1部,東テク(株),15:00,2735,2.40%,64,52500
470,1515,東証1部,日鉄鉱業(株),15:00,8150,2.39%,190,13600
471,7211,東証1部,三菱自動車(株),15:00,899,2.39%,21,8484500
472,1773,東証1部外国,ＹＴＬ,11:02,43,2.38%,1,21000
473,1787,東証JQS,(株)ナカボーテック,10:52,1679,2.38%,39,1000
474,2362,東証JQS,(株)夢真ホールディングス,15:00,1288,2.38%,30,1434400
475,4680,東証1部,(株)ラウンドワン,15:00,2019,2.38%,47,697900
476,8334,東証1部,(株)群馬銀行,15:00,687,2.38%,16,1779000
477,1430,東証1部,ファーストコーポレーション(株),15:00,1683,2.37%,39,119700
478,4368,東証1部,扶桑化学工業(株),15:00,3240,2.37%,75,145700
479,6317,東証1部,(株)北川鉄工所,15:00,3240,2.37%,75,23800
480,7744,東証1部,ノーリツ鋼機(株),15:00,2848,2.37%,66,403100
481,7839,東証1部,(株)ＳＨＯＥＩ,15:00,5180,2.37%,120,31900
482,9889,東証1部,ＪＢＣＣホールディングス(株),15:00,1209,2.37%,28,29500
483,3842,東証JQG,(株)ネクストジェン,15:00,2297,2.36%,53,12000
484,6562,マザーズ,(株)ジーニー,15:00,2210,2.36%,51,92100
485,3983,マザーズ,(株)オロ,15:00,2522,2.35%,58,39400
486,7974,東証1部,任天堂(株),15:00,49590,2.35%,1140,3897900
487,8360,東証1部,(株)山梨中央銀行,15:00,479,2.35%,11,147000
488,8566,東証1部,リコーリース(株),15:00,4145,2.35%,95,44100
489,4707,東証JQS,(株)キタック,15:00,350,2.34%,8,14100
490,6463,東証1部,ＴＰＲ(株),15:00,3715,2.34%,85,59100
491,7762,東証1部,シチズン時計(株),15:00,873,2.34%,20,1612700
492,9682,東証1部,(株)ＤＴＳ,15:00,3935,2.34%,90,54100
493,9474,東証1部,(株)ゼンリン,15:00,4170,2.33%,95,160900
494,2871,東証1部,(株)ニチレイ,15:00,3085,2.32%,70,416800
495,9651,東証JQS,日本プロセス(株),15:00,1013,2.32%,23,74900
496,9658,東証1部,(株)ビジネスブレイン太田昭和,15:00,1723,2.32%,39,15900
497,8473,東証1部,ＳＢＩホールディングス(株),15:00,2659,2.31%,60,4899000
498,2002,東証1部,(株)日清製粉グループ本社,15:00,2268,2.30%,51,597500
499,4078,東証1部,堺化学工業(株),15:00,3110,2.30%,70,32100
500,9824,東証1部,泉州電業(株),15:00,3340,2.30%,75,27400
