date,open,high,low,close,volume,sma 5,sma 12,sma 21,sma 25,sma 33,sma 55,sma 89,sma 144,sma 233,momentum (9),stddev,-3s,-2s,+2s,+3s,RCI
2017-01-13,19174.97,19299.36,19156.93,19287.28,1600200000.0,19287.3,19287.3,19287.3,19287.3,19287.3,19287.3,19287.3,19287.3,19287.3,0.0,0.0,19287.3,19287.3,19287.3,19287.3,1000.0
2017-01-16,19219.13,19255.41,19061.27,19095.24,1469550000.0,19191.3,19191.3,19191.3,19191.3,19191.3,19191.3,19191.3,19191.3,19191.3,-192.03999999999724,135.8,18783.9,18919.7,19462.9,19598.7,993.0
2017-01-17,19038.45,19043.91,18812.86,18813.53,1710560000.0,19065.4,19065.4,19065.4,19065.4,19065.4,19065.4,19065.4,19065.4,19065.4,-473.75,238.3,18350.5,18588.8,19542.0,19780.3,972.0
2017-01-18,18753.96,18941.24,18650.33,18894.37,1818260000.0,19022.6,19022.6,19022.6,19022.6,19022.6,19022.6,19022.6,19022.6,19022.6,-392.90999999999985,212.5,18385.1,18597.6,19447.6,19660.1,937.0
2017-01-19,19082.83,19122.39,18982.13,19072.25,2254440000.0,19032.5,19032.5,19032.5,19032.5,19032.5,19032.5,19032.5,19032.5,19032.5,-215.02999999999884,185.4,18476.4,18661.7,19403.3,19588.6,888.0
2017-01-20,19059.15,19176.86,19040.2,19137.91,1791400000.0,19002.7,19050.1,19050.1,19050.1,19050.1,19050.1,19050.1,19050.1,19050.1,-149.36999999999898,171.3,18536.2,18707.5,19392.7,19564.0,853.0
2017-01-23,18938.45,19024.21,18879.68,18891.03,1777700000.0,18961.8,19027.4,19027.4,19027.4,19027.4,19027.4,19027.4,19027.4,19027.4,-396.25,167.5,18524.8,18692.3,19362.5,19530.0,734.0
2017-01-24,18817.42,18915.7,18783.16,18787.99,1866880000.0,18956.7,18997.4,18997.4,18997.4,18997.4,18997.4,18997.4,18997.4,18997.4,-499.28999999999724,176.7,18467.3,18644.0,19350.8,19527.5,538.0
2017-01-25,19091.23,19133.18,18987.45,19057.5,1934340000.0,18989.3,19004.1,19004.1,19004.1,19004.1,19004.1,19004.1,19004.1,19004.1,-229.77999999999884,166.5,18504.6,18671.1,19337.1,19503.6,385.0
2017-01-26,19260.67,19405.23,19232.46,19402.39,2300000000.0,19055.4,19043.9,19043.9,19043.9,19043.9,19043.9,19043.9,19043.9,19043.9,115.11000000000058,201.2,18440.2,18641.4,19446.4,19647.6,385.0
2017-01-27,19453.51,19486.68,19404.13,19467.4,1947160000.0,19121.3,19082.4,19082.4,19082.4,19082.4,19082.4,19082.4,19082.4,19082.4,372.15999999999985,229.7,18393.4,18623.0,19541.8,19771.4,385.0
2017-01-30,19371.28,19390.97,19295.8,19368.85,1532740000.0,19216.8,19106.3,19106.3,19106.3,19106.3,19106.3,19106.3,19106.3,19106.3,555.3199999999997,234.1,18404.1,18638.2,19574.4,19808.5,364.0
2017-01-31,19145.35,19199.75,19041.34,19041.34,1997460000.0,19267.5,19085.8,19101.3,19101.3,19101.3,19101.3,19101.3,19101.3,19101.3,146.97000000000116,224.8,18426.8,18651.6,19551.0,19775.8,364.0
2017-02-01,18926.97,19155.79,18916.18,19148.08,2032170000.0,19285.6,19090.2,19104.7,19104.7,19104.7,19104.7,19104.7,19104.7,19104.7,75.83000000000175,216.4,18455.6,18672.0,19537.4,19753.8,545.0
2017-02-02,19152.79,19170.63,18866.8,18914.58,2128180000.0,19188.0,19098.6,19092.0,19092.0,19092.0,19092.0,19092.0,19092.0,19092.0,-223.3299999999981,214.2,18449.4,18663.6,19520.4,19734.6,301.0
2017-02-03,18996.74,19061.26,18830.89,18918.2,2116970000.0,19078.2,19100.6,19081.1,19081.1,19081.1,19081.1,19081.1,19081.1,19081.1,27.17000000000189,211.4,18446.8,18658.2,19504.0,19715.4,14.0
2017-02-06,19069.72,19075.57,18899.4,18976.71,1797660000.0,18999.8,19092.7,19075.0,19075.0,19075.0,19075.0,19075.0,19075.0,19075.0,188.71999999999753,206.3,18456.1,18662.4,19487.6,19693.9,-28.0
2017-02-07,18844.12,18970.58,18805.32,18910.78,1694480000.0,18973.7,19073.7,19065.9,19065.9,19065.9,19065.9,19065.9,19065.9,19065.9,-146.72000000000116,203.8,18454.4,18658.2,19473.6,19677.4,-42.0
2017-02-08,18951.16,19009.24,18875.57,19007.6,1641710000.0,18945.6,19083.5,19062.8,19062.8,19062.8,19062.8,19062.8,19062.8,19062.8,-394.7900000000009,198.6,18467.1,18665.7,19459.9,19658.5,-350.0
2017-02-09,18942.04,18991.23,18874.91,18907.67,1933510000.0,18944.2,19093.4,19055.0,19055.0,19055.0,19055.0,19055.0,19055.0,19055.0,-559.7300000000032,196.3,18466.0,18662.3,19447.7,19644.0,-811.0
2017-02-10,19216.74,19395.99,19193.57,19378.93,2242750000.0,19036.3,19120.2,19070.5,19070.5,19070.5,19070.5,19070.5,19070.5,19070.5,10.080000000001746,204.0,18458.5,18662.5,19478.5,19682.5,-573.0
2017-02-13,19513.78,19519.44,19418.18,19459.15,1880560000.0,19132.8,19124.9,19078.6,19088.1,19088.1,19088.1,19088.1,19088.1,19088.1,417.8100000000013,216.2,18429.9,18646.2,19511.0,19727.3,-196.0
2017-02-14,19478.86,19501.01,19232.85,19238.98,2104660000.0,19198.5,19105.9,19085.5,19094.7,19094.7,19094.7,19094.7,19094.7,19094.7,90.89999999999782,219.0,18428.4,18647.4,19523.6,19742.6,168.0
2017-02-15,19438.81,19495.62,19420.0,19437.98,2104590000.0,19284.5,19111.7,19115.2,19109.0,19109.0,19109.0,19109.0,19109.0,19109.0,523.3999999999978,222.6,18447.3,18670.0,19560.4,19783.1,483.0
2017-02-16,19431.61,19431.61,19260.24,19347.53,2027940000.0,19372.5,19137.2,19136.8,19118.5,19118.5,19118.5,19118.5,19118.5,19118.5,429.3299999999981,222.1,18470.5,18692.6,19581.0,19803.1,615.0
2017-02-17,19228.74,19275.39,19173.53,19234.62,2029290000.0,19343.7,19144.4,19144.5,19116.4,19123.0,19123.0,19123.0,19123.0,19123.0,257.90999999999985,222.6,18476.8,18699.4,19589.6,19812.2,657.0
2017-02-20,19161.33,19274.75,19115.11,19251.08,1497390000.0,19302.0,19172.4,19149.9,19122.7,19127.7,19127.7,19127.7,19127.7,19127.7,340.3000000000029,223.8,18478.6,18702.4,19597.4,19821.2,601.0
2017-02-21,19267.87,19395.35,19261.98,19381.44,1528430000.0,19330.5,19211.0,19173.3,19145.4,19136.8,19136.8,19136.8,19136.8,19136.8,373.84000000000015,221.0,18510.4,18731.4,19615.2,19836.2,573.0
2017-02-22,19419.22,19419.22,19329.28,19379.87,2174800000.0,19318.9,19244.6,19201.5,19164.8,19145.2,19145.2,19145.2,19145.2,19145.2,472.2000000000007,206.7,18581.5,18788.2,19614.8,19821.5,510.0
2017-02-23,19379.92,19379.92,19262.63,19371.46,1961060000.0,19323.7,19283.0,19216.4,19176.8,19152.7,19152.7,19152.7,19152.7,19152.7,-7.470000000001164,207.1,18595.2,18802.2,19630.6,19837.6,343.0
2017-02-24,19232.11,19381.1,19219.58,19283.54,2112830000.0,19333.5,19306.0,19210.8,19182.6,19156.9,19156.9,19156.9,19156.9,19156.9,-175.61000000000058,203.3,18600.8,18804.1,19617.5,19820.8,84.0
2017-02-27,19130.51,19178.99,18995.55,19107.47,1838330000.0,19304.8,19322.7,19193.6,19191.2,19155.4,19155.4,19155.4,19155.4,19155.4,-131.5099999999984,195.6,18606.7,18802.3,19584.9,19780.5,-378.0
2017-02-28,19194.68,19267.99,19118.99,19118.99,1984000000.0,19252.3,19301.0,19181.7,19204.5,19154.3,19154.3,19154.3,19154.3,19154.3,-318.98999999999796,192.0,18605.7,18797.7,19565.7,19757.7,-503.0
2017-03-01,19226.94,19414.55,19164.62,19393.54,1993640000.0,19255.0,19295.5,19198.5,19217.9,19157.5,19161.3,19161.3,19161.3,19161.3,46.01000000000204,194.5,18615.0,18809.5,19587.5,19782.0,-112.0
2017-03-02,19624.82,19668.01,19564.8,19564.8,2210380000.0,19293.7,19322.7,19218.3,19224.4,19171.7,19172.9,19172.9,19172.9,19172.9,330.1800000000003,209.8,18589.0,18798.8,19637.8,19847.6,42.0
2017-03-03,19551.34,19587.79,19392.75,19469.17,1717450000.0,19330.8,19325.3,19244.7,19224.5,19191.6,19181.1,19181.1,19181.1,19181.1,218.0899999999965,204.5,18631.3,18835.8,19653.6,19858.1,420.0
2017-03-06,19409.18,19411.54,19340.32,19379.14,1408970000.0,19385.1,19327.9,19266.7,19224.9,19206.3,19186.4,19186.4,19186.4,19186.4,-2.2999999999992724,192.0,18690.7,18882.7,19650.7,19842.7,427.0
2017-03-07,19337.19,19375.09,19317.1,19344.15,1575960000.0,19430.2,19337.1,19284.2,19237.0,19214.5,19190.6,19190.6,19190.6,19190.6,-35.719999999997526,180.7,18742.2,18922.9,19645.5,19826.2,259.0
2017-03-08,19308.53,19326.4,19198.78,19254.03,1626030000.0,19402.3,19337.3,19300.5,19241.3,19218.1,19192.2,19192.2,19192.2,19192.2,-117.43000000000029,159.5,18822.1,18981.5,19619.5,19778.9,-35.0
2017-03-09,19343.06,19350.2,19262.98,19318.58,1595020000.0,19353.0,19332.1,19315.3,19257.4,19231.0,19195.4,19195.4,19195.4,19195.4,35.04000000000087,144.7,18881.3,19026.0,19604.6,19749.3,-7.0
2017-03-10,19444.71,19623.72,19427.81,19604.61,2267160000.0,19380.1,19350.8,19348.5,19284.9,19255.8,19205.4,19205.4,19205.4,19205.4,497.1399999999994,125.1,18973.2,19098.3,19598.7,19723.8,329.0
2017-03-13,19545.74,19656.48,19531.51,19633.75,1471800000.0,19431.0,19372.6,19360.7,19311.2,19273.2,19215.6,19215.6,19215.6,19215.6,514.7599999999984,139.7,18941.6,19081.3,19640.1,19779.8,559.0
2017-03-14,19634.29,19637.55,19599.62,19609.5,1758240000.0,19484.1,19399.8,19367.8,19339.1,19279.5,19224.7,19224.7,19224.7,19224.7,215.95999999999913,148.6,18922.1,19070.7,19664.9,19813.5,629.0
2017-03-15,19528.75,19581.53,19503.74,19577.38,1650200000.0,19548.8,19439.0,19383.9,19361.9,19282.8,19232.7,19232.7,19232.7,19232.7,12.580000000001746,152.2,18927.3,19079.5,19688.3,19840.5,587.0
2017-03-16,19458.7,19618.99,19454.17,19590.14,1796510000.0,19603.1,19478.2,19391.2,19389.2,19289.5,19240.7,19240.7,19240.7,19240.7,120.97000000000116,158.4,18916.0,19074.4,19708.0,19866.4,524.0
2017-03-17,19510.89,19547.51,19487.92,19521.59,2013610000.0,19586.5,19488.9,19399.5,19394.9,19304.1,19246.8,19246.8,19246.8,19246.8,142.45000000000073,160.5,18917.9,19078.4,19720.6,19881.1,469.0
2017-03-21,19416.55,19485.14,19337.22,19455.88,1597180000.0,19550.9,19479.8,19410.0,19394.8,19313.4,19251.2,19251.2,19251.2,19251.2,111.72999999999956,156.4,18940.8,19097.2,19722.8,19879.2,427.0
2017-03-22,19146.62,19183.27,19026.53,19041.38,2055530000.0,19437.3,19444.2,19400.0,19386.9,19317.3,19246.9,19246.9,19246.9,19246.9,-212.64999999999782,172.9,18881.4,19054.3,19745.7,19918.6,112.0
2017-03-23,19048.84,19105.11,18973.75,19085.31,1759630000.0,19338.9,19419.7,19385.9,19372.8,19322.3,19243.6,19243.6,19243.6,19243.6,-233.27000000000044,186.0,18827.8,19013.8,19758.0,19944.0,-224.0
2017-03-24,19066.35,19296.05,19060.64,19262.53,1821740000.0,19273.3,19412.9,19380.3,19369.4,19331.0,19243.9,19243.9,19243.9,19243.9,-342.08000000000175,188.0,18816.4,19004.3,19756.3,19944.2,-420.0
2017-03-27,19071.19,19086.89,18932.09,18985.59,1762930000.0,19166.1,19390.5,19362.0,19359.4,19333.3,19238.9,19238.9,19238.9,19238.9,-648.1599999999999,206.8,18741.6,18948.4,19775.6,19982.4,-748.0
2017-03-28,19159.07,19203.64,19113.44,19202.87,1900130000.0,19115.5,19380.9,19358.1,19357.5,19339.2,19238.2,19238.2,19238.2,19238.2,-406.630000000001,209.1,18730.9,18940.0,19776.2,19985.3,-888.0
2017-03-29,19216.78,19251.3,19164.61,19217.48,1751400000.0,19150.8,19348.6,19363.4,19350.9,19348.6,19237.8,19237.8,19237.8,19237.8,-359.90000000000146,203.8,18752.0,18955.8,19771.0,19974.8,-825.0
2017-03-30,19150.82,19218.08,19043.48,19063.22,1849410000.0,19146.3,19301.1,19360.7,19338.2,19339.0,19234.6,19234.6,19234.6,19234.6,-526.9199999999983,207.5,18738.3,18945.8,19775.6,19983.1,-762.0
2017-03-31,19170.42,19210.92,18909.26,18909.26,2222230000.0,19075.7,19242.7,19337.6,19319.8,19322.3,19228.6,19228.6,19228.6,19228.6,-612.3300000000017,229.4,18649.4,18878.8,19796.4,20025.8,-762.0
2017-04-03,18988.0,19068.62,18920.52,18983.23,2015020000.0,19075.2,19193.2,19309.9,19307.7,19314.6,19223.1,19224.3,19224.3,19224.3,-472.65000000000146,235.6,18603.1,18838.7,19781.1,20016.7,-762.0
2017-04-04,18933.82,18947.33,18703.63,18810.25,2260500000.0,18996.7,19128.2,19278.6,19295.9,19295.6,19217.9,19217.0,19217.0,19217.0,-231.13000000000102,256.3,18509.7,18766.0,19791.2,20047.5,-762.0
2017-04-05,18900.7,18941.94,18773.94,18861.27,1892160000.0,18925.4,19073.2,19253.9,19285.5,19280.8,19218.8,19210.9,19210.9,19210.9,-224.04000000000087,270.7,18441.9,18712.6,19795.2,20065.9,-755.0
2017-04-06,18754.37,18797.44,18532.65,18597.06,2068300000.0,18832.2,19001.6,19218.3,19253.7,19261.5,19213.4,19200.5,19200.5,19200.5,-665.4699999999975,305.1,18303.0,18608.1,19828.5,20133.6,-755.0
2017-04-07,18714.98,18785.73,18517.43,18664.63,2401450000.0,18783.3,18970.2,19190.3,19217.7,19243.7,19206.0,19191.5,19191.5,19191.5,-320.9599999999991,327.9,18206.5,18534.5,19846.1,20174.1,-874.0
2017-04-10,18800.22,18850.8,18762.7,18797.88,1732340000.0,18746.2,18946.3,19165.5,19190.8,19226.0,19199.8,19185.1,19185.1,19185.1,-404.98999999999796,337.3,18153.6,18490.9,19840.1,20177.4,-909.0
2017-04-11,18717.55,18767.7,18661.86,18747.87,1691170000.0,18733.7,18903.4,19124.7,19165.6,19206.9,19197.2,19178.0,19178.0,19178.0,-469.6100000000006,333.3,18124.8,18458.1,19791.3,20124.6,-874.0
2017-04-12,18592.1,18602.5,18460.59,18552.61,1924070000.0,18672.0,18867.3,19073.2,19133.9,19182.1,19192.9,19168.1,19168.1,19168.1,-510.6100000000006,334.2,18070.5,18404.7,19741.7,20075.9,-916.0
2017-04-13,18391.72,18455.25,18304.72,18426.84,1958680000.0,18638.0,18802.6,19016.9,19100.8,19156.1,19181.5,19156.5,19156.5,19156.5,-482.41999999999825,339.0,18000.0,18339.0,19694.8,20033.8,-923.0
2017-04-14,18531.91,18531.91,18285.73,18335.63,1838850000.0,18572.2,18729.1,18957.7,19061.5,19132.7,19162.1,19143.9,19143.9,19143.9,-647.5999999999985,344.5,17924.1,18268.6,19646.8,19991.3,-923.0
2017-04-17,18239.84,18361.44,18224.68,18355.26,1454290000.0,18483.6,18670.1,18898.9,19011.5,19109.6,19141.8,19131.9,19131.9,19131.9,-454.9900000000016,336.5,17889.4,18225.9,19571.9,19908.4,-916.0
2017-04-18,18497.38,18547.46,18362.73,18418.59,1575220000.0,18417.8,18629.3,18846.4,18962.9,19080.0,19124.6,19121.3,19121.3,19121.3,-442.6800000000003,320.1,17886.0,18206.1,19486.7,19806.8,-902.0
2017-04-19,18327.33,18467.73,18327.33,18432.2,1952910000.0,18393.7,18583.3,18797.7,18915.8,19045.7,19113.5,19111.2,19111.2,19111.2,-164.86000000000058,300.0,17897.7,18197.7,19397.7,19697.7,-832.0
2017-04-20,18446.39,18523.4,18420.82,18430.49,1841060000.0,18394.4,18551.7,18768.6,18870.0,19014.2,19100.4,19101.3,19101.3,19101.3,-234.13999999999942,304.8,17854.3,18159.1,19378.1,19682.9,-741.0
2017-04-21,18591.82,18648.28,18542.42,18620.75,1862440000.0,18451.5,18531.7,18746.5,18831.2,18991.3,19095.1,19094.4,19094.4,19094.4,-177.13000000000102,297.4,17854.3,18151.7,19341.3,19638.7,-469.0
2017-04-24,18890.38,18910.33,18840.13,18875.88,1921190000.0,18555.6,18554.9,18728.0,18805.4,18977.1,19094.3,19091.4,19091.4,19091.4,128.01000000000204,275.0,17903.1,18178.0,19278.0,19552.9,-126.0
2017-04-25,18872.56,19109.76,18867.19,19079.33,1948680000.0,18687.7,18589.4,18732.5,18790.3,18971.8,19096.2,19091.2,19091.2,19091.2,526.7200000000012,280.1,17892.3,18172.3,19292.7,19572.7,238.0
2017-04-26,19184.92,19289.43,19170.86,19289.43,2035530000.0,18859.2,18630.4,18736.6,18800.2,18970.9,19103.1,19093.9,19093.9,19093.9,862.5900000000001,287.9,17873.0,18160.8,19312.4,19600.2,552.0
2017-04-27,19205.59,19281.7,19199.59,19251.87,1970200000.0,19023.5,18672.4,18738.3,18806.9,18960.2,19107.5,19096.0,19096.0,19096.0,916.239999999998,290.8,17865.8,18156.6,19320.0,19610.8,797.0
2017-04-28,19240.65,19264.57,19164.68,19196.74,1996530000.0,19138.6,18726.1,18744.6,18804.2,18947.0,19112.8,19097.4,19097.4,19097.4,841.4800000000032,299.6,17845.7,18145.4,19343.8,19643.5,923.0
2017-05-01,19154.03,19311.21,19144.62,19310.52,1760860000.0,19225.6,18799.7,18763.7,18817.2,18937.9,19111.5,19100.2,19100.2,19100.2,891.9300000000003,322.6,17796.0,18118.6,19408.8,19731.4,965.0
2017-05-02,19335.72,19464.3,19335.02,19445.7,1862940000.0,19298.9,18892.2,18785.8,18827.0,18933.9,19111.3,19104.7,19104.7,19104.7,1013.5,352.7,17727.8,18080.4,19491.2,19843.8,965.0
2017-05-08,19709.01,19929.48,19705.13,19895.7,2408080000.0,19420.1,19020.6,18837.4,18854.1,18943.2,19123.2,19114.8,19114.8,19114.8,1465.2099999999991,428.0,17553.5,17981.5,19693.3,20121.3,965.0
2017-05-09,19915.64,19917.45,19838.71,19843.0,1990900000.0,19538.3,19139.3,18884.2,18885.3,18952.9,19130.6,19124.0,19124.0,19124.0,1222.25,481.0,17441.1,17922.2,19846.2,20327.3,958.0
2017-05-10,19890.56,19938.53,19866.3,19900.09,2169890000.0,19679.0,19261.6,18946.2,18924.9,18966.4,19140.6,19133.7,19133.7,19133.7,1024.2099999999991,524.2,17373.5,17897.7,19994.7,20518.9,965.0
2017-05-11,19943.95,19989.94,19906.35,19961.55,2292020000.0,19809.2,19389.2,19008.0,18964.0,18994.3,19153.9,19144.0,19144.0,19144.0,882.2199999999975,564.3,17315.2,17879.5,20136.5,20700.8,965.0
2017-05-12,19941.64,19941.64,19809.91,19883.9,2248620000.0,19896.8,19494.5,19059.7,19007.0,19018.5,19165.4,19153.0,19153.0,19153.0,594.4700000000012,593.1,17280.5,17873.6,20245.8,20838.9,916.0
2017-05-15,19753.46,19869.85,19740.63,19869.85,2155770000.0,19891.7,19577.3,19113.1,19047.3,19036.9,19174.2,19161.6,19161.6,19161.6,617.9799999999996,613.8,17271.8,17885.6,20340.6,20954.4,839.0
2017-05-16,19953.06,19998.49,19862.41,19919.82,2174250000.0,19907.0,19647.3,19178.2,19100.2,19065.2,19184.1,19170.6,19170.6,19170.6,723.0799999999981,623.8,17306.9,17930.7,20425.7,21049.5,818.0
2017-05-17,19806.78,19842.78,19764.63,19814.88,1964470000.0,19890.0,19691.1,19244.3,19146.3,19083.7,19192.1,19178.2,19178.2,19178.2,504.3600000000006,613.6,17403.5,18017.1,20471.5,21085.1,643.0
2017-05-18,19556.99,19601.53,19449.73,19553.86,2184630000.0,19808.5,19716.3,19302.4,19176.5,19093.9,19197.0,19182.6,19182.6,19182.6,108.15999999999985,580.1,17562.2,18142.3,20462.5,21042.6,399.0
2017-05-19,19591.41,19628.64,19497.29,19590.76,1908630000.0,19749.8,19749.1,19361.2,19210.2,19109.9,19205.8,19187.3,19187.3,19187.3,-304.9400000000023,540.5,17739.6,18280.2,20442.2,20982.8,91.0
2017-05-22,19670.48,19722.93,19618.73,19678.28,1467410000.0,19711.5,19779.8,19421.2,19255.2,19133.2,19216.0,19192.9,19192.9,19192.9,-164.72000000000116,499.0,17924.3,18423.2,20419.2,20918.1,-273.0
2017-05-23,19647.74,19693.02,19585.54,19613.28,1543760000.0,19650.2,19793.7,19477.4,19302.7,19152.3,19220.0,19197.6,19197.6,19197.6,-286.8100000000013,445.7,18140.4,18586.1,20368.7,20814.4,-699.0
2017-05-24,19777.56,19782.81,19690.1,19742.98,1728230000.0,19635.8,19781.0,19539.9,19359.0,19180.6,19223.2,19202.7,19203.6,19203.6,-218.5699999999997,378.5,18404.5,18783.0,20296.8,20675.3,-706.0
2017-05-25,19737.21,19850.93,19720.12,19813.13,1677270000.0,19687.7,19778.5,19596.7,19417.3,19209.4,19229.5,19210.8,19210.3,19210.3,-70.77000000000044,318.3,18641.7,18960.1,20233.3,20551.7,-706.0
2017-05-26,19798.49,19801.59,19686.49,19686.84,1563610000.0,19706.9,19760.8,19635.3,19468.0,19242.4,19235.1,19220.6,19215.5,19215.5,-183.0099999999984,272.4,18818.2,19090.5,20180.1,20452.4,-615.0
2017-05-29,19697.18,19736.62,19627.19,19682.57,1274530000.0,19707.8,19737.5,19664.0,19518.0,19273.3,19241.2,19229.4,19220.5,19220.5,-237.25,240.8,18941.6,19182.4,20145.6,20386.4,-462.0
2017-05-30,19681.11,19691.44,19570.13,19677.85,1326030000.0,19720.7,19720.3,19682.5,19567.9,19299.9,19248.9,19236.2,19225.4,19225.4,-137.03000000000247,225.0,19007.6,19232.5,20132.5,20357.4,-336.0
2017-05-31,19630.33,19673.51,19589.25,19650.57,2018980000.0,19702.2,19702.1,19701.5,19609.1,19327.3,19255.0,19242.0,19229.9,19229.9,96.70999999999913,202.5,19093.9,19296.5,20106.5,20309.1,-182.0
2017-06-01,19692.16,19887.66,19686.32,19860.03,1738300000.0,19711.6,19697.1,19733.1,19648.5,19366.9,19259.6,19252.9,19236.4,19236.4,269.27000000000044,168.8,19226.8,19395.6,20070.6,20239.4,280.0
2017-06-02,19970.23,20239.81,19967.0,20177.28,2315120000.0,19809.7,19727.3,19774.4,19692.4,19420.0,19269.5,19268.5,19246.1,19246.1,499.0,166.2,19275.7,19441.9,20106.9,20273.1,664.0
2017-06-05,20135.42,20224.54,20104.13,20170.82,1648110000.0,19907.3,19778.7,19808.9,19727.7,19475.6,19279.7,19281.0,19255.6,19255.6,557.5400000000009,169.8,19299.5,19469.3,20148.5,20318.3,657.0
2017-06-06,20122.26,20152.95,19948.02,19979.9,1704820000.0,19967.7,19811.1,19812.9,19756.8,19524.8,19287.0,19287.5,19262.9,19262.9,236.9200000000019,172.9,19294.1,19467.0,20158.8,20331.7,636.0
2017-06-07,19951.68,20023.24,19908.07,19984.62,1718170000.0,20034.5,19836.7,19819.7,19788.3,19572.3,19294.2,19293.3,19270.1,19270.1,171.48999999999796,176.9,19289.1,19465.9,20173.5,20350.3,699.0
2017-06-08,20048.28,20061.22,19896.35,19909.26,1983750000.0,20044.4,19861.3,19820.1,19812.3,19617.0,19301.2,19299.4,19276.4,19276.4,222.41999999999825,177.1,19288.8,19465.9,20174.3,20351.4,629.0
2017-06-09,19953.06,20096.01,19927.07,20013.26,2263870000.0,20011.6,19883.8,19822.6,19835.0,19665.0,19311.4,19310.3,19283.7,19283.7,330.6899999999987,179.5,19284.1,19463.6,20181.6,20361.1,664.0
2017-06-12,19920.77,19949.07,19837.64,19908.58,1785760000.0,19959.1,19891.8,19823.7,19835.5,19704.0,19327.1,19318.8,19289.7,19289.7,230.7300000000032,180.0,19283.7,19463.7,20183.7,20363.7,587.0
2017-06-13,19859.81,19929.03,19850.86,19898.75,1614380000.0,19942.9,19909.5,19825.1,19837.7,19735.0,19341.9,19329.9,19295.6,19295.6,248.1800000000003,180.5,19283.6,19464.1,20186.1,20366.6,434.0
2017-06-14,19974.56,20009.93,19879.6,19883.52,1701270000.0,19922.7,19926.2,19823.4,19837.0,19759.4,19353.2,19340.7,19301.2,19301.2,23.4900000000016,179.7,19284.3,19464.0,20182.8,20362.5,203.0
2017-06-15,19815.54,19963.36,19755.34,19831.82,1881920000.0,19907.2,19939.0,19824.2,19831.9,19775.8,19368.6,19350.4,19306.2,19306.2,-345.4599999999991,179.7,19285.1,19464.8,20183.6,20363.3,-175.0
2017-06-16,19931.15,20015.16,19884.8,19943.26,2285560000.0,19893.2,19963.4,19842.7,19834.2,19796.8,19382.1,19362.0,19312.1,19312.1,-227.5600000000013,170.3,19331.9,19502.2,20183.2,20353.5,-448.0
2017-06-19,19974.3,20087.71,19949.88,20067.75,1484690000.0,19925.0,19980.7,19865.4,19842.1,19823.2,19397.5,19373.9,19319.1,19319.1,87.84999999999854,166.7,19365.2,19531.9,20198.9,20365.6,-524.0
2017-06-20,20234.12,20318.11,20227.29,20230.41,1836540000.0,19991.4,19985.2,19891.7,19854.6,19851.0,19418.8,19388.7,19327.5,19327.5,245.79000000000087,178.8,19355.2,19534.0,20249.4,20428.2,-63.0
2017-06-21,20192.16,20215.11,20117.79,20138.79,1634360000.0,20042.4,19982.5,19916.8,19867.5,19872.0,19441.1,19397.3,19334.9,19334.9,229.53000000000247,174.7,19392.8,19567.5,20266.1,20440.8,315.0
2017-06-22,20154.38,20191.42,20107.89,20110.51,1550400000.0,20098.1,19993.4,19934.3,19889.8,19878.5,19461.6,19404.6,19341.9,19341.9,97.25,174.8,19410.0,19584.7,20283.9,20458.6,517.0
2017-06-23,20152.58,20152.58,20089.54,20132.67,1532200000.0,20136.0,20005.7,19949.5,19911.5,19887.3,19485.6,19414.6,19348.9,19348.9,224.0899999999965,177.6,19416.7,19594.3,20304.7,20482.3,664.0
2017-06-26,20132.81,20196.38,20119.04,20153.35,1395600000.0,20153.1,20026.1,19971.7,19930.5,19895.0,19509.1,19422.7,19356.0,19356.0,254.59999999999854,172.2,19455.1,19627.3,20316.1,20488.3,734.0
2017-06-27,20229.12,20250.1,20185.19,20225.09,1573970000.0,20152.1,20043.7,19997.5,19954.9,19903.0,19538.7,19432.5,19363.7,19363.7,341.5699999999997,167.3,19495.7,19662.9,20332.1,20499.3,804.0
2017-06-28,20149.2,20224.3,20110.49,20130.41,1920070000.0,20150.4,20062.2,20019.1,19970.4,19910.4,19565.4,19442.6,19370.3,19370.3,298.59000000000015,152.5,19561.5,19714.0,20324.2,20476.7,727.0
2017-06-29,20260.87,20266.59,20197.38,20220.3,1950410000.0,20172.4,20089.0,20046.2,19986.7,19921.1,19591.3,19453.5,19377.7,19377.7,277.0400000000009,133.1,19646.8,19779.9,20312.5,20445.6,685.0
2017-06-30,20025.63,20044.01,19946.51,20033.43,1968970000.0,20152.5,20101.5,20054.5,20000.6,19924.5,19614.6,19460.8,19383.3,19383.3,-34.31999999999971,126.2,19675.8,19802.1,20306.9,20433.2,378.0
2017-07-03,20056.32,20096.14,20030.61,20055.8,1601090000.0,20133.0,20120.1,20048.7,20015.5,19931.8,19642.0,19468.4,19389.0,19389.0,-174.61000000000058,123.1,19679.5,19802.6,20294.8,20417.9,0.0
2017-07-04,20192.27,20197.16,19971.53,20032.35,1857720000.0,20094.5,20127.6,20042.1,20029.7,19946.3,19671.2,19475.8,19394.4,19394.4,-106.44000000000233,119.9,19682.5,19802.4,20281.8,20401.7,-462.0
2017-07-05,20015.07,20087.01,19888.9,20081.63,1794610000.0,20084.7,20128.7,20046.9,20046.9,19961.2,19702.9,19484.8,19400.1,19400.1,-28.87999999999738,119.3,19689.1,19808.4,20285.4,20404.7,-671.0
2017-07-06,20061.68,20078.88,19947.63,19994.06,1683080000.0,20039.5,20109.0,20047.4,20052.3,19970.8,19732.7,19494.8,19405.0,19405.0,-138.60999999999694,119.0,19690.3,19809.3,20285.5,20404.5,-671.0
2017-07-07,19856.65,19979.93,19856.65,19929.09,1653750000.0,20018.6,20091.6,20048.3,20042.4,19980.3,19760.2,19503.9,19409.3,19409.3,-224.2599999999984,118.0,19694.4,19812.4,20284.2,20402.2,-762.0
2017-07-10,20070.44,20127.76,20023.03,20080.98,1540250000.0,20023.6,20089.1,20051.5,20038.8,19990.6,19790.1,19511.6,19414.8,19414.8,-144.11000000000058,117.9,19697.9,19815.7,20287.3,20405.1,-741.0
2017-07-11,20073.86,20200.88,20070.67,20195.48,1436210000.0,20056.2,20094.3,20065.2,20047.4,20002.2,19822.2,19518.7,19421.1,19421.1,65.06999999999971,117.1,19713.9,19831.0,20299.4,20416.5,-455.0
2017-07-12,20137.22,20153.04,20061.16,20098.38,1480420000.0,20059.6,20089.7,20074.7,20052.0,20014.6,19849.1,19525.7,19426.5,19426.5,-121.91999999999825,110.9,19742.1,19853.0,20296.4,20407.3,-315.0
2017-07-13,20177.28,20183.8,20062.27,20099.81,1739570000.0,20080.7,20079.3,20085.0,20059.6,20027.3,19871.3,19533.8,19431.8,19431.8,66.38000000000102,101.9,19779.3,19881.2,20288.8,20390.7,-14.0
2017-07-14,20157.92,20163.67,20101.71,20118.86,2043290000.0,20118.7,20078.3,20098.7,20063.8,20040.6,19890.2,19542.5,19437.2,19437.2,63.06000000000131,83.9,19847.1,19930.9,20266.5,20350.3,280.0
2017-07-18,20074.41,20081.29,19943.14,19999.91,1817250000.0,20102.5,20060.0,20101.4,20067.5,20051.2,19903.2,19550.9,19441.6,19441.6,-32.43999999999869,79.4,19863.1,19942.5,20260.3,20339.7,371.0
2017-07-19,19970.78,20032.46,19947.26,20020.86,1641420000.0,20067.6,20058.9,20099.2,20072.3,20056.1,19917.1,19558.8,19446.1,19446.1,-60.77000000000044,81.1,19856.0,19937.1,20261.3,20342.4,175.0
2017-07-20,20046.9,20157.11,20032.23,20144.59,1650970000.0,20076.8,20066.3,20095.1,20082.8,20055.1,19934.4,19564.9,19451.5,19451.5,150.52999999999884,76.1,19866.7,19942.9,20247.3,20323.5,336.0
2017-07-21,20089.86,20135.33,20081.91,20099.75,1534020000.0,20076.8,20071.9,20093.2,20093.5,20052.9,19948.7,19570.1,19456.4,19456.4,170.65999999999985,75.5,19866.8,19942.2,20244.2,20319.6,385.0
2017-07-24,19973.67,20002.54,19901.88,19975.67,1561430000.0,20048.2,20063.1,20086.8,20094.8,20052.8,19958.4,19574.2,19460.4,19460.4,-105.31000000000131,79.6,19848.1,19927.7,20245.9,20325.5,154.0
2017-07-25,19979.56,20036.31,19941.61,19955.2,1497560000.0,20039.2,20059.9,20078.3,20090.3,20051.9,19959.4,19578.5,19464.1,19464.1,-240.27999999999884,83.8,19827.0,19910.8,20245.8,20329.6,-147.0
2017-07-26,20098.14,20116.0,20016.58,20050.16,1727770000.0,20045.1,20070.0,20073.4,20083.1,20056.2,19963.2,19583.6,19468.5,19468.5,-48.220000000001164,82.1,19827.0,19909.1,20237.7,20319.8,-510.0
2017-07-27,20026.58,20176.39,20005.2,20079.64,1837160000.0,20032.1,20069.9,20066.5,20080.7,20058.2,19966.5,19589.9,19473.0,19473.0,-20.17000000000189,74.5,19843.0,19917.5,20215.5,20290.0,-552.0
2017-07-28,20048.46,20056.16,19926.6,19959.84,2028090000.0,20004.1,20050.2,20058.4,20074.7,20059.8,19966.4,19595.6,19476.6,19476.6,-159.02000000000044,76.4,19829.1,19905.5,20211.3,20287.7,-531.0
2017-07-31,19933.45,19983.9,19891.9,19925.18,2334550000.0,19994.0,20035.8,20044.3,20066.4,20060.6,19967.2,19605.5,19479.9,19479.9,-74.72999999999956,72.2,19827.7,19899.9,20188.7,20260.9,-629.0
2017-08-01,19907.08,20000.46,19904.72,19985.79,1944530000.0,20000.1,20026.3,20042.0,20059.7,20063.7,19969.3,19615.6,19483.5,19483.5,-35.06999999999971,73.3,19822.1,19895.4,20188.6,20261.9,-566.0
2017-08-02,20057.07,20113.73,20022.05,20080.04,1718450000.0,20006.1,20023.1,20043.2,20053.9,20071.2,19972.2,19624.8,19487.8,19487.8,-64.54999999999927,73.7,19822.0,19895.8,20190.6,20264.4,-245.0
2017-08-03,20066.0,20070.16,19985.4,20029.26,1680630000.0,19996.0,20025.5,20043.1,20049.8,20073.8,19976.1,19636.5,19491.7,19491.7,-70.4900000000016,73.7,19821.9,19895.6,20190.6,20264.3,-210.0
2017-08-04,19949.79,19984.51,19933.59,19952.33,1515000000.0,19994.5,20019.8,20036.9,20039.1,20070.3,19983.4,19645.0,19494.9,19494.9,-23.339999999996508,75.7,19809.7,19885.4,20188.4,20264.1,-427.0
2017-08-07,20059.29,20085.9,20037.4,20055.89,1505900000.0,20020.7,20012.4,20039.8,20040.0,20065.0,19991.8,19654.4,19498.9,19498.9,100.68999999999869,75.2,19814.3,19889.4,20190.2,20265.3,-112.0
2017-08-08,20062.65,20076.8,19970.57,19996.01,1652360000.0,20022.7,20003.8,20043.0,20037.6,20060.7,19997.6,19664.9,19502.4,19502.4,-54.150000000001455,71.6,19828.2,19899.8,20186.2,20257.8,175.0
2017-08-09,19928.96,19945.28,19660.22,19738.71,2066310000.0,19954.4,19984.0,20026.7,20025.9,20049.4,19999.9,19674.2,19504.0,19504.0,-340.9300000000003,97.0,19735.8,19832.7,20220.7,20317.6,-154.0
2017-08-10,19792.45,19829.88,19685.83,19729.74,1964130000.0,19894.5,19965.2,20004.6,20011.8,20037.2,19999.6,19682.6,19507.1,19505.6,-230.09999999999854,109.0,19677.7,19786.7,20222.5,20331.5,-455.0
2017-08-14,19545.58,19598.41,19486.48,19537.1,1959110000.0,19811.5,19922.5,19977.8,19993.5,20018.5,19994.6,19690.7,19510.2,19505.8,-388.08000000000175,147.0,19536.8,19683.8,20271.8,20418.8,-552.0
2017-08-15,19689.38,19824.12,19656.91,19753.31,1650800000.0,19751.0,19895.3,19961.3,19986.5,20004.2,19995.8,19700.8,19516.7,19507.5,-232.47999999999956,152.0,19505.3,19657.3,20265.3,20417.3,-538.0
2017-08-16,19750.55,19776.86,19719.08,19729.28,1435390000.0,19697.6,19876.1,19942.8,19972.4,19992.1,19996.7,19713.5,19522.5,19509.0,-350.76000000000204,155.5,19476.2,19631.7,20253.9,20409.4,-678.0
2017-08-17,19707.75,19739.04,19679.37,19702.63,1436190000.0,19690.4,19857.5,19928.6,19952.7,19976.4,19997.1,19725.1,19526.9,19510.3,-326.6299999999974,163.4,19438.4,19601.8,20255.4,20418.8,-804.0
2017-08-18,19471.27,19543.13,19433.09,19470.41,1671730000.0,19638.5,19814.6,19902.4,19927.6,19959.3,19993.8,19732.7,19529.2,19510.0,-481.9200000000019,189.9,19332.8,19522.7,20282.1,20472.0,-888.0
2017-08-21,19509.53,19509.53,19365.65,19393.13,1406900000.0,19609.8,19757.3,19866.6,19899.3,19939.2,19985.4,19739.9,19532.7,19509.2,-662.7599999999984,211.5,19232.0,19443.6,20289.6,20501.2,-888.0
2017-08-22,19373.11,19437.25,19361.95,19383.84,1314910000.0,19535.9,19703.5,19832.5,19869.9,19919.6,19970.9,19749.3,19536.8,19508.4,-612.1699999999983,229.0,19145.4,19374.4,20290.6,20519.6,-902.0
2017-08-23,19547.05,19561.32,19408.47,19434.64,1453320000.0,19476.9,19660.4,19806.8,19847.3,19900.0,19957.5,19760.6,19539.4,19507.9,-304.0699999999997,242.2,19080.3,19322.4,20291.2,20533.3,-902.0
2017-08-24,19366.36,19428.55,19351.92,19353.77,1442220000.0,19407.2,19601.9,19778.1,19820.6,19880.6,19946.2,19772.1,19539.1,19506.9,-375.97000000000116,258.7,19001.9,19260.6,20295.6,20554.3,-902.0
2017-08-25,19401.12,19485.97,19384.37,19452.61,1343610000.0,19403.6,19556.6,19749.7,19793.0,19866.1,19936.5,19784.4,19539.0,19506.6,-84.48999999999796,260.2,18969.1,19229.3,20270.1,20530.3,-832.0
2017-08-28,19502.23,19535.5,19420.5,19449.9,1344920000.0,19415.0,19532.5,19719.7,19767.0,19847.0,19928.1,19796.0,19539.5,19506.2,-303.40999999999985,256.5,18950.1,19206.7,20232.7,20489.3,-755.0
2017-08-29,19319.11,19371.9,19280.02,19362.55,1387000000.0,19410.7,19501.9,19691.2,19742.4,19821.8,19916.3,19806.4,19541.8,19505.3,-366.72999999999956,261.6,18906.3,19168.0,20214.4,20476.1,-748.0
2017-08-30,19480.98,19538.23,19435.1,19506.54,1705300000.0,19425.1,19499.4,19671.3,19724.5,19803.8,19909.0,19818.5,19544.2,19505.3,-196.09000000000015,258.8,18894.8,19153.6,20189.0,20447.8,-538.0
2017-08-31,19591.32,19687.99,19583.11,19646.24,1770350000.0,19483.6,19490.5,19655.1,19708.3,19790.1,19904.4,19830.0,19549.3,19506.2,175.83000000000175,248.6,18909.2,19157.9,20152.3,20401.0,-224.0
2017-09-01,19733.57,19735.96,19620.07,19691.47,1630440000.0,19531.3,19487.3,19636.6,19692.8,19777.2,19900.9,19839.2,19554.7,19507.3,298.34000000000015,229.1,18949.3,19178.4,20094.8,20323.9,161.0
2017-09-04,19615.96,19628.4,19479.4,19508.25,1595790000.0,19543.0,19471.1,19611.8,19674.7,19762.3,19895.0,19844.0,19558.4,19507.3,124.40999999999985,212.0,18975.7,19187.7,20035.9,20247.9,601.0
2017-09-05,19533.38,19542.78,19354.59,19385.81,1640260000.0,19547.7,19464.1,19584.8,19653.2,19743.0,19884.9,19845.1,19561.7,19506.6,-48.82999999999811,202.4,18977.7,19180.1,19989.5,20191.9,497.0
2017-09-06,19286.06,19371.38,19254.67,19357.97,1665530000.0,19517.9,19461.1,19551.6,19628.1,19719.2,19872.0,19846.3,19564.1,19505.7,4.200000000000728,176.8,19021.1,19197.9,19905.3,20082.1,245.0
2017-09-07,19433.44,19482.72,19365.75,19396.52,1526480000.0,19468.0,19462.2,19523.1,19600.7,19697.9,19856.8,19848.5,19567.5,19505.0,-56.090000000000146,147.5,19080.7,19228.2,19818.0,19965.5,49.0
2017-09-08,19297.96,19357.49,19239.52,19274.82,1860420000.0,19384.7,19448.9,19501.0,19570.5,19676.6,19841.1,19848.1,19566.8,19503.6,-175.08000000000175,148.3,19056.1,19204.4,19797.6,19945.9,-168.0
2017-09-11,19441.39,19567.03,19437.14,19545.77,1498640000.0,19392.2,19464.9,19492.2,19554.3,19664.2,19830.9,19849.3,19567.4,19503.9,183.22000000000116,139.3,19074.4,19213.7,19770.7,19910.0,-182.0
2017-09-12,19736.14,19792.06,19718.8,19776.62,1654760000.0,19470.3,19491.9,19503.6,19543.1,19655.9,19824.4,19847.9,19571.1,19505.5,270.0799999999981,152.3,19046.6,19199.0,19808.2,19960.6,77.0
2017-09-13,19873.69,19888.84,19845.02,19865.82,1605110000.0,19571.9,19526.5,19509.0,19537.9,19649.4,19819.1,19848.2,19574.1,19507.7,219.5799999999981,163.1,19019.6,19182.7,19835.3,19998.4,294.0
2017-09-14,19860.37,19918.39,19793.85,19807.44,1662500000.0,19654.1,19563.6,19512.7,19540.6,19644.8,19811.6,19847.1,19577.3,19509.4,115.96999999999753,169.2,19005.1,19174.3,19851.1,20020.3,385.0
2017-09-15,19793.8,19933.4,19787.65,19909.5,1986440000.0,19781.0,19597.2,19522.6,19547.8,19644.4,19807.5,19846.6,19582.0,19511.8,401.25,186.0,18964.6,19150.6,19894.6,20080.6,538.0
2017-09-19,20128.18,20320.78,20122.0,20299.38,2044590000.0,19931.8,19651.6,19562.0,19578.3,19653.9,19809.0,19851.2,19589.3,19516.4,913.5699999999997,251.0,18809.0,19060.0,20064.0,20315.0,727.0
2017-09-20,20301.33,20339.37,20272.82,20310.46,1756570000.0,20038.5,19703.2,19605.7,19600.6,19660.8,19814.0,19856.2,19595.7,19521.0,952.489999999998,295.9,18717.9,19013.9,20197.5,20493.5,874.0
2017-09-21,20456.5,20481.27,20332.69,20347.48,1973910000.0,20134.9,19773.1,19651.6,19625.3,19670.5,19819.3,19861.0,19602.4,19525.8,950.9599999999991,332.3,18654.8,18987.0,20316.2,20648.4,944.0
2017-09-22,20413.61,20417.07,20249.24,20296.45,1693710000.0,20232.7,19849.0,19692.6,19649.1,19680.9,19824.1,19866.4,19608.9,19530.2,1021.630000000001,356.5,18623.2,18979.6,20405.6,20762.0,930.0
2017-09-25,20439.43,20454.29,20367.03,20397.58,1529920000.0,20330.3,19935.7,19742.3,19686.2,19691.3,19829.9,19875.9,19616.6,19535.2,851.8100000000013,378.9,18605.5,18984.4,20500.2,20879.1,944.0
2017-09-26,20349.26,20385.5,20303.98,20330.19,1780310000.0,20336.4,20013.5,19784.1,19723.7,19701.4,19836.0,19884.2,19625.1,19539.7,553.5699999999997,393.5,18603.6,18997.1,20571.1,20964.6,923.0
2017-09-27,20269.82,20278.09,20213.66,20267.05,1202270000.0,20327.7,20096.1,19823.0,19759.0,19717.4,19842.1,19890.8,19633.1,19543.8,401.22999999999956,399.2,18625.5,19024.7,20621.3,21020.5,776.0
2017-09-28,20398.63,20399.87,20299.68,20363.11,1603580000.0,20330.9,20164.3,19870.7,19796.1,19736.6,19847.2,19899.2,19639.8,19548.4,555.6700000000019,401.1,18667.3,19068.4,20673.0,21074.1,755.0
2017-09-29,20315.34,20370.33,20285.06,20356.28,1731360000.0,20342.8,20212.6,19911.2,19836.2,19761.4,19850.2,19906.1,19645.3,19552.9,446.77999999999884,405.4,18695.0,19100.4,20722.0,21127.4,720.0
2017-10-02,20400.51,20411.33,20363.28,20400.78,1355840000.0,20343.5,20257.1,19947.1,19874.2,19781.0,19855.7,19912.7,19651.8,19557.6,101.39999999999782,414.1,18704.8,19118.9,20775.3,21189.4,727.0
2017-10-03,20475.25,20628.38,20438.17,20614.07,1450940000.0,20400.3,20324.4,19991.0,19920.7,19807.9,19865.0,19923.1,19660.3,19563.5,303.6100000000006,434.1,18688.7,19122.8,20859.2,21293.3,727.0
2017-10-04,20660.81,20689.08,20592.18,20626.66,1660050000.0,20472.2,20384.1,20044.3,19971.3,19835.9,19874.3,19933.7,19669.2,19569.3,279.1800000000003,440.5,18722.9,19163.4,20925.2,21365.7,727.0
2017-10-05,20650.71,20667.47,20602.26,20628.56,1378350000.0,20525.3,20411.6,20103.5,20016.2,19870.9,19885.7,19944.4,19678.8,19575.1,332.1100000000006,430.9,18810.7,19241.6,20965.4,21396.3,790.0
2017-10-06,20716.85,20721.15,20659.15,20690.71,1459790000.0,20592.2,20443.2,20166.9,20058.0,19910.3,19897.9,19956.1,19688.3,19581.2,293.1299999999974,413.5,18926.5,19340.0,20993.8,21407.3,839.0
2017-10-10,20680.54,20823.66,20663.08,20823.51,1485200000.0,20676.7,20482.9,20234.9,20103.2,19953.9,19910.2,19966.9,19696.8,19587.9,493.3199999999997,397.5,19042.5,19440.0,21029.8,21427.3,895.0
2017-10-11,20803.71,20898.41,20788.12,20881.27,1531580000.0,20730.1,20531.6,20311.4,20158.2,19997.7,19924.4,19974.8,19705.4,19594.8,614.2200000000012,355.9,19243.8,19599.7,21023.1,21379.0,916.0
2017-10-12,20958.18,20994.4,20917.04,20954.72,1536270000.0,20795.8,20578.1,20378.5,20220.9,20046.2,19942.2,19983.7,19714.8,19602.1,591.6100000000006,336.6,19368.7,19705.3,21051.7,21388.3,986.0
2017-10-13,20959.66,21211.29,20933.0,21155.18,1847950000.0,20901.1,20646.8,20444.1,20292.8,20097.8,19964.0,19996.9,19725.7,19610.4,798.9000000000015,347.6,19401.3,19748.9,21139.3,21486.9,993.0
2017-10-16,21221.27,21347.07,21187.93,21255.56,1801250000.0,21014.0,20729.2,20510.3,20367.2,20152.6,19986.0,20011.1,19737.3,19619.1,854.7800000000025,363.9,19418.6,19782.5,21238.1,21602.0,993.0
2017-10-17,21352.17,21393.96,21230.67,21336.12,1593640000.0,21116.6,20810.3,20583.1,20449.6,20212.4,20008.8,20027.2,19749.9,19628.1,722.0499999999993,369.1,19475.7,19844.8,21321.4,21690.5,1000.0
2017-10-18,21374.66,21402.76,21317.67,21363.05,1357760000.0,21212.9,20894.2,20652.3,20522.3,20268.6,20034.3,20042.3,19763.1,19637.2,736.3899999999994,372.8,19533.9,19906.7,21397.9,21770.7,1000.0
2017-10-19,21450.04,21503.85,21381.52,21448.52,1520380000.0,21311.7,20981.5,20707.0,20589.2,20323.2,20062.0,20059.6,19779.9,19646.6,819.9599999999991,401.6,19502.1,19903.8,21510.2,21911.9,1000.0
2017-10-20,21390.95,21489.26,21363.1,21457.64,1522220000.0,21372.2,21051.8,20761.6,20652.9,20376.8,20088.8,20077.2,19796.3,19656.0,766.9300000000003,422.5,19494.2,19916.7,21606.5,22029.0,1000.0
2017-10-23,21709.3,21723.6,21614.51,21696.65,1582070000.0,21460.4,21141.0,20825.9,20728.4,20443.1,20118.2,20097.5,19813.2,19666.5,873.140000000003,457.5,19453.5,19911.0,21740.8,22198.3,1000.0
2017-10-24,21670.0,21805.17,21646.52,21805.17,1571560000.0,21554.2,21239.0,20897.7,20804.2,20516.4,20150.5,20119.7,19832.8,19677.5,923.8999999999978,487.6,19434.8,19922.4,21873.0,22360.6,1000.0
2017-10-25,21900.13,21921.36,21648.35,21707.62,1968430000.0,21623.1,21323.8,20960.1,20860.6,20587.6,20182.4,20139.5,19850.2,19687.8,752.8999999999978,504.0,19448.2,19952.1,21968.1,22472.0,993.0
2017-10-26,21698.95,21793.62,21688.56,21739.78,1590080000.0,21681.4,21400.1,21027.2,20917.7,20658.6,20213.0,20158.3,19867.7,19698.3,584.5999999999985,509.7,19498.0,20007.8,22046.6,22556.4,979.0
2017-10-27,21903.27,22016.5,21815.72,22008.45,1991180000.0,21791.5,21494.0,21110.2,20984.2,20741.4,20249.6,20178.3,19888.2,19709.9,752.8899999999994,521.4,19546.0,20067.4,22153.0,22674.4,979.0
2017-10-30,22047.95,22086.88,21921.24,22011.67,2371580000.0,21854.5,21582.1,21188.7,21052.8,20816.2,20290.9,20199.3,19909.7,19721.5,675.5499999999993,527.4,19606.6,20134.0,22243.4,22770.8,979.0
2017-10-31,21897.29,22020.38,21840.07,22011.61,1888010000.0,21895.8,21653.5,21267.5,21117.4,20883.9,20332.4,20220.7,19930.8,19732.9,648.5600000000013,520.4,19706.4,20226.7,22308.3,22828.6,972.0
2017-11-01,22144.92,22455.92,22130.03,22420.08,2056820000.0,22038.3,21750.5,21363.6,21201.0,20961.3,20384.8,20246.4,19955.8,19746.3,971.5600000000013,538.5,19748.2,20286.7,22440.5,22979.0,972.0
2017-11-02,22512.18,22540.25,22400.01,22539.12,1868480000.0,22198.2,21850.8,21455.3,21291.8,21044.1,20435.5,20273.2,19981.4,19760.1,1081.4799999999996,567.6,19752.6,20320.2,22590.4,23158.0,972.0
2017-11-06,22612.96,22644.68,22435.34,22548.35,1938160000.0,22306.2,21949.6,21546.8,21379.2,21124.0,20486.7,20299.3,20008.8,19773.9,851.6999999999971,582.0,19800.8,20382.8,22710.8,23292.8,972.0
2017-11-07,22518.75,22953.18,22512.91,22937.6,1896650000.0,22491.4,22073.6,21656.8,21482.5,21204.0,20545.5,20330.8,20038.5,19789.4,1132.4300000000003,616.9,19806.0,20423.0,22890.6,23507.6,972.0
2017-11-08,22849.91,22922.8,22759.07,22913.82,1868220000.0,22671.8,22195.0,21762.6,21583.0,21282.9,20608.1,20361.1,20067.1,19804.6,1206.2000000000007,633.4,19862.5,20495.8,23029.4,23662.7,965.0
2017-11-09,22989.44,23382.15,22522.83,22868.71,2747750000.0,22761.5,22292.7,21860.0,21673.2,21359.3,20671.3,20393.0,20095.7,19819.5,1128.9300000000003,639.0,19943.1,20582.1,23137.9,23776.9,944.0
2017-11-10,22580.7,22724.39,22511.93,22681.42,1890460000.0,22790.0,22365.7,21945.8,21755.4,21431.5,20731.3,20422.5,20124.4,19833.3,672.9699999999975,621.6,20081.0,20702.6,23189.0,23810.6,923.0
2017-11-13,22607.56,22607.92,22380.99,22380.99,1565730000.0,22756.5,22421.8,22013.7,21825.5,21491.6,20784.9,20448.9,20151.8,19845.6,369.32000000000335,584.7,20259.5,20844.2,23183.2,23767.9,727.0
2017-11-14,22342.93,22532.3,22323.24,22380.01,1735790000.0,22645.0,22475.2,22072.0,21893.1,21553.8,20839.9,20474.7,20179.9,19857.7,368.3999999999978,555.2,20406.5,20961.7,23182.3,23737.5,476.0
2017-11-15,22250.98,22305.24,22004.79,22028.32,2159180000.0,22467.9,22476.8,22108.8,21941.3,21607.1,20886.7,20497.5,20205.4,19868.0,-391.76000000000204,523.0,20539.7,21062.8,23154.8,23677.9,161.0
2017-11-16,21975.23,22392.13,21972.34,22351.12,1774160000.0,22364.4,22505.1,22157.1,22000.1,21667.4,20939.5,20524.8,20232.7,19879.8,-188.0,494.1,20674.7,21168.8,23145.4,23639.5,-210.0
2017-11-17,22603.3,22757.4,22319.12,22396.8,1980210000.0,22307.4,22537.2,22206.4,22057.7,21729.2,20994.6,20550.8,20260.3,19891.7,-151.54999999999927,461.5,20821.9,21283.4,23129.4,23590.9,-601.0
2017-11-20,22279.98,22410.24,22215.07,22261.76,1454660000.0,22283.6,22524.0,22245.1,22102.0,21785.6,21044.7,20574.0,20286.9,19902.8,-675.8400000000001,427.6,20962.3,21389.9,23100.3,23527.9,-727.0
2017-11-21,22456.79,22563.25,22416.48,22416.48,1528300000.0,22290.9,22513.8,22290.7,22148.4,21840.2,21095.1,20600.0,20313.2,19914.5,-497.34000000000015,388.7,21124.5,21513.2,23068.2,23456.9,-685.0
2017-11-22,22601.55,22677.34,22513.44,22523.15,1603390000.0,22389.9,22511.7,22330.1,22195.9,21897.7,21146.6,20627.3,20338.5,19926.7,-345.5599999999977,366.8,21229.7,21596.5,23063.7,23430.5,-559.0
2017-11-24,22390.14,22567.2,22381.01,22550.85,1329640000.0,22429.8,22479.5,22365.6,22243.4,21955.9,21201.9,20654.6,20362.7,19938.8,-130.5699999999997,349.1,21318.2,21667.4,23063.8,23413.0,-308.0
2017-11-27,22657.08,22659.33,22423.4,22495.99,1372340000.0,22449.6,22444.6,22403.1,22285.3,22010.6,21258.4,20682.6,20384.9,19950.6,115.0,315.6,21456.3,21771.9,23034.3,23349.9,-14.0
2017-11-28,22474.74,22580.99,22363.94,22486.24,1482180000.0,22494.5,22412.8,22438.7,22326.5,22061.0,21315.3,20710.3,20407.4,19962.2,106.2300000000032,276.8,21608.3,21885.1,22992.3,23269.1,329.0
2017-11-29,22613.96,22643.93,22537.12,22597.2,1701830000.0,22530.7,22405.7,22466.7,22362.5,22113.0,21373.5,20737.9,20431.0,19974.3,568.880000000001,260.4,21685.6,21945.9,22987.5,23247.8,790.0
2017-11-30,22601.83,22748.32,22502.68,22724.96,2445570000.0,22571.0,22434.4,22500.7,22399.3,22166.7,21436.2,20767.4,20454.7,19986.8,373.84000000000015,244.1,21768.5,22012.6,22988.8,23232.9,867.0
2017-12-01,22916.93,22994.31,22675.07,22819.03,1627100000.0,22624.7,22471.0,22539.1,22443.7,22217.1,21495.8,20799.3,20478.1,19999.6,422.22999999999956,226.1,21860.8,22086.9,22991.3,23217.4,916.0
2017-12-04,22843.53,22864.33,22693.99,22707.16,1394430000.0,22666.9,22527.6,22552.8,22482.4,22261.1,21549.0,20830.3,20497.7,20011.8,445.40000000000146,227.2,21871.1,22098.4,23007.2,23234.5,895.0
2017-12-05,22595.33,22682.71,22522.28,22622.38,1477120000.0,22694.1,22550.2,22556.8,22507.0,22300.1,21599.2,20859.2,20517.0,20023.5,205.90000000000146,227.7,21873.7,22101.4,23012.2,23239.9,867.0
2017-12-06,22525.38,22528.21,22119.21,22177.04,1791740000.0,22610.1,22531.9,22539.1,22513.6,22324.7,21642.2,20882.7,20532.8,20033.1,-346.1100000000006,242.3,21812.1,22054.4,23023.8,23266.1,413.0
2017-12-07,22317.15,22515.24,22317.15,22498.03,1528330000.0,22564.7,22551.5,22518.2,22533.1,22356.5,21689.3,20911.2,20550.4,20044.1,-52.81999999999971,224.5,21844.7,22069.2,22967.2,23191.7,217.0
2017-12-08,22627.95,22819.71,22625.41,22811.08,2005300000.0,22563.1,22584.4,22513.3,22548.7,22397.5,21735.0,20943.7,20570.7,20056.3,315.09000000000015,216.4,21864.0,22080.4,22946.2,23162.6,252.0
2017-12-11,22894.3,22938.73,22787.4,22938.73,1420070000.0,22609.5,22619.1,22516.6,22564.7,22435.2,21782.8,20976.8,20592.0,20069.0,452.48999999999796,222.6,21848.7,22071.3,22961.9,23184.5,420.0
2017-12-12,22936.41,22994.33,22834.89,22866.17,1600620000.0,22658.2,22645.3,22525.4,22577.4,22467.3,21828.6,21008.2,20612.5,20081.3,268.9699999999975,232.9,21826.7,22059.6,22991.2,23224.1,552.0
2017-12-13,22879.27,22879.37,22697.32,22758.07,1900540000.0,22774.4,22667.2,22543.4,22570.2,22499.2,21873.3,21038.8,20632.9,20093.0,33.11000000000058,235.7,21836.3,22072.0,23014.8,23250.5,510.0
2017-12-14,22699.3,22786.61,22638.76,22694.45,1666820000.0,22813.7,22684.5,22558.3,22561.4,22528.1,21915.1,21069.6,20654.7,20104.3,-124.57999999999811,234.8,21853.9,22088.7,23027.9,23262.7,294.0
2017-12-15,22621.36,22745.09,22478.32,22553.22,1844210000.0,22762.1,22680.9,22583.3,22548.8,22544.6,21955.5,21097.7,20675.3,20114.9,-153.9399999999987,201.1,21980.1,22181.1,22985.5,23186.5,0.0
2017-12-18,22770.44,22927.5,22735.2,22901.77,1613630000.0,22754.7,22695.6,22609.6,22557.6,22571.6,22003.4,21130.3,20697.7,20126.9,279.3899999999994,205.1,21994.2,22199.3,23019.9,23225.0,210.0
2017-12-19,22961.47,22990.42,22862.82,22868.0,1458990000.0,22755.1,22699.7,22632.0,22577.1,22597.5,22048.9,21165.5,20720.3,20138.7,690.9599999999991,206.5,22012.6,22219.0,23045.0,23251.4,455.0
2017-12-20,22834.93,22923.5,22806.73,22891.72,1661240000.0,22781.8,22715.1,22662.0,22597.6,22611.8,22095.0,21201.0,20742.2,20154.1,393.6900000000023,195.5,22075.6,22271.1,23052.9,23248.4,552.0
2017-12-21,22852.01,22894.95,22728.06,22866.1,1451820000.0,22816.2,22735.4,22683.4,22631.1,22621.7,22139.9,21238.4,20763.4,20170.3,55.0199999999968,191.8,22107.9,22299.8,23067.0,23258.9,483.0
2017-12-22,22850.73,22908.84,22801.16,22902.76,1489220000.0,22886.1,22795.8,22701.5,22653.2,22632.5,22181.5,21273.8,20785.7,20187.9,-35.970000000001164,193.8,22120.0,22313.8,23089.2,23283.0,420.0
2017-12-25,22909.41,22948.83,22870.19,22939.18,1056440000.0,22893.6,22832.6,22720.0,22674.9,22632.5,22223.5,21309.9,20808.3,20205.2,73.01000000000204,197.2,22128.3,22325.5,23114.5,23311.7,420.0
2017-12-26,22922.95,22950.15,22877.63,22892.69,1094890000.0,22898.5,22839.4,22738.9,22700.1,22631.9,22264.7,21345.7,20830.6,20221.6,134.61999999999898,193.7,22157.8,22351.5,23126.3,23320.0,364.0
2017-12-27,22854.39,22936.16,22854.39,22911.21,981240000.0,22902.4,22837.1,22759.1,22719.9,22633.2,22305.1,21384.4,20853.3,20237.8,216.7599999999984,188.1,22194.8,22382.9,23135.3,23323.4,741.0
2017-12-28,22912.05,22954.45,22736.43,22783.98,997360000.0,22886.0,22830.3,22768.0,22730.3,22636.3,22340.7,21422.5,20873.6,20254.5,230.7599999999984,184.4,22214.7,22399.1,23136.9,23321.3,580.0
2017-12-29,22831.49,22881.21,22753.2,22764.94,889150000.0,22858.4,22830.8,22769.9,22738.9,22647.9,22375.0,21460.5,20891.6,20271.6,-136.83000000000175,184.2,22217.4,22401.5,23138.3,23322.4,287.0
2018-01-04,23073.73,23506.33,23065.2,23506.33,1690650000.0,22971.8,22898.5,22802.6,22779.3,22682.0,22421.3,21506.2,20914.7,20290.7,638.3300000000017,244.5,22069.0,22313.5,23291.7,23536.2,294.0
2018-01-05,23643.0,23730.47,23520.52,23714.53,1681440000.0,23136.2,22995.3,22850.6,22828.4,22733.1,22467.9,21555.2,20940.6,20309.2,822.8099999999977,313.8,21909.1,22222.9,23478.3,23792.1,294.0
2018-01-09,23948.97,23952.61,23789.03,23849.99,1663410000.0,23324.0,23074.3,22909.0,22878.5,22778.5,22515.1,21604.6,20967.5,20328.0,983.890000000003,377.2,21777.5,22154.7,23663.3,24040.5,497.0
2018-01-10,23832.81,23864.76,23755.45,23788.2,1592600000.0,23524.8,23151.0,22985.8,22921.1,22820.7,22559.6,21653.4,20994.4,20347.0,885.4400000000023,384.6,21832.0,22216.6,23755.0,24139.6,608.0
2018-01-11,23656.39,23734.97,23601.84,23710.43,1582830000.0,23713.9,23219.2,23043.5,22956.7,22864.6,22602.3,21702.2,21020.1,20367.0,771.25,398.5,21848.1,22246.5,23840.5,24238.9,664.0
2018-01-12,23719.66,23743.05,23588.07,23653.82,1696190000.0,23743.4,23284.8,23083.6,22994.6,22902.1,22642.4,21748.8,21046.1,20386.3,761.130000000001,416.0,21835.7,22251.7,23915.5,24331.5,671.0
2018-01-15,23827.98,23833.27,23685.02,23714.88,1421700000.0,23743.5,23352.5,23120.6,23038.3,22938.2,22683.5,21794.5,21072.6,20406.9,803.6700000000019,436.4,21811.4,22247.8,23993.4,24429.8,699.0
2018-01-16,23721.17,23962.07,23701.83,23951.81,1318170000.0,23763.8,23436.9,23172.3,23109.3,22980.7,22724.5,21842.4,21100.9,20428.5,1167.8300000000017,467.9,21768.5,22236.4,24108.2,24576.1,769.0
2018-01-17,23783.42,23891.63,23739.17,23868.34,1541400000.0,23779.9,23518.2,23225.2,23164.1,23022.3,22762.0,21891.4,21128.9,20449.5,1103.4000000000015,481.3,21781.2,22262.6,24187.8,24669.2,797.0
2018-01-18,24078.93,24084.42,23699.47,23763.37,1820750000.0,23790.4,23589.2,23276.1,23202.2,23061.0,22799.3,21940.6,21155.4,20470.4,257.03999999999724,478.9,21839.4,22318.3,24233.9,24712.8,706.0
2018-01-19,23854.11,23872.69,23735.61,23808.06,1392340000.0,23821.3,23674.6,23335.8,23237.0,23097.6,22836.9,21990.6,21181.4,20491.0,93.53000000000247,462.2,21949.2,22411.4,24260.2,24722.4,622.0
2018-01-22,23797.84,23816.33,23697.81,23816.33,1342980000.0,23841.6,23762.2,23379.4,23275.0,23130.7,22869.8,22040.2,21206.3,20512.0,-33.659999999999854,462.3,21992.4,22454.7,24304.1,24766.4,510.0
2018-01-23,23924.4,24129.34,23916.02,24124.15,1415120000.0,23876.0,23813.7,23439.2,23329.6,23170.3,22908.2,22094.7,21234.0,20532.4,335.9500000000007,474.0,22017.2,22491.2,24387.2,24861.2,510.0
2018-01-24,24026.43,24072.77,23917.14,23940.78,1523560000.0,23890.5,23832.5,23489.1,23379.5,23207.7,22943.3,22144.1,21260.6,20551.6,230.34999999999854,468.7,22083.1,22551.8,24426.4,24895.1,510.0
2018-01-25,23750.65,23828.4,23649.03,23669.49,1563330000.0,23871.8,23817.5,23527.4,23424.1,23239.4,22966.0,22187.9,21285.1,20570.7,15.670000000001892,447.6,22184.7,22632.3,24422.5,24870.1,350.0
2018-01-26,23757.34,23797.96,23592.28,23631.88,1534270000.0,23836.5,23804.4,23562.1,23453.3,23283.5,22985.9,22230.2,21309.3,20588.7,-83.0,424.4,22289.0,22713.4,24410.8,24835.2,49.0
2018-01-29,23707.14,23787.23,23580.17,23629.34,1326280000.0,23799.1,23797.7,23595.0,23483.8,23317.8,23005.5,22273.1,21332.9,20607.0,-322.47000000000116,399.7,22395.8,22795.5,24394.5,24794.2,-259.0
2018-01-30,23559.33,23581.98,23233.37,23291.97,1702720000.0,23632.7,23767.5,23614.0,23499.8,23332.3,23012.0,22311.1,21354.9,20624.4,-576.369999999999,373.3,22494.2,22867.5,24360.5,24733.8,-573.0
2018-01-31,23205.23,23375.38,23092.85,23098.29,1820730000.0,23464.2,23716.2,23622.9,23509.1,23337.2,23015.3,22342.6,21374.9,20641.0,-665.0799999999981,357.6,22550.2,22907.8,24338.0,24695.6,-769.0
2018-02-01,23276.1,23492.77,23211.12,23486.11,1816560000.0,23427.5,23677.3,23656.3,23532.4,23355.9,23026.6,22378.2,21398.9,20658.6,-321.9500000000007,304.0,22744.3,23048.3,24264.3,24568.3,-783.0
2018-02-02,23361.67,23367.96,23122.45,23274.53,1702440000.0,23356.0,23627.9,23680.6,23545.8,23371.6,23037.3,22411.1,21421.2,20675.3,-541.8000000000029,243.6,22949.7,23193.3,24167.9,24411.5,-832.0
2018-02-05,22921.16,22967.69,22659.43,22682.08,1881890000.0,23166.6,23537.8,23641.4,23537.4,23371.2,23042.8,22437.9,21439.6,20689.5,-1442.0699999999997,325.7,22664.3,22990.0,24292.8,24618.5,-902.0
2018-02-06,22267.0,22277.45,21078.71,21610.24,3155710000.0,22830.2,23354.6,23541.1,23485.4,23342.6,23028.8,22451.6,21450.2,20699.5,-2330.5399999999972,549.1,21893.7,22442.8,24639.4,25188.5,-944.0
2018-02-07,22001.29,22353.87,21627.13,21645.37,2336290000.0,22539.7,23173.7,23436.2,23439.8,23304.6,23021.9,22466.3,21461.7,20710.4,-2024.1200000000026,681.8,21390.7,22072.5,24799.9,25481.7,-958.0
2018-02-08,21721.57,21977.03,21649.7,21890.86,1820420000.0,22220.6,22987.6,23345.8,23404.8,23275.0,23013.5,22484.6,21475.3,20722.3,-1741.0200000000004,754.7,21081.8,21836.5,24855.1,25609.8,-937.0
2018-02-09,21507.74,21510.3,21119.01,21382.62,2137480000.0,21842.2,22774.4,23235.0,23319.9,23229.2,22995.1,22496.0,21484.4,20730.8,-2246.720000000001,861.8,20649.6,21511.4,24958.6,25820.4,-937.0
2018-02-13,21633.34,21679.2,21211.53,21244.68,1962390000.0,21554.8,22572.3,23120.2,23221.1,23180.1,22976.6,22506.0,21491.6,20738.0,-2047.2900000000009,958.2,20245.6,21203.8,25036.6,25994.8,-937.0
2018-02-14,21251.24,21371.01,20950.15,21154.17,1842290000.0,21463.5,22365.9,22998.3,23113.3,23127.1,22953.6,22514.5,21499.0,20745.2,-1944.1200000000026,1038.3,19883.3,20921.6,25075.0,26113.3,-937.0
2018-02-15,21384.1,21578.99,21308.92,21464.98,1571110000.0,21427.5,22185.5,22879.9,23020.3,23082.4,22934.4,22524.1,21508.5,20754.2,-2021.130000000001,1065.6,19683.1,20748.7,25011.1,26076.7,-895.0
2018-02-16,21555.99,21866.37,21499.88,21720.25,1428880000.0,21393.3,22054.5,22777.6,22940.7,23046.9,22919.3,22536.3,21519.6,20764.4,-1554.2799999999988,1069.1,19570.4,20639.5,24915.7,25984.8,-748.0
2018-02-19,21903.66,22152.85,21858.33,22149.21,1290800000.0,21546.7,21975.4,22700.7,22880.6,23023.8,22913.0,22553.4,21534.5,20776.8,-532.8700000000026,1052.6,19543.0,20595.6,24805.8,25858.4,-517.0
2018-02-20,22054.32,22063.87,21831.45,21925.1,1236820000.0,21682.7,21845.3,22611.1,22809.0,22997.8,22902.8,22567.3,21547.7,20788.0,314.85999999999694,1033.5,19510.5,20544.0,24678.2,25711.7,-210.0
2018-02-21,21942.42,22130.58,21836.73,21970.81,1382020000.0,21846.1,21736.7,22523.2,22729.7,22973.7,22891.4,22580.2,21560.4,20798.2,325.4400000000023,1004.0,19511.3,20515.3,24531.1,25535.1,161.0
2018-02-22,21789.88,21799.4,21626.85,21736.44,1349480000.0,21900.4,21657.9,22409.5,22644.4,22920.1,22873.4,22589.8,21571.8,20807.2,-154.4200000000019,947.2,19567.9,20515.1,24303.9,25251.1,517.0
2018-02-23,21789.72,21903.39,21741.63,21892.78,1198000000.0,21934.9,21681.4,22312.0,22569.6,22864.9,22856.6,22600.3,21585.1,20817.0,510.15999999999985,885.0,19656.9,20541.9,24082.1,24967.1,580.0
2018-02-26,22134.64,22226.53,22040.87,22153.63,1242540000.0,21935.8,21723.8,22239.8,22503.4,22813.5,22846.5,22611.6,21600.3,20828.0,908.9500000000007,828.8,19753.4,20582.2,23897.4,24726.2,678.0
2018-02-27,22391.67,22502.05,22325.07,22389.86,1329100000.0,22028.7,21765.4,22180.6,22446.4,22771.1,22842.3,22624.3,21616.6,20840.1,1235.6900000000023,766.5,19881.2,20647.7,23713.5,24480.0,846.0
2018-02-28,22292.53,22380.28,22068.24,22068.24,1542290000.0,22048.2,21822.5,22106.3,22364.1,22721.3,22840.3,22632.5,21630.4,20851.0,603.260000000002,690.9,20033.5,20724.5,23488.1,24179.1,797.0
2018-03-01,21901.13,21901.13,21645.22,21724.47,1518480000.0,22045.8,21862.5,22031.7,22275.5,22662.9,22826.2,22636.6,21642.7,20860.7,4.220000000001164,639.2,20114.2,20753.4,23310.0,23949.2,552.0
2018-03-02,21339.98,21366.09,21088.96,21181.64,1601000000.0,21903.6,21864.8,21940.4,22176.0,22586.1,22796.6,22633.6,21651.4,20869.9,-967.5699999999997,615.6,20093.5,20709.1,23171.7,23787.3,91.0
2018-03-05,21047.81,21164.38,20937.26,21042.09,1510450000.0,21681.3,21829.5,21824.0,22072.4,22497.9,22762.1,22628.9,21658.7,20878.3,-883.0099999999984,534.5,20220.5,20755.0,22893.0,23427.5,-294.0
2018-03-06,21390.2,21551.14,21381.42,21417.76,1288810000.0,21486.8,21804.3,21735.6,21983.9,22423.7,22735.8,22625.8,21668.0,20887.6,-553.0500000000029,424.9,20461.0,20885.9,22585.3,23010.2,-587.0
2018-03-07,21261.96,21484.08,21201.94,21252.72,1467440000.0,21323.7,21729.6,21667.5,21902.4,22347.6,22708.4,22619.6,21676.5,20897.3,-483.7199999999975,377.5,20535.0,20912.5,22422.5,22800.0,-629.0
2018-03-08,21488.16,21488.16,21299.4,21368.07,1225760000.0,21252.5,21683.2,21656.0,21833.1,22273.7,22684.3,22615.8,21686.3,20906.6,-524.7099999999991,383.0,20507.0,20890.0,22422.0,22805.0,-685.0
2018-03-09,21594.22,21884.45,21357.55,21469.2,1750480000.0,21310.0,21641.4,21647.6,21752.5,22202.5,22664.6,22612.7,21696.2,20916.2,-684.4300000000003,385.2,20492.1,20877.2,22418.0,22803.1,-664.0
2018-03-12,21826.1,21971.16,21689.97,21824.03,1253600000.0,21466.4,21648.7,21644.4,21694.5,22132.8,22645.0,22610.7,21708.8,20928.1,-565.8300000000017,383.3,20494.4,20877.7,22411.1,22794.4,-538.0
2018-03-13,21742.45,21968.1,21700.78,21968.1,1221520000.0,21576.4,21655.0,21672.3,21665.9,22073.1,22628.6,22610.2,21724.3,20941.2,-100.14000000000306,384.6,20518.4,20903.0,22441.6,22826.2,-329.0
2018-03-14,21764.99,21881.09,21684.02,21777.29,1156090000.0,21681.3,21623.6,21697.7,21672.6,22015.7,22608.4,22607.5,21738.6,20953.2,52.81999999999971,372.4,20580.5,20952.9,22442.5,22814.9,-42.0
2018-03-15,21704.14,21825.97,21555.49,21803.95,1174630000.0,21768.5,21574.8,21728.6,21678.9,21960.3,22589.1,22600.6,21754.3,20966.1,622.3100000000013,351.4,20674.5,21025.8,22431.4,22782.7,308.0
2018-03-16,21876.53,21879.28,21632.85,21676.51,1388060000.0,21810.0,21542.2,21738.7,21670.3,21901.2,22566.8,22590.9,21767.6,20978.1,634.4199999999983,346.4,20699.4,21045.8,22431.6,22778.0,622.0
2018-03-19,21537.9,21659.04,21366.88,21480.9,1206630000.0,21741.3,21521.9,21727.3,21674.3,21846.3,22540.2,22578.9,21779.8,20990.5,63.140000000003056,351.0,20674.3,21025.3,22429.3,22780.3,741.0
2018-03-20,21297.98,21384.86,21223.97,21380.97,1181680000.0,21623.9,21538.5,21690.7,21679.7,21794.2,22512.8,22561.4,21791.5,21002.2,128.25,344.8,20656.3,21001.1,22380.3,22725.1,483.0
2018-03-22,21352.16,21592.0,21349.71,21591.99,1385480000.0,21586.9,21584.3,21674.8,21697.2,21736.8,22488.8,22546.6,21806.2,21014.2,223.9200000000019,341.1,20651.5,20992.6,22357.0,22698.1,308.0
2018-03-23,21188.8,21188.8,20559.61,20617.86,1914380000.0,21349.6,21517.6,21610.4,21663.4,21656.3,22449.4,22521.3,21814.7,21022.2,-851.3400000000001,404.3,20397.4,20801.7,22419.1,22823.4,-63.0
2018-03-26,20423.37,20766.1,20347.49,20766.1,1577280000.0,21167.6,21477.1,21564.2,21625.2,21598.3,22413.0,22499.8,21824.3,21031.7,-1057.9300000000003,442.8,20235.8,20678.6,22449.8,22892.6,-441.0
2018-03-27,20958.9,21317.32,20943.31,21317.32,1643850000.0,21134.8,21472.9,21536.8,21591.9,21589.4,22373.2,22487.8,21837.4,21044.1,-650.7799999999988,439.3,20219.0,20658.3,22415.3,22854.6,-734.0
2018-03-28,20893.05,21031.31,20776.82,21031.31,1412310000.0,21064.9,21436.4,21483.4,21556.2,21570.8,22324.5,22472.7,21849.0,21055.7,-745.9799999999996,428.6,20197.6,20626.2,22340.6,22769.2,-902.0
2018-03-29,21250.96,21298.57,20996.22,21159.08,1324420000.0,20978.3,21380.9,21424.7,21523.7,21548.6,22275.5,22462.9,21860.9,21067.7,-644.869999999999,379.8,20285.2,20665.1,22184.3,22564.2,-853.0
2018-03-30,21392.42,21512.8,21311.5,21454.3,1140750300.0,21145.6,21338.1,21395.5,21512.4,21550.8,22233.1,22452.8,21874.8,21080.7,-222.20999999999913,350.3,20344.6,20694.9,22096.1,22446.4,-699.0
