date,open,high,low,close,sma 5,sma 21,sma 43,sma 55,sma 144,stddev,-3s,-2s,+2s,+3s,RCI
2015-01-05,17325.68,17540.92,17219.22,17408.71,17408.7,17408.7,17408.7,17408.7,17408.7,0.0,17408.7,17408.7,17408.7,17408.7,17000.0
2015-01-06,17101.58,17111.36,16881.73,16883.19,17145.9,17145.9,17145.9,17145.9,17145.9,371.6,16031.1,16402.7,17889.1,18260.7,16999.0
2015-01-07,16808.26,16974.61,16808.26,16885.33,17059.1,17059.1,17059.1,17059.1,17059.1,302.8,16150.7,16453.5,17664.7,17967.5,16996.0
2015-01-08,17067.4,17243.71,17016.09,17167.1,17086.1,17086.1,17086.1,17086.1,17086.1,253.1,16326.9,16580.0,17592.2,17845.3,16992.0
2015-01-09,17318.74,17342.65,17129.53,17197.73,17108.4,17108.4,17108.4,17108.4,17108.4,224.8,16434.1,16658.9,17557.9,17782.7,16987.0
2015-01-13,16970.88,17087.71,16828.27,17087.71,17044.2,17105.0,17105.0,17105.0,17105.0,201.2,16501.3,16702.6,17507.4,17708.7,16977.0
2015-01-14,16961.82,17036.72,16770.56,16795.96,17026.8,17060.8,17060.8,17060.8,17060.8,217.7,16407.8,16625.5,17496.1,17713.8,16949.0
2015-01-15,16872.95,17141.98,16856.22,17108.7,17071.4,17066.8,17066.8,17066.8,17066.8,202.2,16460.1,16662.3,17471.3,17673.5,16931.0
2015-01-16,16812.96,16864.34,16592.57,16864.16,17010.9,17044.3,17044.3,17044.3,17044.3,200.9,16441.7,16642.6,17446.0,17646.9,16887.0
2015-01-19,17000.78,17039.8,16911.58,17014.29,16974.2,17041.3,17041.3,17041.3,17041.3,189.6,16472.4,16662.1,17420.5,17610.2,16853.0
2015-01-20,17071.65,17366.3,17066.77,17366.3,17029.9,17070.8,17070.8,17070.8,17070.8,204.9,16456.2,16661.1,17480.5,17685.4,16840.0
2015-01-21,17308.72,17329.03,17181.55,17280.48,17126.8,17088.3,17088.3,17088.3,17088.3,204.5,16474.9,16679.3,17497.3,17701.7,16825.0
2015-01-22,17306.64,17355.74,17229.21,17329.02,17170.8,17106.8,17106.8,17106.8,17106.8,206.8,16486.3,16693.1,17520.5,17727.3,16806.0
2015-01-23,17520.63,17532.06,17460.76,17511.75,17300.4,17135.7,17135.7,17135.7,17135.7,226.3,16456.8,16683.1,17588.3,17814.6,16806.0
2015-01-26,17285.71,17471.94,17285.71,17468.52,17391.2,17157.9,17157.9,17157.9,17157.9,234.4,16454.8,16689.2,17626.6,17861.0,16805.0
2015-01-27,17649.4,17768.41,17633.47,17768.3,17471.6,17196.1,17196.1,17196.1,17196.1,273.0,16377.0,16650.0,17742.2,18015.2,16805.0
2015-01-28,17615.93,17850.59,17615.93,17795.73,17574.7,17231.4,17231.4,17231.4,17231.4,301.7,16326.2,16627.9,17834.9,18136.6,16805.0
2015-01-29,17666.91,17778.83,17575.1,17606.22,17630.1,17252.2,17252.2,17252.2,17252.2,305.8,16334.9,16640.7,17863.7,18169.5,16801.0
2015-01-30,17788.74,17808.47,17661.1,17674.39,17662.6,17274.4,17274.4,17274.4,17274.4,312.5,16336.8,16649.3,17899.5,18212.0,16795.0
2015-02-05,17589.21,17619.34,17484.67,17504.62,17669.9,17285.9,17285.9,17285.9,17285.9,308.5,16360.3,16668.8,17903.0,18211.5,16774.0
2015-02-06,17696.18,17700.67,17603.07,17648.5,17645.9,17303.2,17303.2,17303.2,17303.2,311.0,16370.3,16681.3,17925.1,18236.1,16760.0
2015-02-09,17790.31,17799.49,17653.61,17711.93,17629.1,17317.6,17321.8,17321.8,17321.8,322.9,16348.9,16671.8,17963.4,18286.3,16847.0
2015-02-10,17662.67,17673.27,17550.03,17652.68,17638.4,17354.3,17336.1,17336.1,17336.1,314.7,16410.2,16724.9,17983.7,18298.4,16839.0
2015-02-12,17899.4,18005.45,17884.34,17979.72,17699.5,17406.4,17363.0,17363.0,17363.0,323.7,16435.4,16759.1,18053.7,18377.4,16852.0
2015-02-13,17892.1,17962.11,17864.55,17913.36,17781.2,17441.9,17385.0,17385.0,17385.0,336.8,16431.6,16768.4,18115.4,18452.2,16877.0
2015-02-16,18024.01,18074.26,17978.9,18004.77,17852.5,17480.3,17408.8,17408.8,17408.8,353.2,16420.8,16774.0,18186.6,18539.8,16896.0
2015-02-17,17949.7,18009.45,17901.26,17987.09,17907.5,17523.2,17430.2,17430.2,17430.2,357.7,16450.2,16807.8,18238.6,18596.2,16905.0
2015-02-18,18103.98,18202.61,18092.32,18199.17,18016.8,17590.0,17457.7,17457.7,17457.7,345.9,16552.3,16898.2,18281.8,18627.7,16905.0
2015-02-19,18237.35,18322.5,18237.35,18264.79,18073.8,17645.0,17485.5,17485.5,17485.5,357.3,16573.1,16930.4,18359.6,18716.9,16909.0
2015-02-20,18336.5,18360.92,18297.67,18332.3,18157.6,17714.9,17513.8,17513.8,17513.8,340.1,16694.7,17034.7,18395.1,18735.1,16909.0
2015-02-23,18499.58,18509.08,18402.02,18466.92,18250.1,17784.1,17544.5,17544.5,17544.5,338.2,16769.6,17107.8,18460.4,18798.6,16909.0
2015-02-24,18468.39,18603.48,18427.98,18603.48,18373.3,17843.0,17577.6,17577.6,17577.6,368.2,16738.5,17106.7,18579.3,18947.5,16913.0
2015-02-25,18636.34,18648.77,18552.81,18585.2,18450.5,17905.2,17608.1,17608.1,17608.1,378.4,16769.9,17148.3,18662.1,19040.5,16912.0
2015-02-26,18587.87,18790.83,18587.13,18785.79,18554.7,17974.5,17642.8,17642.8,17642.8,400.4,16773.2,17173.7,18775.3,19175.8,16912.0
2015-02-27,18844.28,18865.39,18714.64,18797.94,18647.9,18035.8,17675.8,17675.8,17675.8,423.8,16764.5,17188.2,18883.4,19307.1,16921.0
2015-03-02,18869.4,18939.17,18775.23,18826.88,18719.9,18100.5,17707.7,17707.7,17707.7,436.3,16791.5,17227.8,18973.2,19409.5,16921.0
2015-03-03,18910.52,18910.52,18730.57,18815.16,18762.2,18150.3,17737.7,17737.7,17737.7,455.9,16782.7,17238.6,19062.0,19517.9,16955.0
2015-03-04,18716.78,18732.66,18586.84,18703.6,18785.9,18193.5,17763.1,17763.1,17763.1,463.5,16802.9,17266.4,19120.6,19584.1,16969.0
2015-03-05,18658.16,18767.5,18655.36,18751.84,18779.1,18248.1,17788.4,17788.4,17788.4,458.3,16873.1,17331.4,19164.8,19623.1,16953.0
2015-03-10,18891.01,18924.38,18577.06,18665.11,18752.5,18295.3,17810.4,17810.4,17810.4,447.2,16953.7,17400.9,19189.7,19636.9,16935.0
2015-03-11,18604.87,18836.93,18583.52,18723.52,18731.8,18353.3,17832.6,17832.6,17832.6,417.6,17100.6,17518.2,19188.4,19606.0,16904.0
2015-03-12,18787.1,19008.13,18774.42,18991.11,18767.0,18417.3,17860.2,17860.2,17860.2,406.9,17196.6,17603.5,19231.1,19638.0,16904.0
2015-03-13,19119.58,19335.8,19042.25,19254.25,18877.2,18490.7,17892.6,17892.6,17892.6,412.4,17253.6,17665.9,19315.5,19727.8,16905.0
2015-03-16,19245.38,19349.2,19226.71,19246.06,18976.0,18566.6,17935.4,17923.4,17923.4,396.8,17376.3,17773.1,19360.1,19756.9,16904.0
2015-03-17,19425.89,19479.89,19373.39,19437.0,19130.4,18636.0,17994.8,17957.0,17957.0,416.0,17388.1,17804.1,19467.9,19883.9,16905.0
2015-03-18,19407.76,19555.72,19389.24,19544.48,19294.6,18713.6,18056.6,17991.5,17991.5,426.4,17434.3,17860.7,19566.5,19992.9,16905.0
2015-03-19,19514.64,19557.17,19312.7,19476.56,19391.7,18783.7,18110.3,18023.1,18023.1,425.1,17508.5,17933.6,19633.8,20058.9,16905.0
2015-03-20,19479.71,19565.44,19416.63,19560.22,19452.9,18858.6,18165.2,18055.2,18055.2,416.2,17610.1,18026.3,19690.9,20107.1,16905.0
2015-03-23,19607.98,19778.6,19584.73,19754.36,19554.5,18932.7,18227.3,18089.8,18089.8,431.1,17639.5,18070.6,19794.8,20225.9,16905.0
2015-03-24,19718.99,19770.64,19646.35,19713.45,19609.8,19001.7,18295.1,18122.3,18122.3,434.7,17697.5,18132.2,19871.2,20305.9,16904.0
2015-03-25,19745.75,19775.45,19542.22,19746.2,19650.2,19069.0,18356.4,18154.1,18154.1,435.4,17762.9,18198.3,19939.7,20375.1,16901.0
2015-03-26,19605.6,19623.11,19397.01,19471.12,19649.1,19116.8,18417.1,18179.5,18179.5,420.8,17854.3,18275.1,19958.5,20379.3,16874.0
2015-03-27,19374.72,19590.03,19099.87,19285.63,19594.2,19149.3,18469.9,18200.3,18200.3,405.3,17933.5,18338.8,19959.8,20365.1,16829.0
2015-03-30,19295.21,19474.07,19227.29,19411.4,19525.6,19188.7,18517.5,18222.8,18222.8,387.5,18026.3,18413.7,19963.7,20351.1,16771.0
2015-03-31,19592.43,19607.25,19206.99,19206.99,19424.3,19208.7,18562.3,18240.7,18240.7,376.3,18079.7,18456.0,19961.4,20337.7,16699.0
2015-04-01,19129.75,19195.23,18927.95,19034.84,19282.0,19220.0,18601.9,18270.2,18254.9,366.8,18119.5,18486.3,19953.7,20320.5,16604.0
2015-04-02,19141.93,19433.89,19115.14,19312.79,19250.3,19243.1,18643.8,18314.4,18273.4,356.0,18175.2,18531.2,19955.0,20311.0,16531.0
2015-04-03,19289.04,19435.08,19289.04,19435.08,19280.2,19272.6,18689.5,18360.8,18293.4,344.2,18240.0,18584.2,19961.0,20305.2,16445.0
2015-04-06,19295.03,19424.09,19241.29,19397.98,19277.5,19305.7,18727.4,18401.3,18312.2,319.2,18348.0,18667.2,19944.2,20263.4,16331.0
2015-04-07,19539.03,19667.48,19501.31,19640.54,19364.2,19348.0,18770.3,18445.7,18334.3,300.5,18446.5,18747.0,19949.0,20249.5,16296.0
2015-04-08,19729.7,19845.53,19693.63,19789.81,19515.2,19401.6,18821.1,18494.9,18358.2,271.5,18587.0,18858.5,19944.7,20216.2,16296.0
2015-04-09,19851.12,19957.32,19822.49,19937.72,19640.2,19459.4,18873.8,18552.0,18383.6,248.2,18714.8,18963.0,19955.8,20204.0,16296.0
2015-04-10,19989.55,20006.0,19845.31,19907.63,19734.7,19503.1,18929.7,18602.9,18407.8,242.3,18776.3,19018.6,19987.6,20229.9,16295.0
2015-04-13,19967.38,19975.66,19825.69,19905.46,19836.2,19534.1,18982.1,18658.2,18431.2,250.4,18783.0,19033.4,20034.8,20285.2,16325.0
2015-04-14,19828.65,19922.5,19828.65,19908.68,19889.9,19565.6,19033.2,18710.8,18454.0,254.0,18803.7,19057.7,20073.5,20327.5,16351.0
2015-04-15,19838.53,19913.42,19823.86,19869.76,19905.9,19586.2,19084.8,18756.3,18475.4,260.5,18804.7,19065.2,20107.2,20367.7,16438.0
2015-04-16,19862.48,19894.35,19742.12,19885.77,19895.5,19602.5,19129.1,18803.7,18496.5,268.3,18797.6,19065.9,20139.1,20407.4,16519.0
2015-04-17,19810.4,19815.25,19638.37,19652.88,19844.5,19610.9,19169.6,18845.9,18513.5,266.9,18810.2,19077.1,20144.7,20411.6,16501.0
2015-04-20,19501.0,19725.86,19474.23,19634.49,19790.3,19614.4,19207.5,18884.5,18529.7,266.7,18814.3,19081.0,20147.8,20414.5,16447.0
2015-04-21,19731.57,19909.09,19678.22,19909.09,19790.4,19621.8,19252.2,18928.9,18549.4,272.8,18803.4,19076.2,20167.4,20440.2,16573.0
2015-04-22,19999.84,20144.66,19983.0,20133.9,19843.2,19641.8,19297.2,18971.9,18571.7,294.4,18758.5,19052.9,20230.7,20525.1,16691.0
2015-04-23,20227.28,20252.12,20116.19,20187.65,19903.6,19662.8,19341.9,19015.4,18594.2,317.2,18711.3,19028.5,20297.1,20614.3,16795.0
2015-04-24,20142.47,20142.47,20013.74,20020.04,19977.0,19689.0,19381.1,19059.3,18613.7,323.1,18719.6,19042.7,20335.3,20658.4,16827.0
2015-04-27,20063.8,20069.24,19909.86,19983.32,20046.8,19722.2,19416.4,19101.3,18632.2,315.4,18776.1,19091.5,20352.9,20668.3,16826.0
2015-04-28,20068.65,20133.78,20031.71,20058.95,20076.8,19753.0,19450.2,19147.7,18651.2,315.1,18807.7,19122.8,20383.2,20698.3,16831.0
2015-04-30,19847.5,19852.66,19502.61,19520.01,19954.0,19767.9,19472.0,19181.8,18662.7,294.7,18883.7,19178.4,20357.4,20652.1,16656.0
2015-05-01,19510.85,19549.39,19399.16,19531.63,19822.8,19791.6,19489.3,19214.8,18674.0,249.4,19043.4,19292.8,20290.4,20539.8,16458.0
2015-05-07,19356.46,19461.08,19257.85,19291.99,19677.2,19790.6,19500.8,19244.6,18681.9,251.4,19036.3,19287.7,20293.5,20544.9,16186.0
2015-05-08,19315.63,19458.75,19302.71,19379.19,19556.4,19787.9,19513.7,19270.1,18690.7,255.7,19020.9,19276.6,20299.2,20554.9,15942.0
2015-05-13,19568.76,19791.88,19494.7,19764.72,19497.5,19805.4,19535.7,19303.8,18704.1,239.7,19086.3,19326.0,20284.8,20524.5,15788.0
2015-05-14,19661.52,19717.8,19546.82,19570.24,19507.6,19802.0,19555.9,19332.2,18714.8,242.6,19074.2,19316.8,20287.2,20529.8,15636.0
2015-05-15,19693.17,19750.76,19633.75,19732.92,19547.8,19799.3,19578.7,19364.0,18727.2,243.1,19070.1,19313.2,20285.4,20528.5,15579.0
2015-05-18,19766.16,19890.27,19741.22,19890.27,19667.5,19797.1,19607.2,19394.7,18741.3,241.9,19071.3,19313.2,20281.0,20522.9,15625.0
2015-05-19,19977.14,20087.7,19946.75,20026.38,19796.9,19802.7,19637.5,19426.7,18756.6,246.0,19064.7,19310.7,20294.7,20540.7,15777.0
2015-05-20,20175.59,20278.89,20148.51,20196.56,19883.3,19816.6,19665.5,19460.6,18773.5,259.9,19036.9,19296.8,20336.4,20596.3,15956.0
2015-05-21,20215.46,20320.9,20175.78,20202.87,20009.8,19830.6,19687.6,19492.2,18790.1,272.7,19012.5,19285.2,20376.0,20648.7,16119.0
2015-05-22,20208.85,20278.31,20130.84,20264.41,20116.1,19849.4,19711.3,19522.4,18807.1,288.7,18983.4,19272.1,20426.7,20715.4,16244.0
2015-05-25,20331.92,20417.77,20318.54,20413.77,20220.8,19874.5,19734.0,19555.6,18825.3,313.9,18932.8,19246.7,20502.3,20816.2,16357.0
2015-05-26,20431.27,20473.85,20378.77,20437.48,20303.0,19911.9,19754.8,19585.7,18843.4,332.3,18914.9,19247.2,20576.6,20908.9,16425.0
2015-05-27,20380.64,20513.22,20363.21,20472.58,20358.2,19951.8,19777.9,19616.1,18861.5,347.3,18909.8,19257.1,20646.5,20993.8,16484.0
2015-05-28,20590.28,20655.33,20473.27,20551.46,20427.9,19982.4,19801.0,19647.5,18880.1,370.9,18869.7,19240.6,20724.2,21095.1,16583.0
2015-05-29,20510.27,20636.41,20508.4,20563.15,20487.7,20002.8,19819.8,19679.3,18898.4,390.9,18830.0,19220.9,20784.7,21175.6,16700.0
2015-06-01,20444.54,20595.41,20410.27,20569.87,20518.9,20021.0,19839.7,19713.2,18916.4,408.5,18795.6,19204.0,20838.0,21246.4,16801.0
2015-06-02,20604.67,20619.61,20470.26,20543.19,20540.0,20046.0,19858.2,19745.8,18933.7,424.1,18773.8,19197.9,20894.1,21318.2,16862.0
2015-06-03,20443.15,20506.35,20397.73,20473.51,20540.2,20069.3,19881.5,19778.6,18949.9,433.8,18767.8,19201.6,20937.0,21370.8,16906.0
2015-06-04,20539.94,20552.46,20438.21,20488.19,20527.6,20089.7,19909.5,19810.7,18965.9,443.3,18759.7,19203.1,20976.3,21419.7,16947.0
2015-06-05,20398.76,20480.25,20363.18,20460.9,20507.1,20134.5,19933.9,19837.4,18981.3,430.2,18843.9,19274.1,20994.9,21425.1,16917.0
2015-06-08,20537.85,20544.94,20359.06,20457.19,20484.6,20178.6,19963.0,19859.3,18996.4,412.4,18941.4,19353.8,21003.4,21415.8,16874.0
2015-06-09,20293.05,20332.42,20095.48,20096.3,20395.2,20216.9,19987.7,19874.8,19007.5,360.0,19137.0,19497.0,20936.8,21296.8,16738.0
2015-06-15,20205.1,20401.48,20205.1,20387.79,20378.1,20264.9,20012.7,19892.1,19021.3,305.8,19347.5,19653.3,20876.5,21182.3,16638.0
2015-06-16,20332.83,20368.21,20234.16,20257.94,20332.0,20288.4,20031.8,19905.0,19033.5,283.6,19437.6,19721.2,20855.6,21139.2,16508.0
2015-06-17,20306.1,20323.08,20126.57,20219.27,20283.7,20319.3,20050.9,19918.5,19045.2,232.1,19622.9,19855.1,20783.5,21015.7,16356.0
2015-06-18,20193.59,20200.51,19990.55,19990.82,20190.4,20331.6,20059.1,19926.4,19054.3,204.7,19717.4,19922.1,20741.1,20945.8,16109.0
2015-06-19,20152.41,20194.45,20075.91,20174.24,20206.0,20345.1,20068.0,19934.0,19065.1,182.3,19798.2,19980.5,20709.7,20892.0,15870.0
2015-06-22,20174.14,20433.3,20174.14,20428.19,20214.1,20364.3,20079.4,19947.0,19078.1,167.7,19861.3,20029.0,20699.6,20867.3,15745.0
2015-06-23,20547.74,20809.42,20531.13,20809.42,20324.4,20393.5,20100.4,19966.3,19094.4,189.0,19826.5,20015.5,20771.5,20960.5,15812.0
2015-06-24,20889.32,20952.71,20838.22,20868.03,20454.1,20425.1,20122.8,19991.7,19111.0,210.0,19795.0,20005.1,20845.1,21055.2,15874.0
2015-06-25,20777.69,20866.58,20758.6,20771.4,20610.3,20449.3,20142.8,20018.7,19126.4,219.5,19790.7,20010.2,20888.4,21107.9,15966.0
2015-06-26,20758.43,20785.76,20650.0,20706.15,20716.6,20463.2,20162.3,20042.3,19140.9,226.3,19784.2,20010.5,20915.9,21142.2,16064.0
2015-06-29,20305.97,20361.6,20093.16,20109.95,20653.0,20447.6,20167.5,20058.7,19149.7,239.1,19730.2,19969.3,20925.9,21165.0,15932.0
2015-06-30,20174.61,20243.18,20118.26,20235.73,20538.3,20436.3,20181.0,20080.5,19159.5,243.4,19706.0,19949.4,20923.2,21166.6,15862.0
2015-07-01,20291.05,20346.74,20225.27,20329.32,20430.5,20425.7,20197.2,20099.0,19169.9,243.0,19696.7,19939.7,20911.7,21154.7,15843.0
2015-07-02,20565.94,20601.73,20479.85,20522.5,20380.7,20423.8,20211.5,20118.8,19181.9,242.0,19697.7,19939.8,20907.8,21149.9,15955.0
2015-07-03,20476.69,20557.51,20431.25,20539.79,20347.5,20422.4,20220.9,20139.5,19193.8,241.2,19698.8,19940.0,20904.8,21146.0,16092.0
2015-07-06,20200.15,20310.72,20012.23,20112.12,20347.9,20401.8,20219.2,20148.1,19201.8,248.6,19655.9,19904.5,20899.1,21147.7,16065.0
2015-07-07,20354.23,20428.0,20337.18,20376.59,20376.1,20397.2,20227.4,20158.8,19211.9,248.1,19652.8,19900.9,20893.5,21141.6,16064.0
2015-07-08,20282.49,20310.89,19737.64,19737.64,20257.7,20361.5,20221.7,20155.2,19216.4,285.6,19504.7,19790.3,20932.7,21218.3,15958.0
2015-07-09,19422.78,19855.5,19115.2,19855.5,20124.3,20332.7,20217.0,20154.2,19221.8,305.0,19417.8,19722.8,20942.6,21247.6,15862.0
2015-07-10,19829.93,19978.24,19720.15,19779.83,19972.3,20300.4,20223.0,20151.9,19226.5,326.2,19321.7,19648.0,20952.8,21279.1,15775.0
2015-07-15,20478.85,20496.6,20401.09,20463.33,20042.6,20317.9,20244.7,20162.0,19236.8,324.6,19344.2,19668.8,20967.0,21291.6,15773.0
2015-07-16,20588.98,20612.5,20522.25,20600.12,20087.3,20328.0,20275.1,20175.3,19248.1,330.1,19337.7,19667.8,20988.2,21318.3,15869.0
2015-07-17,20646.63,20658.95,20611.22,20650.92,20269.9,20346.7,20304.7,20189.2,19259.6,337.0,19335.7,19672.7,21020.7,21357.7,15910.0
2015-07-21,20763.31,20850.0,20710.34,20841.97,20467.2,20376.4,20329.8,20210.8,19272.4,352.3,19319.6,19671.8,21081.0,21433.2,15983.0
2015-07-22,20657.8,20677.84,20576.19,20593.67,20630.0,20405.1,20353.6,20228.3,19283.1,343.8,19373.8,19717.6,21092.6,21436.4,15948.0
2015-07-23,20693.57,20708.23,20648.76,20683.95,20674.1,20429.3,20375.7,20242.3,19294.3,344.6,19395.4,19740.0,21118.6,21463.2,15931.0
2015-07-24,20603.63,20631.54,20527.78,20544.53,20663.0,20434.9,20390.9,20249.8,19304.2,345.5,19398.3,19743.8,21126.0,21471.5,15917.0
2015-07-27,20374.05,20486.93,20278.73,20350.1,20602.8,20413.0,20398.4,20252.8,19312.5,335.0,19407.9,19742.9,21083.1,21418.1,16006.0
2015-07-28,20188.57,20423.58,20070.62,20328.89,20500.2,20387.3,20401.5,20258.4,19320.4,318.7,19431.3,19749.9,21024.7,21343.3,16108.0
2015-07-29,20425.69,20425.69,20205.21,20302.91,20442.1,20365.0,20403.8,20264.2,19328.0,306.6,19445.1,19751.8,20978.2,21284.9,16197.0
2015-07-30,20450.61,20583.57,20443.89,20522.83,20409.9,20356.3,20409.8,20272.6,19337.2,298.9,19459.5,19758.4,20954.2,21253.1,16381.0
2015-07-31,20506.55,20585.24,20466.8,20585.24,20418.0,20378.9,20413.8,20292.0,19346.7,297.3,19486.9,19784.2,20973.6,21270.9,16360.0
2015-08-03,20540.21,20562.2,20396.5,20548.11,20457.6,20393.8,20416.4,20310.5,19355.8,297.6,19500.9,19798.5,20989.1,21286.7,16332.0
2015-08-04,20462.18,20552.04,20448.49,20520.36,20495.9,20402.9,20417.5,20332.8,19364.6,298.5,19507.5,19805.9,20999.9,21298.3,16270.0
2015-08-05,20490.15,20715.48,20469.87,20614.06,20558.1,20407.3,20419.0,20355.3,19373.9,301.0,19504.4,19805.4,21009.2,21310.2,16348.0
2015-08-06,20768.77,20817.48,20664.44,20664.44,20586.4,20413.2,20421.3,20371.6,19383.5,304.9,19498.4,19803.4,21023.0,21328.0,16447.0
2015-08-07,20601.57,20754.0,20567.51,20724.56,20614.3,20442.4,20424.9,20392.6,19393.3,304.0,19530.5,19834.5,21050.3,21354.3,16442.0
2015-08-10,20618.31,20820.86,20617.05,20808.69,20666.4,20462.9,20431.1,20412.2,19403.7,313.8,19521.6,19835.4,21090.4,21404.2,16478.0
2015-08-11,20920.6,20946.93,20582.01,20720.75,20706.5,20509.8,20436.8,20427.3,19413.2,270.5,19698.3,19968.8,21050.8,21321.3,16455.0
2015-08-12,20632.68,20703.2,20303.02,20392.77,20662.2,20535.3,20434.6,20433.9,19420.3,227.5,19852.8,20080.3,20990.3,21217.8,16252.0
2015-08-17,20600.16,20668.87,20541.0,20620.26,20653.4,20575.4,20438.3,20441.6,19428.8,148.0,20131.4,20279.4,20871.4,21019.4,16169.0
2015-08-18,20640.59,20663.18,20545.25,20554.47,20619.4,20579.7,20440.6,20448.0,19436.8,145.9,20142.1,20288.0,20871.4,21017.3,16061.0
2015-08-19,20467.49,20521.97,20218.03,20222.63,20502.2,20561.7,20443.5,20447.3,19442.4,165.2,20066.1,20231.3,20892.1,21057.3,15930.0
2015-08-20,20194.26,20246.47,20033.29,20033.52,20364.7,20532.3,20435.3,20440.3,19446.5,199.8,19932.8,20132.6,20932.0,21131.8,15849.0
2015-08-21,19711.34,19737.54,19435.83,19435.83,20173.3,20465.4,20416.2,20422.1,19446.4,300.9,19562.7,19863.6,21067.2,21368.1,15849.0
2015-08-24,19075.05,19154.65,18498.8,18540.68,19757.4,20367.6,20377.1,20387.0,19454.3,514.7,18823.5,19338.2,21397.0,21911.7,15749.0
2015-08-25,18171.66,18835.35,17747.5,17806.7,19207.9,20230.6,20326.3,20337.1,19460.7,753.7,17969.4,18723.1,21738.1,22491.8,15703.0
2015-08-26,17894.29,18442.84,17714.3,18376.83,18838.7,20127.4,20284.5,20297.4,19471.0,850.8,17575.1,18425.9,21828.9,22679.7,15587.0
2015-08-27,18680.47,18810.05,18486.46,18574.44,18546.9,20042.8,20241.4,20261.1,19480.8,913.5,17302.4,18215.9,21869.7,22783.2,15462.0
2015-08-28,18908.73,19192.82,18901.09,19136.32,18487.0,19986.0,20202.5,20235.5,19494.3,931.7,17191.0,18122.7,21849.3,22781.0,15358.0
2015-08-31,19006.98,19019.61,18749.77,18890.48,18557.0,19918.8,20156.5,20206.7,19506.8,958.3,17044.0,18002.3,21835.3,22793.6,15275.0
2015-09-01,18763.72,18777.47,18165.69,18165.69,18628.8,19806.5,20095.9,20164.5,19516.3,1020.0,16746.4,17766.5,21846.5,22866.6,15212.0
2015-09-02,17861.81,18467.44,17857.3,18095.4,18572.5,19688.0,20035.2,20121.5,19523.2,1068.5,16482.4,17550.9,21825.1,22893.6,15175.0
2015-09-03,18359.53,18481.57,18176.75,18182.39,18494.1,19575.3,19990.4,20080.1,19532.3,1097.6,16282.4,17380.1,21770.5,22868.2,15140.0
2015-09-04,18312.13,18312.13,17608.17,17792.16,18225.2,19445.4,19933.6,20038.2,19537.7,1140.8,16023.1,17163.9,21726.9,22867.7,15101.0
2015-09-07,17674.82,18013.64,17478.72,17860.47,18019.2,19314.3,19876.1,19992.3,19541.1,1157.9,15840.7,16998.6,21630.0,22787.9,15094.0
2015-09-08,17941.91,17962.56,17415.61,17427.08,17871.5,19160.1,19804.2,19940.8,19542.2,1184.3,15607.2,16791.5,21528.7,22713.0,15086.0
2015-09-09,17758.13,18770.51,17756.76,18770.51,18006.5,19067.1,19763.0,19914.5,19552.2,1130.8,15674.7,16805.5,21328.7,22459.5,15166.0
2015-09-10,18418.64,18420.56,17956.15,18299.62,18030.0,18947.6,19720.9,19883.7,19557.6,1068.4,15742.4,16810.8,21084.4,22152.8,15217.0
2015-09-11,18155.71,18362.99,18124.35,18264.22,18124.4,18830.6,19671.7,19849.0,19563.2,996.6,15840.7,16837.3,20823.9,21820.5,15277.0
2015-09-14,18341.01,18344.07,17925.09,17965.7,18145.4,18715.0,19630.5,19804.2,19564.5,945.9,15877.4,16823.3,20606.7,21552.6,15310.0
2015-09-15,18082.72,18329.57,17995.98,18026.48,18265.3,18591.5,19588.0,19753.6,19566.1,849.0,16044.5,16893.5,20289.5,21138.5,15355.0
2015-09-16,18238.15,18291.97,18094.99,18171.6,18145.5,18478.0,19550.6,19704.6,19570.1,723.5,16307.5,17031.0,19925.0,20648.5,15434.0
2015-09-17,18361.99,18468.2,18289.63,18432.27,18172.1,18392.8,19503.4,19662.1,19575.3,603.1,16583.4,17186.6,19599.0,20202.2,15570.0
2015-09-18,18275.48,18295.9,18069.5,18070.21,18133.3,18299.3,19444.5,19614.1,19579.3,474.5,16875.7,17350.2,19248.4,19722.9,15638.0
2015-09-24,17803.41,17865.84,17571.83,17571.83,18054.5,18210.5,19372.9,19568.0,19578.7,422.8,16942.0,17364.9,19056.1,19479.0,15649.0
2015-09-25,17618.3,17880.51,17483.69,17880.51,18025.3,18179.1,19304.1,19525.2,19579.9,421.6,16914.3,17335.9,19022.3,19443.9,15688.0
2015-09-28,17811.12,17886.49,17562.6,17645.11,17920.0,18171.4,19235.5,19476.4,19579.9,430.1,16881.1,17311.2,19031.6,19461.7,15481.0
2015-09-29,17359.38,17366.95,16901.49,16930.84,17619.7,18102.5,19148.2,19411.1,19572.6,504.8,16588.0,17092.8,19112.2,19617.0,15439.0
2015-09-30,17193.84,17460.97,17179.4,17388.15,17483.3,18046.0,19074.8,19353.8,19568.9,515.6,16499.1,17014.7,19077.3,19592.9,15425.0
2015-10-01,17479.97,17831.58,17389.57,17722.42,17513.4,17978.7,19013.7,19310.3,19567.0,454.9,16614.0,17068.9,18888.5,19343.4,15457.0
2015-10-02,17564.39,17775.77,17537.85,17725.13,17482.3,17923.2,18953.1,19262.1,19565.1,406.6,16703.3,17109.9,18736.5,19143.1,15497.0
2015-10-05,17921.0,18079.46,17869.74,18005.49,17554.4,17915.6,18899.7,19230.6,19563.8,403.3,16705.6,17108.9,18722.3,19125.6,15556.0
2015-10-06,18302.41,18372.72,18094.85,18186.1,17805.5,17919.9,18845.4,19200.2,19563.2,405.8,16702.4,17108.2,18731.6,19137.4,15705.0
2015-10-07,18168.2,18379.23,18043.08,18322.98,17992.4,17926.6,18792.8,19173.8,19563.2,411.5,16692.1,17103.6,18749.6,19161.1,15883.0
2015-10-08,18310.62,18400.69,18121.68,18141.17,18076.2,17943.2,18736.8,19131.5,19560.9,412.9,16704.6,17117.5,18768.9,19181.8,15895.0
2015-10-09,18281.51,18438.67,18184.96,18438.67,18218.9,17970.8,18688.4,19092.2,19559.8,426.1,16692.4,17118.6,18823.0,19249.2,15975.0
2015-10-13,18335.15,18359.71,18223.8,18234.74,18264.7,18009.2,18633.0,19048.3,19557.3,410.8,16776.9,17187.7,18830.7,19241.5,15910.0
2015-10-14,18106.66,18126.39,17831.53,17891.0,18205.7,17967.3,18568.5,18994.7,19551.1,372.3,16850.4,17222.7,18711.9,19084.2,16001.0
2015-10-15,17804.91,18170.67,17758.12,18096.9,18160.5,17957.7,18507.4,18949.3,19546.3,365.8,16860.2,17226.0,18689.4,19055.2,16129.0
2015-10-19,18282.78,18314.09,18078.43,18131.23,18158.5,17951.4,18445.2,18902.8,19541.4,361.4,16867.2,17228.6,18674.2,19035.6,16277.0
2015-10-20,18245.54,18253.13,18147.98,18207.15,18112.2,17962.9,18386.7,18860.3,19537.2,365.7,16865.9,17231.5,18694.3,19059.9,16329.0
2015-10-21,18167.64,18605.41,18167.64,18554.28,18176.1,17988.0,18343.9,18827.7,19536.2,387.7,16824.8,17212.5,18763.5,19151.2,16429.0
2015-10-22,18443.69,18579.14,18376.01,18435.87,18285.1,18000.6,18293.1,18793.3,19534.0,398.1,16806.2,17204.3,18796.9,19195.0,16571.0
2015-10-23,18762.65,18915.64,18746.61,18825.3,18430.8,18019.3,18252.9,18766.4,19535.1,427.6,16736.5,17164.1,18874.5,19302.1,16777.0
2015-10-26,19036.13,19088.76,18937.45,18947.12,18593.9,18061.0,18223.3,18737.8,19536.6,473.2,16641.4,17114.6,19007.4,19480.6,16842.0
2015-10-27,18961.16,18964.99,18760.79,18777.04,18707.9,18118.4,18194.0,18704.9,19535.2,483.9,16666.8,17150.6,19086.2,19570.0,16847.0
2015-10-28,18826.94,18925.51,18815.12,18903.02,18777.7,18167.1,18181.7,18675.0,19532.7,509.5,16638.6,17148.1,19186.1,19695.6,16864.0
2015-10-29,19046.16,19080.89,18809.48,18935.71,18877.6,18228.6,18190.8,18646.2,19530.6,521.1,16665.3,17186.4,19270.8,19791.9,16864.0
2015-10-30,18924.31,19202.34,18784.69,19083.1,18929.2,18331.1,18220.5,18618.3,19528.1,461.3,16947.2,17408.5,19253.7,19715.0,16864.0
2015-11-02,18827.11,18861.11,18641.22,18683.24,18876.4,18392.7,18227.7,18582.3,19522.1,413.0,17153.7,17566.7,19218.7,19631.7,16836.0
2015-11-04,18941.32,19151.89,18926.91,18926.91,18906.4,18450.1,18235.9,18549.6,19518.3,398.6,17254.2,17652.8,19247.4,19646.0,16822.0
2015-11-05,19029.44,19167.09,18995.96,19116.41,18949.1,18516.4,18235.4,18518.9,19515.2,387.6,17353.7,17741.2,19291.6,19679.1,16822.0
2015-11-06,19194.34,19294.15,19164.86,19265.6,19015.1,18576.4,18244.1,18492.4,19511.8,401.8,17370.9,17772.8,19380.0,19781.9,16830.0
2015-11-09,19411.51,19684.41,19389.74,19642.74,19127.0,18645.7,18278.5,18478.8,19511.3,453.5,17285.2,17738.7,19552.7,20006.2,16856.0
2015-11-10,19457.05,19674.05,19457.05,19671.26,19324.6,18709.9,18315.1,18461.5,19510.8,498.7,17213.8,17712.5,19707.3,20206.0,16890.0
2015-11-11,19602.01,19724.12,19602.01,19691.39,19477.5,18783.7,18350.2,18445.8,19512.3,524.4,17210.6,17735.0,19832.4,20356.8,16905.0
2015-11-12,19644.65,19725.83,19597.99,19697.77,19593.8,18843.7,18394.5,18436.3,19515.2,554.1,17181.4,17735.5,19951.9,20506.0,16934.0
2015-11-13,19495.26,19601.49,19388.91,19596.91,19660.0,18908.6,18434.9,18428.3,19516.5,558.9,17231.8,17790.7,20026.5,20585.4,16934.0
2015-11-16,19263.96,19451.09,19252.04,19393.69,19610.2,18980.1,18480.6,18427.6,19517.8,516.8,17429.8,17946.6,20013.6,20530.4,16914.0
2015-11-20,19800.2,19879.81,19715.74,19879.81,19651.9,19065.0,18506.4,18451.9,19523.7,510.8,17532.5,18043.4,20086.6,20597.5,16914.0
2015-11-24,19875.99,19954.0,19834.76,19924.89,19698.6,19150.4,18544.2,18490.4,19527.9,496.6,17660.5,18157.1,20143.7,20640.3,16914.0
2015-11-25,19856.84,19871.75,19786.53,19847.58,19728.6,19228.6,18581.1,18517.2,19530.8,469.1,17821.3,18290.4,20166.8,20635.9,16910.0
2015-11-26,19929.97,19992.44,19926.1,19944.41,19798.1,19294.8,18627.1,18542.1,19534.6,467.3,17893.0,18360.3,20229.3,20696.6,16912.0
2015-11-27,19994.05,19994.05,19831.25,19883.94,19896.1,19363.7,18670.3,18555.7,19536.3,440.2,18043.0,18483.2,20244.2,20684.4,16906.0
2015-11-30,19857.38,19867.95,19707.67,19747.47,19869.7,19407.6,18706.9,18571.2,19536.0,429.7,18118.4,18548.2,20267.0,20696.8,16897.0
2015-12-01,19799.08,20012.4,19797.55,20012.4,19887.2,19458.3,18743.7,18604.8,19536.5,435.5,18151.9,18587.3,20329.3,20764.7,16919.0
2015-12-02,19957.5,20002.12,19926.22,19938.13,19905.3,19513.6,18787.1,18638.3,19536.7,418.0,18259.6,18677.6,20349.6,20767.6,16918.0
2015-12-03,19894.63,19967.88,19862.74,19939.9,19904.4,19563.0,18842.2,18670.3,19536.9,403.3,18353.2,18756.5,20369.5,20772.8,16913.0
2015-12-04,19616.52,19660.9,19444.54,19504.48,19828.5,19590.1,18879.9,18701.4,19534.1,377.3,18458.2,18835.5,20344.7,20722.0,16777.0
2015-12-07,19710.39,19811.51,19677.21,19698.15,19818.6,19619.4,18927.7,18734.8,19532.9,359.4,18541.2,18900.6,20338.2,20697.6,16710.0
2015-12-08,19689.87,19764.21,19475.28,19492.6,19714.7,19657.9,18987.3,18772.4,19530.2,290.9,18785.3,19076.2,20239.6,20530.5,16527.0
2015-12-09,19391.5,19475.4,19260.12,19301.07,19587.2,19675.7,19031.7,18782.0,19527.8,252.8,18917.3,19170.1,20181.3,20434.1,16305.0
2015-12-10,19070.02,19125.06,19025.78,19046.55,19408.6,19672.4,19062.5,18795.6,19523.7,260.9,18889.8,19150.7,20194.1,20455.0,16032.0
2015-12-11,19020.75,19282.21,19020.75,19230.48,19353.8,19670.7,19097.6,18813.2,19519.0,263.7,18879.6,19143.3,20198.1,20461.8,15787.0
2015-12-14,18887.09,18911.78,18611.09,18883.42,19190.8,19634.6,19118.0,18829.9,19510.3,314.8,18690.1,19004.9,20264.3,20579.1,15642.0
2015-12-15,18869.04,18897.87,18562.51,18565.9,19005.5,19581.9,19126.8,18839.7,19499.0,391.5,18407.5,18798.9,20364.9,20756.3,15513.0
2015-12-16,18868.2,19054.89,18859.11,19049.91,18955.3,19551.4,19143.7,18855.6,19492.3,407.2,18329.7,18737.0,20365.8,20773.1,15409.0
2015-12-17,19364.57,19507.17,19325.15,19353.56,19016.7,19535.0,19171.9,18872.4,19487.9,408.0,18311.1,18719.1,20350.9,20758.9,15338.0
2015-12-18,19320.46,19869.08,18982.25,18986.8,18967.9,19506.0,19184.6,18889.1,19480.5,424.7,18231.9,18656.6,20355.4,20780.1,15261.0
2015-12-21,18845.5,18979.83,18651.13,18916.02,18974.4,19483.2,19200.5,18913.5,19476.3,443.4,18153.0,18596.4,20370.0,20813.4,15171.0
2015-12-22,18927.86,18943.46,18824.65,18886.7,19038.6,19435.9,19223.6,18931.8,19471.8,451.9,18080.3,18532.2,20339.6,20791.5,15148.0
2015-12-24,19071.41,19071.41,18780.94,18789.69,18986.6,19381.9,19239.8,18952.6,19468.3,458.3,18007.0,18465.3,20298.5,20756.8,15130.0
2015-12-25,18823.91,18870.7,18744.44,18769.06,18869.7,19330.5,19254.6,18986.0,19464.1,463.9,17938.8,18402.7,20258.3,20722.2,15116.0
2015-12-28,18838.91,18922.9,18764.54,18873.35,18847.0,19279.5,19270.1,19013.0,19457.9,451.8,17924.2,18376.0,20183.0,20634.8,15126.0
2015-12-29,18843.39,18991.01,18783.36,18982.23,18860.2,19236.6,19280.0,19035.9,19453.8,433.9,17934.8,18368.7,20104.5,20538.4,15158.0
2016-01-04,18818.58,18951.12,18394.43,18450.98,18773.1,19174.8,19280.4,19049.1,19444.9,449.6,17826.1,18275.7,20073.9,20523.5,15151.0
2016-01-05,18398.76,18547.38,18327.52,18374.0,18689.9,19096.8,19269.9,19055.8,19434.4,439.0,17779.9,18218.8,19974.8,20413.7,15151.0
2016-01-06,18410.57,18469.38,18064.3,18191.32,18574.4,19013.6,19252.3,19055.9,19421.6,437.1,17702.4,18139.4,19887.8,20324.8,15149.0
2016-01-07,18139.77,18172.04,17767.34,17767.34,18353.2,18910.2,19228.8,19045.8,19404.8,463.2,17520.6,17983.8,19836.6,20299.8,15149.0
2016-01-08,17562.23,17975.31,17509.64,17697.96,18096.3,18824.1,19200.8,19037.8,19387.4,512.5,17286.7,17799.2,19849.0,20361.5,15148.0
2016-01-12,17470.93,17546.57,17184.78,17218.96,17849.9,18706.1,19160.9,19015.6,19366.2,581.9,16960.4,17542.3,19869.9,20451.8,15148.0
2016-01-13,17449.12,17717.75,17414.55,17715.63,17718.2,18621.5,19129.1,19006.2,19347.5,590.9,16848.7,17439.6,19803.4,20394.3,15152.0
2016-01-14,17384.93,17393.83,16944.41,17240.95,17528.2,18523.4,19095.5,18994.3,19325.3,641.3,16599.4,17240.7,19806.1,20447.4,15147.0
2016-01-15,17522.46,17597.87,17057.6,17147.11,17404.1,18432.9,19054.2,18977.1,19302.2,695.5,16346.4,17041.9,19823.9,20519.4,15134.0
2016-01-18,16826.93,17037.26,16665.05,16955.57,17255.6,18324.6,19003.9,18955.7,19277.2,740.8,16102.3,16843.1,19806.1,20546.9,15129.0
2016-01-19,16902.29,17088.31,16812.65,17048.37,17221.5,18237.2,18952.3,18934.6,19252.8,778.8,15900.8,16679.6,19794.8,20573.6,15091.0
2016-01-20,17030.28,17031.32,16387.61,16416.19,16961.6,18134.8,18877.3,18895.7,19224.0,869.4,15526.5,16395.9,19873.7,20743.1,15032.0
2016-01-21,16466.86,16734.58,16017.26,16017.26,16716.9,17990.4,18792.3,18851.8,19192.5,957.3,15118.6,16075.8,19905.0,20862.2,15031.0
2016-01-22,16336.72,16993.96,16332.45,16958.53,16679.2,17876.4,18728.8,18817.8,19168.1,929.0,15089.4,16018.4,19734.4,20663.4,15040.0
2016-01-25,17145.81,17208.24,16922.21,17110.91,16710.3,17787.1,18668.6,18784.4,19144.7,906.8,15066.6,15973.5,19600.7,20507.6,15060.0
2016-01-26,16833.13,16839.52,16652.26,16708.9,16642.4,17682.0,18601.4,18746.8,19118.6,897.3,14990.1,15887.4,19476.6,20373.9,15062.0
2016-01-27,16949.19,17242.27,16947.95,17163.92,16791.9,17599.9,18549.6,18715.2,19095.7,859.6,15021.1,15880.7,19319.1,20178.7,15104.0
2016-01-28,17059.84,17235.44,16942.13,17041.45,16996.7,17516.7,18483.6,18680.8,19074.5,822.5,15049.3,15871.8,19161.6,19984.1,15130.0
2016-01-29,17155.06,17638.93,16767.09,17518.3,17108.7,17457.1,18427.6,18652.3,19054.6,770.9,15144.4,15915.3,18998.9,19769.8,15229.0
2016-02-01,17699.6,17905.37,17666.48,17865.23,17259.6,17409.1,18381.5,18637.5,19038.0,707.0,15288.0,15995.0,18823.2,19530.2,15404.0
2016-02-05,16790.53,16893.12,16627.8,16819.59,17281.7,17306.1,18308.8,18599.1,19014.4,618.4,15450.9,16069.3,18542.9,19161.3,15432.0
2016-02-08,16620.91,17099.01,16552.3,17004.3,17249.8,17237.2,18241.9,18560.7,18993.6,562.5,15549.6,16112.1,18362.3,18924.8,15492.0
2016-02-09,16666.79,16668.7,16025.94,16085.44,17058.6,17128.2,18156.7,18502.9,18965.2,552.9,15469.5,16022.4,18234.0,18786.9,15505.0
2016-02-10,16127.86,16163.03,15429.99,15713.39,16697.6,17010.3,18056.7,18431.5,18932.5,578.5,15274.8,15853.3,18167.3,18745.8,15505.0
2016-02-12,15426.27,15437.22,14865.77,14952.61,16115.1,16876.2,17940.8,18345.7,18891.8,706.3,14757.3,15463.6,18288.8,18995.1,15484.0
2016-02-15,15248.38,16155.1,15243.88,16022.58,15955.7,16796.4,17849.7,18279.0,18858.2,703.4,14686.1,15389.5,18203.3,18906.7,15483.0
2016-02-16,15849.47,16341.56,15809.58,16054.43,15765.7,16741.0,17769.5,18212.7,18825.4,714.3,14598.1,15312.4,18169.6,18883.9,15470.0
2016-02-17,16035.35,16214.46,15632.12,15836.36,15715.9,16651.5,17679.6,18144.4,18791.6,703.7,14540.4,15244.1,18058.9,18762.6,15462.0
2016-02-18,16138.08,16337.59,16118.8,16196.8,15812.6,16601.8,17603.0,18086.2,18764.4,696.8,14511.3,15208.1,17995.5,18692.3,15481.0
2016-02-19,16050.4,16050.46,15799.35,15967.17,16015.5,16545.6,17525.5,18015.1,18734.8,698.2,14450.9,15149.1,17942.1,18640.3,15460.0
2016-02-22,15851.39,16187.4,15816.83,16111.05,16033.2,16505.4,17457.2,17945.8,18705.5,697.8,14412.1,15109.9,17900.9,18598.7,15455.0
2016-02-23,16230.38,16350.38,16001.19,16052.05,16032.7,16457.9,17383.3,17876.7,18674.4,692.9,14379.3,15072.2,17843.6,18536.5,15479.0
2016-02-24,15851.13,16006.45,15753.77,15915.79,16048.6,16434.1,17314.3,17803.5,18642.3,702.9,14325.4,15028.3,17839.9,18542.8,15438.0
2016-02-25,15983.47,16218.29,15953.93,16140.34,16037.3,16440.0,17257.9,17735.4,18614.7,699.7,14340.8,15040.5,17839.5,18539.2,15342.0
2016-02-26,16311.52,16472.5,16188.41,16188.41,16081.5,16403.3,17191.3,17670.7,18585.7,691.3,14329.3,15020.6,17786.0,18477.3,15400.0
2016-02-29,16313.31,16464.75,16026.76,16026.76,16064.7,16351.7,17113.9,17598.3,18559.9,676.2,14323.2,14999.4,17704.0,18380.2,15451.0
2016-03-01,16013.0,16099.42,15857.37,16085.51,16071.4,16322.0,17046.5,17528.2,18533.7,673.4,14301.9,14975.2,17668.8,18342.1,15535.0
2016-03-02,16391.48,16815.25,16388.92,16746.55,16237.5,16302.1,16996.0,17470.1,18512.6,653.1,14342.7,14995.8,17608.4,18261.5,15684.0
2016-03-03,16695.78,16962.95,16691.94,16960.16,16401.5,16298.2,16951.2,17423.9,18488.3,648.8,14351.9,15000.7,17595.7,18244.5,15881.0
2016-03-04,16927.36,17042.92,16861.38,17014.78,16566.8,16274.3,16909.9,17375.1,18463.4,609.5,14445.7,15055.2,17493.4,18102.9,16126.0
2016-03-08,16889.48,16909.79,16570.22,16783.15,16718.0,16222.7,16863.8,17325.8,18436.6,505.1,14707.4,15212.5,17232.9,17738.0,16344.0
2016-03-09,16625.59,16706.25,16494.8,16642.2,16829.4,16214.3,16811.9,17277.5,18407.4,496.0,14726.2,15222.2,17206.4,17702.4,16529.0
2016-03-10,16811.0,16887.6,16713.13,16852.35,16850.5,16207.0,16762.3,17237.6,18381.4,484.9,14752.2,15237.2,17176.8,17661.8,16769.0
2016-03-11,16610.18,17015.3,16575.75,16938.87,16846.3,16247.7,16727.2,17195.9,18355.4,509.4,14719.6,15229.0,17266.4,17775.8,16827.0
2016-03-14,17155.52,17291.35,17149.21,17233.75,16890.1,16320.1,16700.7,17165.9,18332.4,536.9,14709.3,15246.2,17394.0,17930.9,16829.0
2016-03-15,17219.89,17279.3,17042.56,17117.07,16956.8,16423.1,16675.7,17139.6,18310.0,464.1,15030.8,15494.9,17351.3,17815.4,16827.0
2016-03-16,16981.36,17102.45,16950.84,16974.45,17023.3,16468.5,16657.2,17101.9,18286.7,469.5,15060.0,15529.5,17407.5,17877.0,16831.0
2016-03-17,17107.6,17253.03,16814.84,16936.38,17040.1,16510.5,16639.5,17057.9,18263.3,470.0,15100.4,15570.4,17450.6,17920.6,16827.0
2016-03-18,16883.75,16920.91,16613.69,16724.81,16997.3,16552.8,16628.0,17016.8,18236.9,445.7,15215.7,15661.4,17444.2,17889.9,16751.0
2016-03-22,16937.31,17107.8,16851.21,17048.55,16960.3,16593.3,16612.5,16982.8,18212.4,450.4,15242.1,15692.5,17494.1,17944.5,16786.0
2016-03-23,17066.27,17142.08,16964.31,17000.98,16937.0,16642.6,16606.9,16948.5,18187.7,434.8,15338.3,15773.1,17512.1,17946.9,16760.0
2016-03-24,16979.39,17041.16,16843.99,16892.33,16920.6,16679.8,16601.0,16914.0,18162.5,420.2,15419.2,15839.4,17520.2,17940.4,16703.0
2016-03-25,16949.53,17026.14,16889.4,17002.75,16933.9,16725.0,16602.1,16881.9,18137.5,399.9,15525.3,15925.2,17524.8,17924.7,16669.0
2016-03-28,17129.27,17167.88,16961.41,17134.37,17015.8,16783.1,16604.1,16850.3,18112.9,363.3,15693.1,16056.4,17509.8,17873.1,16657.0
2016-03-29,16985.28,17137.2,16948.43,17103.53,17026.8,16828.9,16620.1,16816.2,18087.8,338.1,15814.7,16152.8,17505.0,17843.1,16638.0
2016-03-30,17078.03,17078.03,16875.91,16878.96,17002.4,16861.8,16640.1,16787.6,18060.5,304.6,15948.1,16252.7,17470.9,17775.5,16506.0
2016-03-31,16997.14,17033.65,16758.67,16758.67,16975.7,16896.7,16635.5,16758.2,18033.0,239.1,16179.5,16418.6,17374.8,17613.9,16314.0
2016-04-01,16719.56,16719.56,16113.01,16164.16,16807.9,16900.4,16613.5,16721.3,18003.6,226.0,16222.4,16448.4,17352.4,17578.4,16042.0
2016-04-04,16087.76,16238.51,16029.5,16123.27,16605.7,16870.7,16599.9,16691.5,17972.4,281.4,16026.6,16308.0,17433.4,17714.8,15814.0
2016-04-05,16044.23,16066.18,15698.55,15732.82,16331.6,16812.3,16566.6,16655.7,17938.9,374.1,15690.1,16064.2,17560.4,17934.5,15697.0
2016-04-06,15727.7,15828.61,15612.91,15715.36,16098.9,16750.4,16535.7,16628.4,17907.6,440.5,15429.0,15869.5,17631.3,18071.8,15632.0
2016-04-07,15739.26,15871.1,15636.21,15749.84,15897.1,16701.2,16494.6,16592.6,17877.9,491.4,15227.0,15718.4,17684.0,18175.4,15492.0
2016-04-08,15597.04,16027.63,15471.8,15821.52,15828.6,16662.1,16447.1,16566.8,17852.8,527.6,15079.2,15606.9,17717.3,18245.0,15344.0
2016-04-11,15761.57,15778.74,15525.49,15751.13,15754.1,16609.7,16422.2,16541.5,17833.4,561.4,14925.5,15486.9,17732.5,18293.9,15245.0
2016-04-12,15719.24,15963.03,15693.61,15928.79,15793.3,16561.6,16397.2,16522.8,17820.3,574.9,14836.9,15411.8,17711.4,18286.3,15201.0
2016-04-13,16142.71,16405.59,16132.23,16381.22,15926.5,16521.0,16404.1,16510.7,17806.5,554.8,14856.5,15411.4,17630.6,18185.5,15248.0
2016-04-14,16629.83,16911.05,16602.17,16911.05,16158.7,16511.2,16431.9,16519.7,17794.9,545.5,14874.7,15420.2,17602.2,18147.7,15366.0
2016-04-15,16720.39,16928.67,16720.39,16848.03,16364.0,16505.2,16476.0,16534.8,17779.0,540.8,14882.8,15423.6,17586.8,18127.6,15439.0
2016-04-18,16521.25,16526.9,16254.2,16275.95,16469.0,16473.7,16481.9,16522.3,17760.9,533.6,14872.8,15406.4,17541.0,18074.6,15487.0
2016-04-19,16582.66,16900.33,16570.5,16874.44,16658.1,16480.8,16501.0,16518.0,17751.9,538.1,14866.4,15404.5,17557.1,18095.2,15506.0
2016-04-20,17053.83,17099.36,16870.73,16906.54,16763.2,16474.1,16525.9,16521.6,17743.7,531.5,14879.6,15411.1,17537.1,18068.6,15670.0
2016-04-21,17187.27,17381.7,17144.53,17363.62,16853.7,16491.3,16553.0,16525.3,17738.0,554.8,14826.8,15381.6,17601.0,18155.8,15931.0
2016-04-22,17220.47,17572.49,17192.39,17572.49,16998.6,16523.7,16590.3,16534.9,17736.5,597.6,14730.8,15328.4,17719.0,18316.6,16126.0
2016-04-25,17613.56,17613.56,17403.87,17439.3,17231.3,16544.5,16621.2,16533.5,17733.5,622.2,14677.9,15300.1,17788.9,18411.1,16343.0
2016-04-26,17358.56,17426.02,17200.5,17353.28,17327.0,16555.0,16651.5,16524.2,17733.0,634.3,14652.1,15286.4,17823.6,18457.9,16534.0
2016-04-27,17369.68,17417.54,17230.23,17290.49,17403.8,16563.9,16683.5,16532.7,17722.7,643.6,14633.0,15276.6,17851.2,18494.8,16697.0
2016-04-28,17438.99,17572.27,16652.74,16666.05,17264.3,16553.7,16695.7,16526.6,17711.4,640.1,14633.4,15273.5,17833.9,18474.0,16732.0
2016-05-02,16357.1,16357.1,15975.47,16147.38,16979.3,16524.6,16694.7,16527.7,17696.7,644.2,14592.0,15236.2,17813.0,18457.2,16705.0
2016-05-06,16212.67,16271.61,15989.35,16106.72,16712.8,16521.9,16696.6,16534.9,17683.8,645.9,14584.2,15230.1,17813.7,18459.6,16623.0
2016-05-12,16459.69,16658.07,16374.59,16646.34,16571.4,16546.8,16709.6,16565.7,17674.2,639.8,14627.3,15267.1,17826.5,18466.3,16577.0
2016-05-13,16804.17,16804.17,16400.87,16412.21,16395.7,16579.1,16701.9,16572.8,17662.0,613.2,14739.4,15352.6,17805.6,18418.8,16464.0
2016-05-16,16391.92,16632.62,16391.92,16466.4,16355.8,16614.9,16690.4,16580.2,17648.3,581.4,14870.6,15452.1,17777.7,18359.2,16335.0
2016-05-17,16618.95,16655.89,16509.31,16652.8,16456.9,16657.9,16682.0,16595.1,17638.5,546.6,15018.1,15564.7,17751.1,18297.7,16196.0
2016-05-18,16611.4,16795.47,16513.17,16644.69,16564.5,16697.1,16678.7,16603.2,17632.1,512.0,15161.0,15673.0,17721.2,18233.2,16039.0
2016-05-19,16807.46,16841.04,16590.16,16646.66,16564.6,16739.7,16678.8,16615.6,17623.5,464.4,15346.5,15810.9,17668.5,18132.9,15871.0
2016-05-20,16594.99,16770.87,16548.34,16736.35,16629.4,16778.2,16676.1,16627.0,17617.2,425.7,15501.1,15926.8,17629.6,18055.3,15705.0
2016-05-23,16671.28,16691.5,16417.84,16654.6,16667.0,16791.2,16669.5,16637.9,17615.3,417.1,15540.0,15957.1,17625.3,18042.4,15549.0
2016-05-24,16605.04,16605.04,16471.37,16498.76,16636.2,16771.6,16652.4,16648.5,17609.1,420.8,15509.2,15930.0,17613.2,18034.0,15570.0
2016-05-25,16764.35,16806.03,16731.12,16757.35,16658.7,16767.3,16644.1,16659.7,17602.4,420.5,15505.9,15926.4,17608.2,18028.7,15652.0
2016-05-26,16927.69,16957.56,16743.17,16772.46,16683.9,16790.9,16639.4,16670.3,17595.8,405.1,15575.5,15980.6,17601.2,18006.3,15522.0
2016-05-27,16830.5,16901.09,16792.73,16834.84,16703.6,16789.0,16637.0,16685.0,17587.6,404.8,15574.6,15979.4,17598.6,18003.4,15631.0
2016-05-30,16973.72,17068.02,16910.19,17068.02,16786.3,16796.7,16645.0,16702.9,17579.9,408.7,15570.7,15979.4,17614.0,18022.7,15768.0
2016-05-31,17029.46,17251.36,16988.64,17234.98,16933.5,16790.6,16649.3,16711.8,17572.3,400.6,15588.7,15989.3,17591.9,17992.5,15940.0
2016-06-01,17097.22,17145.95,16908.92,16955.73,16973.2,16761.2,16648.3,16711.7,17564.1,361.1,15677.9,16039.0,17483.4,17844.5,16135.0
2016-06-02,16817.26,16819.85,16525.47,16562.55,16931.2,16719.5,16640.6,16703.5,17551.0,327.9,15735.7,16063.6,17375.4,17703.3,16222.0
2016-06-03,16599.51,16716.14,16554.6,16642.23,16892.7,16685.6,16632.2,16700.9,17540.0,294.2,15803.0,16097.2,17274.0,17568.2,16317.0
2016-06-06,16373.32,16581.3,16322.64,16580.03,16795.1,16651.8,16619.3,16699.8,17530.9,260.0,15871.7,16131.7,17171.9,17431.9,16419.0
2016-06-07,16651.05,16701.01,16536.23,16675.45,16683.2,16652.2,16609.4,16696.6,17521.0,260.1,15872.0,16132.1,17172.3,17432.4,16501.0
2016-06-08,16722.49,16830.92,16581.71,16830.92,16658.2,16684.8,16608.3,16694.6,17512.0,235.3,15978.8,16214.2,17155.4,17390.8,16469.0
2016-06-13,16319.11,16335.38,16019.18,16019.18,16549.6,16680.6,16591.1,16672.5,17496.8,246.6,15940.9,16187.4,17173.8,17420.3,16196.0
2016-06-14,16001.19,16082.5,15762.09,15859.0,16392.9,16643.1,16584.0,16649.7,17478.1,305.0,15728.1,16033.1,17253.1,17558.1,16031.0
2016-06-15,15799.07,15997.3,15752.01,15919.58,16260.8,16619.6,16579.2,16630.5,17460.6,340.5,15598.1,15938.6,17300.6,17641.1,15810.0
2016-06-16,15871.22,15913.08,15395.98,15434.14,16012.6,16570.5,16572.3,16603.2,17437.1,427.2,15288.9,15716.1,17424.9,17852.1,15612.0
2016-06-17,15631.79,15774.87,15582.94,15599.66,15766.3,16520.3,16569.6,16582.7,17413.8,476.1,15092.1,15568.1,17472.5,17948.5,15497.0
2016-06-20,15839.06,16035.44,15835.86,15965.3,15755.5,16488.0,16574.6,16563.0,17394.3,490.1,15017.7,15507.8,17468.2,17958.3,15406.0
2016-06-21,15875.81,16202.3,15770.96,16169.11,15817.6,16465.2,16582.7,16547.9,17375.3,493.4,14984.9,15478.3,17452.1,17945.5,15344.0
2016-06-22,16095.81,16160.99,15980.65,16065.72,15846.8,16433.3,16590.0,16532.9,17355.4,496.7,14943.2,15439.9,17426.7,17923.4,15319.0
2016-06-23,16098.61,16263.87,16057.86,16238.35,16007.6,16413.5,16597.2,16519.0,17335.6,495.7,14926.3,15422.0,17405.0,17900.7,15301.0
2016-06-24,16333.87,16389.17,14864.01,14952.02,15878.1,16339.8,16564.0,16479.3,17309.7,588.6,14573.9,15162.5,17517.1,18105.7,15216.0
2016-06-27,15153.08,15323.95,15061.66,15309.21,15746.9,16270.9,16526.7,16446.6,17284.6,621.2,14407.3,15028.5,17513.3,18134.5,15184.0
2016-06-28,15094.71,15443.82,14987.79,15323.14,15577.7,16201.9,16491.3,16418.4,17258.2,642.8,14273.5,14916.3,17487.5,18130.3,15164.0
2016-06-29,15523.35,15626.66,15398.31,15566.83,15477.9,16141.5,16474.8,16396.7,17232.5,639.9,14221.7,14861.6,17421.4,18061.3,15175.0
2016-06-30,15752.71,15781.69,15575.92,15575.92,15345.4,16070.4,16444.6,16386.0,17204.3,614.2,14227.7,14841.9,17298.9,17913.1,15200.0
2016-07-01,15698.02,15765.0,15635.57,15682.48,15491.5,15996.5,16416.1,16378.0,17176.6,557.9,14322.8,14880.7,17112.3,17670.2,15247.0
2016-07-04,15554.04,15805.31,15553.92,15775.8,15584.8,15940.3,16379.2,16378.8,17149.4,514.2,14397.8,14912.0,16968.6,17482.8,15304.0
2016-07-05,15682.16,15702.04,15602.73,15669.33,15654.1,15897.8,16334.9,16377.9,17121.4,496.8,14407.5,14904.2,16891.4,17388.1,15356.0
2016-07-06,15434.46,15434.46,15167.98,15378.99,15616.5,15837.6,16287.0,16371.2,17092.1,478.3,14402.8,14881.1,16794.1,17272.4,15377.0
2016-07-07,15346.81,15418.9,15241.91,15276.24,15556.6,15775.5,16238.7,16361.3,17063.6,461.4,14391.3,14852.7,16698.3,17159.7,15384.0
2016-07-08,15326.84,15399.7,15106.52,15106.98,15441.5,15700.9,16187.9,16349.6,17030.4,434.6,14397.1,14831.7,16570.1,17004.7,15396.0
2016-07-13,16343.0,16444.25,16196.44,16231.43,15532.6,15672.3,16177.8,16355.1,17004.8,371.8,14556.8,14928.6,16416.0,16787.8,15653.0
2016-07-14,16242.2,16398.73,16229.26,16385.89,15675.9,15689.8,16183.4,16355.1,16980.7,396.7,14499.7,14896.4,16483.2,16879.9,15873.0
2016-07-15,16396.12,16607.32,16396.12,16497.85,15899.7,15720.2,16192.5,16347.6,16956.8,433.2,14420.7,14853.9,16586.5,17019.7,16065.0
2016-07-19,16612.09,16726.71,16514.66,16723.31,16189.1,15758.5,16194.2,16345.4,16934.8,484.2,14306.0,14790.2,16726.8,17211.0,16240.0
2016-07-20,16646.92,16692.84,16554.03,16681.89,16504.1,15817.9,16200.5,16352.7,16913.5,517.8,14264.6,14782.4,16853.4,17371.2,16325.0
2016-07-21,16855.18,16938.96,16740.0,16810.22,16619.8,15875.5,16208.5,16351.6,16891.3,558.1,14201.3,14759.4,16991.6,17549.7,16425.0
2016-07-22,16612.9,16691.81,16566.98,16627.25,16668.1,15907.0,16207.9,16346.5,16868.3,581.6,14162.2,14743.8,17070.2,17651.8,16545.0
2016-07-25,16655.81,16778.65,16612.33,16620.29,16692.6,15928.5,16207.3,16333.0,16845.3,599.8,14129.1,14728.9,17128.1,17727.9,16648.0
2016-07-26,16535.81,16535.81,16323.1,16383.04,16624.5,15943.6,16201.2,16311.4,16823.6,607.4,14121.4,14728.8,17158.4,17765.8,16712.0
2016-07-27,16526.06,16821.43,16526.06,16664.82,16621.1,15963.9,16199.6,16297.3,16802.5,624.6,14090.0,14714.7,17213.1,17837.8,16794.0
2016-07-28,16596.15,16616.28,16450.28,16476.84,16554.4,16036.6,16195.4,16281.3,16781.6,588.7,14270.5,14859.2,17214.0,17802.7,16749.0
2016-07-29,16359.68,16679.19,16174.35,16569.27,16542.9,16096.6,16197.1,16268.2,16762.6,574.9,14371.9,14946.8,17246.4,17821.3,16730.0
2016-08-01,16415.31,16677.49,16319.15,16635.77,16545.9,16159.1,16194.2,16267.7,16745.9,557.7,14485.9,15043.7,17274.5,17832.3,16714.0
2016-08-02,16469.68,16541.88,16391.45,16391.45,16547.6,16198.3,16185.4,16272.1,16726.2,542.8,14570.0,15112.8,17283.8,17826.6,16658.0
2016-08-03,16227.28,16275.34,16056.67,16083.11,16431.3,16222.5,16167.9,16271.7,16706.7,524.7,14648.5,15173.2,17271.8,17796.5,16542.0
2016-08-04,16168.34,16270.12,15921.04,16254.89,16386.9,16249.7,16149.0,16264.6,16690.7,509.9,14720.1,15230.0,17269.4,17779.3,16425.0
2016-08-05,16278.99,16355.98,16230.7,16254.45,16323.9,16272.5,16126.2,16261.7,16671.2,498.2,14777.9,15276.1,17268.9,17767.1,16284.0
2016-08-08,16462.29,16652.04,16455.57,16650.57,16326.9,16319.3,16119.1,16265.0,16652.5,484.6,14865.5,15350.1,17288.5,17773.1,16231.0
2016-08-09,16632.41,16779.59,16630.56,16764.97,16401.6,16385.3,16123.8,16267.1,16637.0,442.7,15057.1,15499.9,17270.7,17713.5,16218.0
2016-08-10,16699.08,16822.86,16657.59,16735.12,16532.0,16454.7,16125.9,16268.7,16621.9,368.2,15350.1,15718.3,17191.1,17559.3,16200.0
2016-08-16,16878.66,16887.57,16596.51,16596.51,16600.3,16525.7,16126.3,16267.8,16606.0,201.1,15922.3,16123.4,16928.0,17129.1,16070.0
2016-08-17,16596.26,16772.11,16596.26,16745.64,16698.6,16550.1,16128.0,16268.0,16591.8,194.7,15965.9,16160.6,16939.6,17134.3,16064.0
2016-08-18,16649.91,16714.61,16481.41,16486.01,16665.6,16554.9,16119.9,16264.9,16575.9,191.7,15979.8,16171.5,16938.3,17130.0,15927.0
2016-08-19,16558.38,16613.04,16452.62,16545.82,16621.8,16557.2,16132.2,16265.8,16559.8,191.3,15983.3,16174.6,16939.8,17131.1,15845.0
2016-08-22,16599.26,16631.23,16540.94,16598.19,16594.4,16551.2,16149.4,16262.9,16543.2,187.8,15987.9,16175.7,16926.7,17114.5,15894.0
2016-08-23,16549.82,16663.64,16452.01,16497.36,16574.6,16542.5,16162.8,16257.9,16529.7,185.7,15985.5,16171.2,16913.8,17099.5,15932.0
2016-08-24,16550.21,16648.07,16544.39,16597.3,16544.9,16532.3,16189.9,16253.6,16517.3,175.9,16004.7,16180.6,16884.0,17059.9,16074.0
2016-08-25,16580.15,16628.79,16520.84,16555.95,16558.9,16528.9,16212.1,16244.3,16506.0,174.6,16005.0,16179.7,16878.1,17052.8,16122.0
2016-08-26,16485.55,16490.53,16320.43,16360.71,16521.9,16516.6,16221.3,16228.4,16496.2,177.0,15985.6,16162.6,16870.6,17047.6,16103.0
2016-08-29,16631.06,16764.64,16616.65,16737.49,16549.8,16533.4,16234.5,16224.4,16489.5,180.5,15991.9,16172.4,16894.4,17074.9,16131.0
2016-08-30,16690.98,16752.16,16677.85,16725.36,16595.4,16536.3,16249.9,16227.4,16486.1,183.2,15986.8,16170.0,16902.6,17085.8,16295.0
2016-08-31,16857.83,16917.86,16836.96,16887.4,16653.4,16555.9,16265.0,16231.8,16480.3,197.8,15962.4,16160.3,16951.5,17149.4,16342.0
2016-09-01,16885.16,16941.18,16864.56,16926.84,16727.6,16572.9,16310.9,16238.1,16478.2,213.8,15931.6,16145.3,17000.5,17214.2,16451.0
2016-09-02,16903.78,16946.49,16848.12,16925.68,16840.6,16586.7,16348.5,16242.7,16476.6,227.0,15905.7,16132.7,17040.7,17267.7,16591.0
2016-09-05,17131.52,17156.36,17009.21,17037.63,16900.6,16617.5,16388.3,16246.4,16477.2,242.5,15890.1,16132.6,17102.4,17344.9,16618.0
2016-09-06,17035.03,17097.59,17022.64,17081.98,16971.9,16665.0,16423.6,16265.7,16477.4,230.1,15974.8,16204.9,17125.1,17355.2,16618.0
2016-09-07,16937.38,17024.26,16903.2,17012.44,16996.9,16701.1,16457.0,16286.7,16481.6,221.8,16035.8,16257.6,17144.6,17366.4,16616.0
2016-09-08,16984.0,17001.84,16836.65,16958.77,17003.3,16734.7,16486.7,16305.6,16488.1,203.3,16124.7,16328.0,17141.4,17344.7,16608.0
2016-09-09,16994.37,17029.78,16902.09,16965.76,17011.3,16749.7,16514.3,16333.5,16488.2,208.4,16124.5,16332.9,17166.5,17374.9,16673.0
2016-09-12,16748.36,16802.0,16601.54,16672.92,16938.4,16745.3,16537.7,16353.0,16485.1,209.0,16118.2,16327.3,17163.3,17372.4,16653.0
2016-09-14,16632.06,16706.61,16585.8,16614.24,16844.8,16739.5,16566.4,16364.8,16484.5,211.0,16106.6,16317.6,17161.4,17372.4,16639.0
2016-09-15,16512.42,16528.02,16359.78,16405.01,16723.3,16730.4,16592.7,16369.1,16479.2,221.3,16066.4,16287.7,17173.1,17394.4,16416.0
2016-09-16,16458.74,16532.84,16415.86,16519.29,16635.4,16719.6,16625.5,16377.3,16475.6,226.0,16041.5,16267.5,17171.7,17397.7,16343.0
2016-09-20,16403.22,16591.7,16403.22,16492.15,16540.7,16719.9,16631.6,16381.9,16468.4,225.7,16042.8,16268.5,17171.3,17397.0,16125.0
2016-09-21,16471.85,16823.63,16399.65,16807.62,16567.7,16732.4,16641.4,16415.7,16461.1,222.8,16063.9,16286.7,17178.1,17400.9,16109.0
2016-09-23,16759.84,16808.59,16725.53,16754.02,16595.6,16739.8,16647.3,16441.9,16460.6,220.7,16077.6,16298.4,17181.2,17402.0,16082.0
2016-09-26,16707.45,16707.45,16514.93,16544.56,16623.5,16742.1,16643.2,16464.1,16457.4,218.4,16087.0,16305.4,17178.8,17397.2,15896.0
2016-09-27,16390.91,16683.93,16285.41,16683.93,16656.5,16746.2,16643.2,16484.4,16461.6,216.3,16097.3,16313.6,17178.8,17395.1,15806.0
2016-09-28,16504.99,16515.84,16385.03,16465.4,16651.1,16741.9,16635.2,16500.6,16466.8,221.1,16078.5,16299.7,17184.1,17405.3,15653.0
2016-09-29,16606.3,16756.43,16584.14,16693.71,16628.3,16757.7,16636.8,16519.0,16478.9,203.7,16146.7,16350.4,17165.0,17368.7,15440.0
2016-09-30,16474.45,16497.55,16407.78,16449.84,16567.5,16744.0,16632.8,16531.3,16481.9,214.5,16100.5,16315.0,17173.0,17387.5,15355.0
2016-10-03,16566.03,16652.16,16554.83,16598.67,16578.3,16738.0,16637.8,16548.2,16485.7,216.8,16087.6,16304.4,17171.6,17388.4,15317.0
2016-10-04,16661.51,16747.2,16637.82,16735.65,16588.7,16730.8,16639.4,16572.8,16491.9,214.1,16088.5,16302.6,17159.0,17373.1,15379.0
2016-10-05,16787.89,16844.35,16728.19,16819.24,16659.4,16725.6,16647.4,16600.9,16496.2,210.4,16094.3,16304.8,17146.4,17356.9,15490.0
2016-10-06,16913.6,16971.28,16888.77,16899.1,16700.5,16724.4,16655.1,16633.5,16502.7,209.2,16096.7,16305.9,17142.9,17352.1,15626.0
2016-10-07,16883.12,16895.13,16820.21,16860.09,16782.6,16715.9,16660.3,16644.9,16507.9,199.3,16118.0,16317.3,17114.5,17313.8,15800.0
2016-10-11,16936.31,17074.46,16931.12,17024.76,16867.8,16713.2,16675.0,16656.5,16514.7,194.4,16130.1,16324.5,17101.9,17296.3,16073.0
2016-10-12,16850.73,16951.54,16839.41,16840.0,16888.6,16705.0,16692.6,16662.7,16521.1,184.5,16151.5,16336.0,17074.0,17258.5,16261.0
2016-10-13,16923.82,16974.25,16739.73,16774.24,16879.6,16696.2,16704.7,16663.7,16525.5,176.0,16168.2,16344.2,17048.2,17224.2,16444.0
2016-10-14,16751.04,16866.56,16727.78,16856.37,16871.1,16691.0,16718.7,16666.8,16530.1,169.1,16183.7,16352.8,17029.2,17198.3,16678.0
2016-10-18,16862.31,16966.9,16844.17,16963.61,16891.8,16704.8,16726.0,16669.6,16536.6,179.1,16167.4,16346.5,17063.1,17242.2,16736.0
2016-10-19,16952.91,17016.66,16938.46,16998.91,16886.6,16723.2,16731.4,16676.4,16543.0,188.8,16156.7,16345.6,17100.8,17289.7,16783.0
2016-10-20,16999.36,17235.5,16992.14,17235.5,16965.7,16762.7,16743.1,16687.6,16546.4,205.1,16147.3,16352.4,17173.0,17378.1,16783.0
2016-10-21,17283.75,17288.89,17151.98,17184.59,17047.8,16794.4,16756.7,16702.1,16547.9,216.7,16144.3,16361.0,17227.8,17444.5,16801.0
2016-10-24,17216.56,17244.74,17162.21,17234.42,17123.4,16829.7,16768.1,16712.5,16549.4,225.3,16153.8,16379.1,17280.3,17505.6,16814.0
2016-10-25,17298.63,17381.8,17298.63,17365.25,17203.7,16856.3,16788.6,16728.6,16553.5,253.6,16095.4,16349.0,17363.6,17617.2,16879.0
2016-10-26,17329.03,17391.84,17295.46,17391.84,17282.3,16886.7,16808.2,16743.6,16558.7,277.8,16053.2,16331.0,17442.4,17720.2,16916.0
2016-10-27,17346.39,17414.21,17278.12,17336.42,17302.5,16924.4,16825.4,16756.3,16562.1,282.8,16076.1,16358.9,17489.9,17772.7,16919.0
2016-10-28,17448.25,17461.03,17406.72,17446.41,17354.9,16960.7,16847.5,16775.5,16565.6,298.8,16064.2,16363.0,17558.4,17857.2,16930.0
2016-10-31,17360.89,17433.13,17327.62,17425.02,17393.0,17006.4,16866.7,16799.9,16566.9,292.6,16128.5,16421.1,17591.7,17884.3,16931.0
2016-11-01,17380.54,17473.12,17339.64,17442.4,17408.4,17042.0,16887.3,16821.5,16569.2,298.2,16147.4,16445.6,17638.4,17936.6,16932.0
2016-11-02,17238.0,17283.6,17080.59,17134.68,17357.0,17074.6,16905.3,16837.5,16570.3,265.9,16276.9,16542.8,17606.4,17872.3,16874.0
2016-11-04,16964.5,16996.09,16801.98,16905.36,17270.8,17089.2,16909.2,16842.1,16570.1,246.1,16350.8,16596.9,17581.5,17827.6,16752.0
2016-11-07,17126.03,17186.89,17056.84,17177.21,17216.9,17110.3,16919.7,16849.6,16573.2,232.9,16411.5,16644.5,17576.1,17809.1,16670.0
2016-11-08,17242.7,17247.04,17130.83,17171.38,17166.2,17127.0,16926.3,16857.6,16574.1,223.4,16456.8,16680.2,17573.8,17797.2,16582.0
2016-11-09,17281.95,17427.71,16111.81,16251.54,16928.0,17096.2,16910.6,16851.3,16568.9,290.9,16223.4,16514.4,17678.0,17969.0,16326.0
2016-11-10,16562.86,17393.82,16560.66,17344.42,16970.0,17119.3,16920.4,16862.2,16572.0,290.5,16247.9,16538.4,17700.2,17990.7,16309.0
2016-11-11,17526.61,17621.73,17333.49,17374.79,17063.9,17135.9,16928.2,16878.3,16574.6,294.8,16251.5,16546.3,17725.5,18020.3,16329.0
2016-11-14,17467.49,17697.33,17455.78,17672.62,17163.0,17175.6,16942.0,16898.8,16578.3,308.7,16249.6,16558.3,17792.9,18101.6,16353.0
2016-11-15,17690.22,17727.58,17605.77,17668.15,17262.3,17218.1,16957.2,16918.3,16582.2,312.2,16281.6,16593.8,17842.4,18154.6,16374.0
2016-11-18,18024.21,18043.72,17967.41,17967.41,17605.5,17271.0,16980.7,16945.0,16589.8,340.6,16249.1,16589.7,17952.3,18292.9,16395.0
2016-11-21,18038.09,18129.03,18007.79,18106.02,17757.8,17325.4,17007.2,16972.5,16599.2,378.2,16190.7,16568.9,18081.9,18460.1,16430.0
2016-11-22,18091.05,18175.63,18050.55,18162.94,17915.4,17380.9,17041.8,17001.7,16613.0,411.8,16145.5,16557.3,18204.5,18616.3,16462.0
2016-11-24,18329.78,18382.72,18310.31,18333.41,18047.6,17433.2,17081.8,17037.5,16628.4,459.4,16055.1,16514.5,18351.9,18811.3,16538.0
2016-11-25,18387.59,18482.94,18288.5,18381.22,18190.2,17490.1,17127.8,17067.4,16646.8,499.5,15991.7,16491.2,18489.0,18988.5,16603.0
2016-11-28,18302.58,18374.93,18222.82,18356.89,18268.1,17543.6,17170.5,17097.1,16665.1,529.9,15954.0,16483.9,18603.3,19133.2,16660.0
2016-11-29,18263.63,18327.51,18258.82,18307.04,18308.3,17588.4,17212.7,17122.9,16682.9,553.3,15928.4,16481.7,18695.1,19248.4,16721.0
2016-11-30,18356.03,18370.31,18280.66,18308.48,18337.4,17632.1,17247.6,17148.0,16700.1,572.9,15913.5,16486.4,18777.8,19350.7,16783.0
2016-12-01,18535.24,18746.28,18469.27,18513.12,18373.3,17688.1,17288.5,17176.9,16719.3,599.4,15889.8,16489.2,18887.0,19486.4,16822.0
2016-12-02,18435.55,18469.68,18315.38,18426.08,18382.3,17734.8,17332.3,17202.1,16736.7,617.5,15882.2,16499.7,18969.9,19587.4,16879.0
2016-12-05,18349.92,18365.74,18227.39,18274.99,18365.9,17775.2,17369.3,17223.8,16749.8,624.0,15903.1,16527.1,19023.3,19647.3,16888.0
2016-12-06,18457.2,18484.8,18318.99,18360.54,18376.6,17819.0,17413.4,17248.3,16759.9,631.7,15924.0,16555.7,19082.3,19714.0,16909.0
2016-12-07,18434.54,18502.47,18410.88,18496.69,18414.3,17883.8,17455.3,17276.3,16771.3,627.8,16000.4,16628.2,19139.4,19767.2,16910.0
2016-12-08,18674.19,18765.47,18614.01,18765.47,18464.8,17972.4,17509.1,17309.0,16788.6,613.9,16130.6,16744.6,19200.2,19814.2,16914.0
2016-12-09,18839.98,19042.48,18821.41,18996.37,18578.8,18059.0,17564.9,17351.3,16803.4,624.4,16185.9,16810.3,19307.7,19932.1,16918.0
2016-12-12,19183.82,19280.93,19054.0,19155.03,18754.8,18153.5,17621.2,17397.5,16819.0,633.3,16253.5,16886.8,19420.2,20053.5,16919.0
2016-12-13,19120.76,19253.51,19060.72,19250.52,18932.8,18296.3,17677.7,17449.2,16832.1,508.9,16769.5,17278.4,19314.2,19823.1,16919.0
2016-12-14,19270.01,19284.28,19184.75,19253.61,19084.2,18387.2,17732.5,17498.9,16843.7,500.9,16884.6,17385.5,19388.9,19889.8,16919.0
2016-12-15,19327.7,19436.9,19192.6,19273.79,19185.9,18477.6,17788.6,17549.5,16856.5,479.9,17037.9,17517.8,19437.4,19917.3,16919.0
2016-12-16,19438.39,19439.97,19360.36,19401.15,19266.8,18559.9,17843.9,17596.6,16870.7,483.2,17110.4,17593.6,19526.2,20009.4,16921.0
2016-12-19,19345.84,19399.26,19307.14,19391.6,19314.1,18642.0,17903.2,17644.6,16885.3,470.3,17231.1,17701.4,19582.6,20052.9,16919.0
2016-12-20,19367.84,19511.2,19356.81,19494.53,19362.9,18714.7,17966.5,17698.2,16904.9,478.8,17278.4,17757.2,19672.2,20151.0,16919.0
2016-12-21,19547.28,19592.9,19375.19,19444.49,19401.1,18778.5,18026.6,17748.4,16927.8,482.8,17330.2,17813.0,19744.0,20226.8,16918.0
2016-12-22,19396.85,19427.67,19327.51,19427.67,19431.9,18838.7,18084.0,17802.3,16950.9,481.0,17395.6,17876.7,19800.7,20281.8,16914.0
2016-12-26,19394.41,19432.48,19385.94,19396.64,19431.0,18889.3,18139.7,17851.4,16970.0,481.1,17445.9,17927.0,19851.6,20332.7,16918.0
2016-12-27,19353.43,19478.58,19352.06,19403.06,19433.3,18938.0,18190.1,17905.1,16990.8,478.8,17501.5,17980.3,19895.7,20374.5,16931.0
2016-12-28,19392.11,19442.13,19364.73,19401.72,19414.7,18987.7,18241.7,17956.1,17011.2,469.6,17578.8,18048.4,19927.0,20396.6,16925.0
2016-12-29,19301.04,19301.04,19092.22,19145.14,19354.8,19027.7,18286.1,17999.9,17028.5,443.8,17696.3,18140.1,19915.3,20359.1,16829.0
2017-01-04,19298.68,19594.16,19277.93,19594.16,19388.1,19088.9,18338.0,18050.3,17048.9,428.0,17804.8,18232.9,19944.9,20373.0,16832.0
2017-01-05,19602.1,19615.4,19473.28,19520.69,19413.0,19136.9,18387.5,18098.0,17068.9,416.6,17887.2,18303.7,19970.1,20386.6,16844.0
2017-01-06,19393.55,19472.37,19354.44,19454.33,19423.2,19185.8,18436.7,18145.2,17087.8,388.3,18020.8,18409.1,19962.5,20350.8,16832.0
2017-01-10,19414.83,19484.9,19255.35,19301.44,19403.2,19234.7,18479.9,18186.6,17106.2,327.8,18251.2,18579.0,19890.4,20218.2,16736.0
2017-01-11,19358.64,19402.17,19325.46,19364.67,19447.1,19282.5,18525.0,18232.5,17126.1,260.2,18501.8,18762.1,19802.9,20063.2,16626.0
2017-01-12,19300.19,19300.19,19069.02,19134.7,19355.2,19312.9,18564.3,18275.4,17142.6,192.3,18736.1,18928.4,19697.4,19889.7,16404.0
2017-01-13,19174.97,19299.36,19156.93,19287.28,19308.5,19337.7,18614.4,18319.6,17160.0,146.2,18899.2,19045.4,19630.0,19776.2,16258.0
2017-01-16,19219.13,19255.41,19061.27,19095.24,19236.7,19342.5,18665.3,18358.3,17175.7,135.8,18935.0,19070.8,19614.2,19750.0,15986.0
2017-01-17,19038.45,19043.91,18812.86,18813.53,19139.1,19326.2,18703.4,18391.3,17187.9,174.4,18803.1,18977.5,19674.9,19849.3,15778.0
2017-01-18,18753.96,18941.24,18650.33,18894.37,19045.0,19309.2,18743.4,18421.5,17199.4,197.8,18715.7,18913.5,19704.9,19902.7,15594.0
2017-01-19,19082.83,19122.39,18982.13,19072.25,19032.5,19300.6,18809.0,18455.8,17214.1,204.2,18687.9,18892.1,19709.1,19913.3,15432.0
2017-01-20,19059.15,19176.86,19040.2,19137.91,19002.7,19294.1,18850.7,18490.4,17232.0,207.3,18672.3,18879.6,19708.6,19915.9,15308.0
2017-01-23,18938.45,19024.21,18879.68,18891.03,18961.8,19269.8,18886.0,18518.2,17247.6,223.4,18599.7,18823.1,19716.5,19939.9,15245.0
2017-01-24,18817.42,18915.7,18783.16,18787.99,18956.7,19241.1,18911.9,18543.6,17262.9,244.7,18506.9,18751.6,19730.6,19975.3,15183.0
2017-01-25,19091.23,19133.18,18987.45,19057.5,18989.3,19220.3,18944.2,18574.8,17279.5,240.6,18498.4,18739.0,19701.6,19942.2,15182.0
2017-01-26,19260.67,19405.23,19232.46,19402.39,19055.4,19218.3,18977.6,18610.4,17297.3,238.9,18501.7,18740.6,19696.0,19934.9,15323.0
2017-01-27,19453.51,19486.68,19404.13,19467.4,19121.3,19220.2,19009.3,18647.5,17321.3,240.7,18498.0,18738.7,19701.7,19942.4,15532.0
2017-01-30,19371.28,19390.97,19295.8,19368.85,19216.8,19218.8,19037.3,18682.6,17345.6,239.8,18499.4,18739.2,19698.4,19938.2,15614.0
2017-01-31,19145.35,19199.75,19041.34,19041.34,19267.5,19201.6,19053.8,18717.2,17367.3,238.9,18484.9,18723.8,19679.4,19918.3,15613.0
2017-02-01,18926.97,19155.79,18916.18,19148.08,19285.6,19189.5,19071.6,18758.0,17393.1,234.6,18485.6,18720.2,19658.8,19893.4,15690.0
2017-02-06,19069.72,19075.57,18899.4,18976.71,19200.5,19181.5,19086.0,18790.7,17416.6,239.1,18464.3,18703.3,19659.7,19898.7,15618.0
2017-02-07,18844.12,18970.58,18805.32,18910.78,19089.2,19149.0,19100.1,18822.4,17437.0,226.3,18470.2,18696.5,19601.5,19827.8,15673.0
2017-02-08,18951.16,19009.24,18875.57,19007.6,19016.9,19124.5,19116.3,18872.5,17456.7,211.3,18490.5,18701.8,19547.2,19758.5,15736.0
2017-02-09,18942.04,18991.23,18874.91,18907.67,18990.2,19098.5,19125.5,18900.9,17476.5,202.1,18492.1,18694.2,19502.8,19704.9,15783.0
2017-02-10,19216.74,19395.99,19193.57,19378.93,19036.3,19102.2,19147.7,18937.3,17498.3,206.7,18482.1,18688.8,19515.6,19722.3,15982.0
2017-02-13,19513.78,19519.44,19418.18,19459.15,19132.8,19106.7,19175.2,18969.8,17529.6,213.6,18465.9,18679.5,19533.9,19747.5,16170.0
2017-02-14,19478.86,19501.01,19232.85,19238.98,19198.5,19111.7,19195.6,18998.4,17556.9,215.5,18465.2,18680.7,19542.7,19758.2,16253.0
2017-02-15,19438.81,19495.62,19420.0,19437.98,19284.5,19118.8,19217.5,19025.1,17585.4,224.0,18446.9,18670.9,19566.7,19790.7,16422.0
2017-02-16,19431.61,19431.61,19260.24,19347.53,19372.5,19130.9,19231.1,19047.7,17611.7,229.3,18442.9,18672.2,19589.6,19818.9,16486.0
2017-02-17,19228.74,19275.39,19173.53,19234.62,19343.7,19150.9,19236.6,19067.2,17637.1,218.4,18495.8,18714.2,19587.6,19806.0,16422.0
2017-02-20,19161.33,19274.75,19115.11,19251.08,19302.0,19167.9,19238.8,19083.9,17661.9,211.2,18534.4,18745.6,19590.2,19801.4,16356.0
2017-02-21,19267.87,19395.35,19261.98,19381.44,19330.5,19182.6,19241.9,19102.0,17686.9,214.9,18537.9,18752.8,19612.4,19827.3,16384.0
2017-02-22,19419.22,19419.22,19329.28,19379.87,19318.9,19194.1,19244.8,19120.6,17712.7,218.8,18537.6,18756.4,19631.8,19850.6,16396.0
2017-02-23,19379.92,19379.92,19262.63,19371.46,19323.7,19217.0,19247.1,19140.0,17740.4,210.5,18585.4,18796.0,19638.0,19848.6,16318.0
2017-02-24,19232.11,19381.1,19219.58,19283.54,19333.5,19240.6,19244.4,19157.7,17768.2,186.4,18681.3,18867.8,19613.4,19799.9,16199.0
2017-02-27,19130.51,19178.99,18995.55,19107.47,19304.8,19243.0,19237.7,19168.5,17796.0,184.3,18690.2,18874.5,19611.5,19795.8,16062.0
2017-02-28,19194.68,19267.99,19118.99,19118.99,19252.3,19229.5,19229.0,19181.1,17816.1,182.4,18682.4,18864.7,19594.3,19776.6,16132.0
2017-03-01,19226.94,19414.55,19164.62,19393.54,19255.0,19226.0,19227.8,19201.5,17837.0,178.2,18691.3,18869.5,19582.5,19760.7,16377.0
2017-03-02,19624.82,19668.01,19564.8,19564.8,19293.7,19235.3,19231.0,19223.4,17858.3,190.8,18663.0,18853.8,19616.8,19807.6,16532.0
2017-03-03,19551.34,19587.79,19392.75,19469.17,19330.8,19255.7,19232.7,19241.0,17877.3,191.9,18680.1,18872.0,19639.4,19831.3,16549.0
2017-03-09,19343.06,19350.2,19262.98,19318.58,19373.0,19263.8,19230.7,19251.1,17895.6,190.7,18691.7,18882.4,19645.2,19835.9,16494.0
2017-03-10,19444.71,19623.72,19427.81,19604.61,19470.1,19293.7,19235.5,19262.2,17915.0,192.6,18715.8,18908.4,19679.0,19871.6,16499.0
2017-03-13,19545.74,19656.48,19531.51,19633.75,19518.2,19328.1,19246.8,19270.9,17935.9,185.2,18772.4,18957.6,19698.6,19883.8,16501.0
2017-03-14,19634.29,19637.55,19599.62,19609.5,19527.1,19356.8,19247.2,19277.4,17956.7,179.6,18817.9,18997.5,19716.1,19895.7,16501.0
2017-03-15,19528.75,19581.53,19503.74,19577.38,19548.8,19388.7,19248.5,19283.3,17978.9,153.5,18928.3,19081.8,19695.6,19849.1,16494.0
2017-03-16,19458.7,19618.99,19454.17,19590.14,19603.1,19398.7,19251.7,19289.0,17999.2,159.6,18919.9,19079.5,19717.9,19877.5,16579.0
2017-03-17,19510.89,19547.51,19487.92,19521.59,19586.5,19401.7,19256.8,19291.2,18020.3,161.3,18917.7,19079.0,19724.4,19885.7,16670.0
2017-03-21,19416.55,19485.14,19337.22,19455.88,19550.9,19412.0,19258.9,19292.4,18040.4,157.3,18940.1,19097.4,19726.6,19883.9,16649.0
2017-03-22,19146.62,19183.27,19026.53,19041.38,19437.3,19393.2,19256.7,19284.1,18057.1,176.7,18863.2,19039.9,19746.5,19923.2,16465.0
2017-03-23,19048.84,19105.11,18973.75,19085.31,19338.9,19380.7,19252.0,19277.6,18075.8,188.9,18814.1,19002.9,19758.5,19947.3,16266.0
2017-03-24,19066.35,19296.05,19060.64,19262.53,19273.3,19382.0,19255.9,19274.6,18097.9,187.9,18818.3,19006.2,19757.8,19945.7,16129.0
2017-03-27,19071.19,19086.89,18932.09,18985.59,19166.1,19369.4,19259.9,19267.1,18116.8,205.3,18753.6,18958.9,19779.9,19985.2,15918.0
2017-03-28,19159.07,19203.64,19113.44,19202.87,19115.5,19360.9,19267.1,19263.5,18137.3,208.4,18735.6,18944.1,19777.7,19986.2,15826.0
2017-03-29,19216.78,19251.3,19164.61,19217.48,19150.8,19353.1,19270.5,19260.1,18155.1,210.7,18721.1,18931.7,19774.5,19985.1,15755.0
2017-03-30,19150.82,19218.08,19043.48,19063.22,19146.3,19338.4,19268.7,19258.7,18171.1,219.9,18678.8,18898.6,19778.2,19998.0,15647.0
2017-03-31,19170.42,19210.92,18909.26,18909.26,19075.7,19320.6,19269.2,19246.2,18186.2,238.9,18603.9,18842.8,19798.4,20037.3,15532.0
2017-04-03,18988.0,19068.62,18920.52,18983.23,19075.2,19314.7,19273.7,19236.4,18202.8,245.9,18577.1,18822.9,19806.5,20052.3,15368.0
2017-04-04,18933.82,18947.33,18703.63,18810.25,18996.7,19300.0,19268.0,19224.7,18217.1,266.5,18500.4,18766.9,19833.1,20099.6,15221.0
2017-04-05,18900.7,18941.94,18773.94,18861.27,18925.4,19274.7,19255.4,19216.7,18233.6,282.0,18428.6,18710.6,19838.8,20120.8,15155.0
2017-04-06,18754.37,18797.44,18532.65,18597.06,18832.2,19228.6,19235.1,19202.8,18247.8,309.9,18298.8,18608.7,19848.5,20158.4,15122.0
2017-04-07,18714.98,18785.73,18517.43,18664.63,18783.3,19190.3,19218.7,19194.2,18262.2,327.9,18206.5,18534.5,19846.1,20174.1,15088.0
2017-04-10,18800.22,18850.8,18762.7,18797.88,18746.2,19165.5,19213.1,19185.3,18278.2,337.3,18153.6,18490.9,19840.1,20177.4,15056.0
2017-04-11,18717.55,18767.7,18661.86,18747.87,18733.7,19124.7,19203.8,19179.0,18293.1,333.3,18124.8,18458.1,19791.3,20124.6,15058.0
2017-04-12,18592.1,18602.5,18460.59,18552.61,18672.0,19073.2,19193.9,19174.3,18307.0,334.2,18070.5,18404.7,19741.7,20075.9,15058.0
2017-04-13,18391.72,18455.25,18304.72,18426.84,18638.0,19016.9,19182.7,19165.8,18321.3,339.0,18000.0,18339.0,19694.8,20033.8,15058.0
2017-04-14,18531.91,18531.91,18285.73,18335.63,18572.2,18957.7,19167.0,19152.4,18332.4,344.5,17924.1,18268.6,19646.8,19991.3,15057.0
2017-04-17,18239.84,18361.44,18224.68,18355.26,18483.6,18898.9,19154.2,19138.1,18343.7,336.5,17889.4,18225.9,19571.9,19908.4,15058.0
2017-04-18,18497.38,18547.46,18362.73,18418.59,18417.8,18846.4,19131.9,19129.5,18354.4,320.1,17886.0,18206.1,19486.7,19806.8,15062.0
2017-04-19,18327.33,18467.73,18327.33,18432.2,18393.7,18797.7,19108.0,19123.1,18364.8,300.0,17897.7,18197.7,19397.7,19697.7,15075.0
2017-04-20,18446.39,18523.4,18420.82,18430.49,18394.4,18768.6,19089.2,19111.7,18375.3,304.8,17854.3,18159.1,19378.1,19682.9,15070.0
2017-04-21,18591.82,18648.28,18542.42,18620.75,18451.5,18746.5,19070.2,19097.5,18386.2,297.4,17854.3,18151.7,19341.3,19638.7,15110.0
2017-04-24,18890.38,18910.33,18840.13,18875.88,18555.6,18728.0,19059.2,19086.7,18398.7,275.0,17903.1,18178.0,19278.0,19552.9,15247.0
2017-04-25,18872.56,19109.76,18867.19,19079.33,18687.7,18732.5,19055.6,19081.4,18413.1,280.1,17892.3,18172.3,19292.7,19572.7,15461.0
2017-04-26,19184.92,19289.43,19170.86,19289.43,18859.2,18736.6,19056.5,19086.0,18429.2,287.9,17873.0,18160.8,19312.4,19600.2,15732.0
2017-04-27,19205.59,19281.7,19199.59,19251.87,19023.5,18738.3,19053.5,19087.8,18445.1,290.8,17865.8,18156.6,19320.0,19610.8,15978.0
2017-04-28,19240.65,19264.57,19164.68,19196.74,19138.6,18744.6,19049.2,19091.8,18462.6,299.6,17845.7,18145.4,19343.8,19643.5,16173.0
2017-05-01,19154.03,19311.21,19144.62,19310.52,19225.6,18763.7,19047.8,19099.1,18481.4,322.6,17796.0,18118.6,19408.8,19731.4,16348.0
2017-05-02,19335.72,19464.3,19335.02,19445.7,19298.9,18785.8,19051.6,19107.1,18502.5,352.7,17727.8,18080.4,19491.2,19843.8,16504.0
2017-05-08,19709.01,19929.48,19705.13,19895.7,19420.1,18837.4,19069.9,19125.0,18525.9,428.0,17553.5,17981.5,19693.3,20121.3,16621.0
2017-05-15,19753.46,19869.85,19740.63,19869.85,19543.7,18885.5,19087.4,19134.0,18549.4,483.7,17434.3,17918.1,19852.9,20336.7,16721.0
2017-05-16,19953.06,19998.49,19862.41,19919.82,19688.3,18948.5,19099.6,19142.3,18571.0,528.4,17363.4,17891.8,20005.2,20533.6,16784.0
2017-05-17,19806.78,19842.78,19764.63,19814.88,19789.2,19003.2,19105.4,19152.8,18592.3,556.3,17334.2,17890.5,20115.9,20672.2,16844.0
2017-05-18,19556.99,19601.53,19449.73,19553.86,19810.8,19039.2,19107.4,19154.9,18613.2,566.7,17339.0,17905.7,20172.7,20739.4,16890.0
2017-05-19,19591.41,19628.64,19497.29,19590.76,19749.8,19079.4,19113.7,19159.3,18633.3,574.9,17354.8,17929.7,20229.1,20804.0,16918.0
2017-05-22,19670.48,19722.93,19618.73,19678.28,19711.5,19133.0,19115.4,19167.4,18655.7,575.8,17405.7,17981.4,20284.6,20860.3,16922.0
2017-05-23,19647.74,19693.02,19585.54,19613.28,19650.2,19189.5,19114.9,19174.0,18675.9,561.0,17506.4,18067.4,20311.6,20872.6,16900.0
2017-05-24,19777.56,19782.81,19690.1,19742.98,19635.8,19256.5,19118.0,19180.6,18698.8,537.5,17644.0,18181.5,20331.5,20869.0,16866.0
2017-05-25,19737.21,19850.93,19720.12,19813.13,19687.7,19325.9,19123.5,19188.4,18721.1,508.7,17799.9,18308.6,20343.2,20851.9,16827.0
2017-05-26,19798.49,19801.59,19686.49,19686.84,19706.9,19386.3,19125.8,19194.2,18741.6,469.3,17978.3,18447.6,20325.0,20794.3,16779.0
2017-05-29,19697.18,19736.62,19627.19,19682.57,19707.8,19445.8,19129.5,19201.4,18761.5,418.8,18189.3,18608.1,20283.5,20702.3,16723.0
2017-05-30,19681.11,19691.44,19570.13,19677.85,19720.7,19505.2,19134.7,19211.8,18780.8,350.5,18453.7,18804.2,20206.2,20556.7,16648.0
2017-05-31,19630.33,19673.51,19589.25,19650.57,19702.2,19554.3,19148.9,19221.5,18800.2,286.8,18693.8,18980.6,20128.0,20414.8,16560.0
2017-06-01,19692.16,19887.66,19686.32,19860.03,19711.6,19601.1,19166.9,19230.0,18819.9,248.3,18856.3,19104.6,20097.6,20345.9,16509.0
2017-06-02,19970.23,20239.81,19967.0,20177.28,19809.7,19653.4,19188.1,19241.1,18843.0,248.5,18907.9,19156.4,20150.4,20398.9,16509.0
2017-06-05,20135.42,20224.54,20104.13,20170.82,19907.3,19695.4,19215.7,19253.8,18866.6,258.2,18920.9,19179.0,20211.8,20469.9,16512.0
2017-06-06,20122.26,20152.95,19948.02,19979.9,19967.7,19730.1,19233.8,19265.9,18888.3,244.1,18997.7,19241.8,20218.4,20462.5,16509.0
2017-06-07,19951.68,20023.24,19908.07,19984.62,20034.5,19767.6,19251.6,19272.8,18909.3,217.1,19116.2,19333.3,20201.9,20419.0,16503.0
2017-06-08,20048.28,20061.22,19896.35,19909.26,20044.4,19796.1,19271.3,19277.8,18929.5,192.0,19220.2,19412.2,20180.0,20372.0,16468.0
2017-06-09,19953.06,20096.01,19927.07,20013.26,20011.6,19823.1,19297.0,19285.1,18948.8,179.7,19283.9,19463.6,20182.6,20362.3,16456.0
2017-06-14,19974.56,20009.93,19879.6,19883.52,19954.1,19822.5,19317.9,19290.7,18967.5,179.5,19284.0,19463.5,20181.5,20361.0,16538.0
2017-06-15,19815.54,19963.36,19755.34,19831.82,19924.5,19820.7,19341.7,19295.1,18985.6,179.2,19283.1,19462.3,20179.1,20358.3,16582.0
2017-06-16,19931.15,20015.16,19884.8,19943.26,19916.2,19821.8,19366.8,19302.8,19003.5,179.9,19282.1,19462.0,20181.6,20361.5,16718.0
2017-06-19,19974.3,20087.71,19949.88,20067.75,19947.9,19833.9,19401.0,19313.9,19022.1,187.7,19270.8,19458.5,20209.3,20397.0,16768.0
2017-06-20,20234.12,20318.11,20227.29,20230.41,19991.4,19866.1,19437.4,19335.5,19042.2,195.2,19280.6,19475.8,20256.4,20451.6,16768.0
2017-06-21,20192.16,20215.11,20117.79,20138.79,20042.4,19892.2,19468.6,19354.7,19060.9,193.1,19312.8,19505.9,20278.5,20471.6,16739.0
2017-06-22,20154.38,20191.42,20107.89,20110.51,20098.1,19912.8,19500.3,19370.1,19079.5,192.2,19336.1,19528.4,20297.2,20489.5,16723.0
2017-06-23,20152.58,20152.58,20089.54,20132.67,20136.0,19937.5,19537.1,19390.9,19098.2,185.0,19382.4,19567.4,20307.6,20492.6,16684.0
2017-06-26,20132.81,20196.38,20119.04,20153.35,20153.1,19957.1,19577.2,19408.2,19119.2,185.1,19401.7,19586.8,20327.4,20512.5,16662.0
2017-06-27,20229.12,20250.1,20185.19,20225.09,20152.1,19976.7,19621.2,19426.5,19142.2,190.9,19404.1,19595.0,20358.4,20549.3,16669.0
2017-06-28,20149.2,20224.3,20110.49,20130.41,20150.4,19997.8,19662.4,19445.9,19162.7,181.5,19453.3,19634.8,20360.8,20542.3,16614.0
2017-06-29,20260.87,20266.59,20197.38,20220.3,20172.4,20023.4,19704.3,19469.8,19183.9,172.5,19505.9,19678.4,20368.4,20540.9,16606.0
2017-06-30,20025.63,20044.01,19946.51,20033.43,20152.5,20040.3,19741.6,19488.9,19210.2,153.3,19580.5,19733.8,20346.8,20500.1,16504.0
2017-07-03,20056.32,20096.14,20030.61,20055.8,20133.0,20059.6,19779.4,19511.5,19229.0,124.6,19685.9,19810.5,20308.7,20433.3,16386.0
2017-07-04,20192.27,20197.16,19971.53,20032.35,20094.5,20067.8,19812.2,19532.8,19247.4,116.2,19719.3,19835.5,20300.1,20416.3,16260.0
2017-07-05,20015.07,20087.01,19888.9,20081.63,20084.7,20063.3,19840.2,19559.8,19264.2,113.5,19722.8,19836.3,20290.3,20403.8,16374.0
2017-07-06,20061.68,20078.88,19947.63,19994.06,20039.5,20054.9,19861.5,19584.0,19280.3,111.7,19719.9,19831.6,20278.2,20389.9,16456.0
2017-07-07,19856.65,19979.93,19856.65,19929.09,20018.6,20052.4,19876.4,19604.5,19293.9,113.9,19710.7,19824.6,20280.2,20394.1,16273.0
2017-07-10,20070.44,20127.76,20023.03,20080.98,20023.6,20057.0,19895.7,19628.8,19307.7,113.0,19718.1,19831.1,20282.9,20395.9,16203.0
2017-07-11,20073.86,20200.88,20070.67,20195.48,20056.2,20070.7,19918.9,19658.6,19321.8,111.5,19736.2,19847.7,20293.7,20405.2,16166.0
2017-07-13,20177.28,20183.8,20062.27,20099.81,20059.9,20074.8,19937.2,19689.1,19334.0,110.9,19742.2,19853.1,20296.5,20407.4,16088.0
2017-07-14,20157.92,20163.67,20101.71,20118.86,20084.8,20086.0,19952.9,19721.5,19346.1,102.1,19779.7,19881.8,20290.2,20392.3,15966.0
2017-07-18,20074.41,20081.29,19943.14,19999.91,20099.0,20094.0,19955.3,19751.4,19357.5,86.6,19834.2,19920.8,20267.2,20353.8,15734.0
2017-07-19,19970.78,20032.46,19947.26,20020.86,20087.0,20097.7,19958.8,19780.5,19369.4,81.3,19853.7,19935.0,20260.4,20341.7,15499.0
2017-07-20,20046.9,20157.11,20032.23,20144.59,20076.8,20101.4,19964.1,19811.7,19382.2,81.7,19856.4,19938.1,20264.7,20346.4,15534.0
2017-07-21,20089.86,20135.33,20081.91,20099.75,20076.8,20095.1,19970.7,19842.0,19393.2,76.1,19866.7,19942.8,20247.4,20323.5,15631.0
2017-07-24,19973.67,20002.54,19901.88,19975.67,20048.2,20087.4,19980.5,19866.6,19403.9,79.7,19848.3,19928.0,20246.8,20326.5,15583.0
2017-07-25,19979.56,20036.31,19941.61,19955.2,20039.2,20080.0,19989.0,19886.3,19415.6,84.5,19826.5,19911.0,20249.0,20333.5,15517.0
2017-07-26,20098.14,20116.0,20016.58,20050.16,20045.1,20076.0,19997.6,19903.9,19427.3,83.8,19824.5,19908.3,20243.7,20327.5,15557.0
2017-07-27,20026.58,20176.39,20005.2,20079.64,20032.1,20072.5,20008.5,19918.3,19438.3,82.0,19826.6,19908.6,20236.4,20318.4,15657.0
2017-07-28,20048.46,20056.16,19926.6,19959.84,20004.1,20059.9,20013.5,19931.2,19446.6,77.6,19827.1,19904.7,20215.1,20292.7,15678.0
2017-07-31,19933.45,19983.9,19891.9,19925.18,19994.0,20050.1,20016.1,19944.4,19453.1,81.1,19806.8,19887.9,20212.3,20293.4,15647.0
2017-08-01,19907.08,20000.46,19904.72,19985.79,20000.1,20039.0,20023.1,19956.7,19458.9,72.2,19822.5,19894.7,20183.3,20255.5,15684.0
2017-08-02,20057.07,20113.73,20022.05,20080.04,20006.1,20041.2,20032.3,19968.2,19464.6,72.7,19823.1,19895.8,20186.6,20259.3,15722.0
2017-08-03,20066.0,20070.16,19985.4,20029.26,19996.0,20039.9,20040.5,19970.6,19470.0,72.7,19821.9,19894.6,20185.2,20257.9,15716.0
2017-08-04,19949.79,19984.51,19933.59,19952.33,19994.5,20036.1,20047.5,19972.1,19474.7,75.1,19810.7,19885.8,20186.4,20261.5,15625.0
2017-08-07,20059.29,20085.9,20037.4,20055.89,20020.7,20034.9,20052.1,19974.6,19479.3,74.6,19811.2,19885.8,20184.0,20258.6,15725.0
2017-08-08,20062.65,20076.8,19970.57,19996.01,20022.7,20035.0,20047.8,19977.9,19483.5,74.5,19811.5,19886.0,20184.0,20258.5,15643.0
2017-08-09,19928.96,19945.28,19660.22,19738.71,19954.4,20025.9,20037.8,19981.3,19485.2,96.4,19736.7,19833.1,20218.7,20315.1,15388.0
2017-08-10,19792.45,19829.88,19685.83,19729.74,19894.5,20009.2,20032.0,19983.8,19487.1,115.0,19664.1,19779.1,20239.3,20354.3,15364.0
2017-08-17,19707.75,19739.04,19679.37,19702.63,19844.6,19985.7,20025.4,19984.2,19489.0,125.0,19610.8,19735.7,20235.7,20360.6,15364.0
2017-08-18,19471.27,19543.13,19433.09,19470.41,19727.5,19955.7,20015.2,19981.6,19489.6,165.2,19460.0,19625.2,20286.2,20451.4,15357.0
2017-08-21,19509.53,19509.53,19365.65,19393.13,19606.9,19921.2,20000.8,19975.3,19489.5,201.4,19317.1,19518.5,20323.9,20525.3,15353.0
2017-08-22,19373.11,19437.25,19361.95,19383.84,19535.9,19891.8,19989.2,19967.5,19489.4,231.9,19196.2,19428.0,20355.6,20587.4,15281.0
2017-08-23,19547.05,19561.32,19408.47,19434.64,19476.9,19863.9,19979.9,19962.9,19491.4,250.1,19113.5,19363.6,20364.2,20614.3,15222.0
2017-08-24,19366.36,19428.55,19351.92,19353.77,19407.2,19826.3,19966.2,19956.9,19489.7,264.9,19031.7,19296.6,20356.0,20620.9,15222.0
2017-08-25,19401.12,19485.97,19384.37,19452.61,19403.6,19795.5,19951.9,19952.8,19489.2,269.1,18988.3,19257.4,20333.6,20602.7,15235.0
2017-08-28,19502.23,19535.5,19420.5,19449.9,19415.0,19770.4,19933.8,19949.2,19489.2,275.8,18942.9,19218.7,20322.1,20597.9,15192.0
2017-08-29,19319.11,19371.9,19280.02,19362.55,19410.7,19742.2,19915.7,19940.1,19489.6,286.1,18883.9,19170.0,20314.4,20600.5,15140.0
2017-08-30,19480.98,19538.23,19435.1,19506.54,19425.1,19716.3,19901.7,19927.9,19490.6,281.4,18872.1,19153.5,20279.1,20560.5,15169.0
2017-08-31,19591.32,19687.99,19583.11,19646.24,19483.6,19695.7,19890.4,19918.4,19494.2,269.0,18888.6,19157.6,20233.8,20502.8,15222.0
2017-09-01,19733.57,19735.96,19620.07,19691.47,19531.3,19682.9,19879.6,19913.1,19497.0,262.2,18896.4,19158.6,20207.2,20469.4,15265.0
2017-09-04,19615.96,19628.4,19479.4,19508.25,19543.0,19663.0,19862.9,19904.5,19499.8,258.7,18887.0,19145.7,20180.3,20439.0,15319.0
2017-09-05,19533.38,19542.78,19354.59,19385.81,19547.7,19634.5,19845.6,19895.0,19503.8,254.3,18871.5,19125.9,20143.1,20397.5,15334.0
2017-09-06,19286.06,19371.38,19254.67,19357.97,19517.9,19600.1,19825.6,19883.0,19507.0,239.4,18881.8,19121.2,20079.0,20318.4,15345.0
2017-09-07,19433.44,19482.72,19365.75,19396.52,19468.0,19570.0,19810.8,19874.2,19509.3,221.9,18904.3,19126.2,20013.8,20235.7,15401.0
2017-09-08,19297.96,19357.49,19239.52,19274.82,19384.7,19537.7,19792.6,19864.1,19510.2,212.6,18899.9,19112.5,19962.9,20175.5,15397.0
2017-09-11,19441.39,19567.03,19437.14,19545.77,19392.2,19513.4,19781.3,19856.8,19514.8,176.5,18983.9,19160.4,19866.4,20042.9,15557.0
2017-09-12,19736.14,19792.06,19718.8,19776.62,19470.3,19502.9,19774.2,19851.5,19521.6,151.2,19049.3,19200.5,19805.3,19956.5,15830.0
2017-09-13,19873.69,19888.84,19845.02,19865.82,19571.9,19509.0,19771.2,19844.9,19527.3,163.2,19019.5,19182.7,19835.3,19998.5,16077.0
2017-09-14,19860.37,19918.39,19793.85,19807.44,19654.1,19512.7,19768.4,19838.9,19530.1,169.2,19005.1,19174.3,19851.1,20020.3,16297.0
2017-09-15,19793.8,19933.4,19787.65,19909.5,19781.0,19522.6,19764.4,19835.2,19533.1,186.0,18964.6,19150.6,19894.6,20080.6,16496.0
2017-09-19,20128.18,20320.78,20122.0,20299.38,19931.8,19562.0,19766.8,19838.3,19539.6,251.0,18809.0,19060.0,20064.0,20315.0,16603.0
2017-09-20,20301.33,20339.37,20272.82,20310.46,20038.5,19605.7,19771.7,19841.1,19548.4,295.9,18717.9,19013.9,20197.5,20493.5,16664.0
2017-09-21,20456.5,20481.27,20332.69,20347.48,20134.9,19651.6,19777.0,19843.4,19556.7,332.3,18654.8,18987.0,20316.2,20648.4,16704.0
2017-09-22,20413.61,20417.07,20249.24,20296.45,20232.7,19692.6,19783.9,19846.4,19565.9,356.5,18623.2,18979.6,20405.6,20762.0,16757.0
2017-09-25,20439.43,20454.29,20367.03,20397.58,20330.3,19742.3,19792.7,19849.6,19576.2,378.9,18605.5,18984.4,20500.2,20879.1,16771.0
2017-09-26,20349.26,20385.5,20303.98,20330.19,20336.4,19784.1,19797.0,19855.0,19585.4,393.5,18603.6,18997.1,20571.1,20964.6,16814.0
2017-09-27,20269.82,20278.09,20213.66,20267.05,20327.7,19823.0,19800.9,19858.8,19594.9,399.2,18625.5,19024.7,20621.3,21020.5,16827.0
2017-09-28,20398.63,20399.87,20299.68,20363.11,20330.9,19870.7,19809.9,19864.8,19601.7,401.1,18667.3,19068.4,20673.0,21074.1,16842.0
2017-09-29,20315.34,20370.33,20285.06,20356.28,20342.8,19911.2,19819.2,19869.8,19607.9,405.4,18695.0,19100.4,20722.0,21127.4,16864.0
2017-10-02,20400.51,20411.33,20363.28,20400.78,20343.5,19947.1,19827.4,19877.2,19616.0,414.1,18704.8,19118.9,20775.3,21189.4,16899.0
2017-10-03,20475.25,20628.38,20438.17,20614.07,20400.3,19991.0,19839.8,19889.7,19624.2,434.1,18688.7,19122.8,20859.2,21293.3,16926.0
2017-10-04,20660.81,20689.08,20592.18,20626.66,20472.2,20044.3,19855.3,19899.6,19633.0,440.5,18722.9,19163.4,20925.2,21365.7,16939.0
2017-10-05,20650.71,20667.47,20602.26,20628.56,20525.3,20103.5,19871.7,19907.5,19642.7,430.9,18810.7,19241.6,20965.4,21396.3,16944.0
2017-10-06,20716.85,20721.15,20659.15,20690.71,20592.2,20166.9,19888.1,19918.2,19652.7,413.5,18926.5,19340.0,20993.8,21407.3,16947.0
2017-10-10,20680.54,20823.66,20663.08,20823.51,20676.7,20234.9,19905.4,19931.0,19662.7,397.5,19042.5,19440.0,21029.8,21427.3,16948.0
2017-10-11,20803.71,20898.41,20788.12,20881.27,20730.1,20311.4,19925.2,19947.1,19673.2,355.9,19243.8,19599.7,21023.1,21379.0,16948.0
2017-10-12,20958.18,20994.4,20917.04,20954.72,20795.8,20378.5,19948.5,19964.0,19684.2,336.6,19368.7,19705.3,21051.7,21388.3,16948.0
2017-10-13,20959.66,21211.29,20933.0,21155.18,20901.1,20444.1,19974.0,19982.4,19697.2,347.6,19401.3,19748.9,21139.3,21486.9,16948.0
2017-10-19,21450.04,21503.85,21381.52,21448.52,21052.6,20519.5,20007.8,20006.9,19713.4,385.5,19363.1,19748.6,21290.4,21675.9,16949.0
2017-10-20,21390.95,21489.26,21363.1,21457.64,21179.5,20598.1,20047.8,20033.9,19729.7,401.0,19395.2,19796.2,21400.0,21801.0,16949.0
2017-10-23,21709.3,21723.6,21614.51,21696.65,21342.5,20683.2,20093.5,20065.5,19745.6,435.7,19376.2,19811.9,21554.5,21990.2,16949.0
2017-10-24,21670.0,21805.17,21646.52,21805.17,21512.6,20754.9,20142.4,20097.5,19761.2,489.9,19285.3,19775.1,21734.7,22224.5,16961.0
2017-10-25,21900.13,21921.36,21648.35,21707.62,21623.1,20821.4,20194.5,20127.1,19776.7,520.4,19260.1,19780.5,21862.3,22382.7,16969.0
2017-10-26,21698.95,21793.62,21688.56,21739.78,21681.4,20887.7,20249.0,20159.4,19793.6,545.1,19252.3,19797.4,21978.0,22523.1,16977.0
2017-10-27,21903.27,22016.5,21815.72,22008.45,21791.5,20969.2,20310.1,20197.3,19810.3,579.2,19231.5,19810.7,22127.7,22706.9,16981.0
2017-10-30,22047.95,22086.88,21921.24,22011.67,21854.5,21046.1,20370.0,20234.1,19826.8,606.1,19227.9,19834.0,22258.2,22864.3,16994.0
2017-10-31,21897.29,22020.38,21840.07,22011.61,21895.8,21126.1,20431.8,20269.2,19843.5,617.7,19272.9,19890.7,22361.5,22979.3,16994.0
2017-11-01,22144.92,22455.92,22130.03,22420.08,22038.3,21228.7,20500.8,20312.7,19863.2,646.0,19290.6,19936.6,22520.8,23166.8,16994.0
2017-11-02,22512.18,22540.25,22400.01,22539.12,22198.2,21332.3,20572.7,20359.8,19883.7,674.2,19309.8,19984.0,22680.6,23354.8,16995.0
2017-11-06,22612.96,22644.68,22435.34,22548.35,22306.2,21436.7,20646.8,20405.1,19904.7,685.1,19381.4,20066.5,22806.9,23492.0,16995.0
2017-11-07,22518.75,22953.18,22512.91,22937.6,22491.4,21557.5,20726.6,20458.6,19928.9,716.2,19408.8,20125.0,22990.0,23706.2,16995.0
2017-11-08,22849.91,22922.8,22759.07,22913.82,22671.8,21667.0,20802.5,20516.3,19955.8,740.2,19446.4,20186.6,23147.4,23887.6,16994.0
2017-11-09,22989.44,23382.15,22522.83,22868.71,22761.5,21773.7,20876.4,20573.4,19982.0,744.3,19540.7,20285.0,23262.4,24006.7,16990.0
2017-11-10,22580.7,22724.39,22511.93,22681.42,22790.0,21871.5,20950.2,20627.5,20005.8,720.8,19709.0,20429.8,23313.2,24034.0,16982.0
2017-11-13,22607.56,22607.92,22380.99,22380.99,22756.5,21952.0,21019.9,20680.4,20029.4,675.3,19926.0,20601.3,23302.7,23978.0,16945.0
2017-11-14,22342.93,22532.3,22323.24,22380.01,22645.0,22026.1,21090.2,20734.7,20051.4,629.1,20138.7,20767.9,23284.3,23913.5,16899.0
2017-11-15,22250.98,22305.24,22004.79,22028.32,22467.9,22080.7,21151.4,20782.8,20070.9,572.0,20364.8,20936.8,23224.6,23796.6,16840.0
2017-11-16,21975.23,22392.13,21972.34,22351.12,22364.4,22147.2,21222.9,20835.8,20093.8,512.6,20609.4,21122.0,23172.4,23685.0,16770.0
2017-11-20,22279.98,22410.24,22215.07,22261.76,22280.4,22199.9,21286.1,20888.7,20117.1,459.7,20820.9,21280.6,23119.2,23578.9,16687.0
2017-11-21,22456.79,22563.25,22416.48,22416.48,22287.5,22246.0,21347.5,20942.6,20140.9,428.0,20962.1,21390.1,23101.9,23529.9,16605.0
2017-11-22,22601.55,22677.34,22513.44,22523.15,22316.2,22296.8,21409.3,20998.5,20166.7,391.4,21122.5,21513.9,23079.7,23471.1,16531.0
2017-11-24,22390.14,22567.2,22381.01,22550.85,22420.7,22337.4,21473.1,21056.5,20192.3,369.7,21228.2,21597.9,23076.9,23446.6,16482.0
2017-11-27,22657.08,22659.33,22423.4,22495.99,22449.6,22370.3,21533.2,21110.8,20219.4,350.2,21319.6,21669.8,23070.8,23421.0,16392.0
2017-11-28,22474.74,22580.99,22363.94,22486.24,22494.5,22407.4,21584.1,21162.4,20245.9,316.1,21459.0,21775.2,23039.6,23355.8,16287.0
2017-11-29,22613.96,22643.93,22537.12,22597.2,22530.7,22448.2,21637.3,21215.3,20272.3,278.7,21612.0,21890.7,23005.7,23284.4,16222.0
2017-11-30,22601.83,22748.32,22502.68,22724.96,22571.0,22482.4,21692.5,21273.8,20299.9,265.8,21685.1,21950.9,23013.9,23279.7,16168.0
2017-12-01,22916.93,22994.31,22675.07,22819.03,22624.7,22520.8,21751.2,21336.2,20329.5,252.3,21763.8,22016.1,23025.5,23277.8,16110.0
2017-12-04,22843.53,22864.33,22693.99,22707.16,22666.9,22553.9,21804.9,21397.1,20359.3,226.5,21874.5,22101.0,23006.8,23233.3,16044.0
2017-12-05,22595.33,22682.71,22522.28,22622.38,22694.1,22563.6,21858.2,21455.7,20389.0,224.8,21889.2,22114.0,23013.2,23238.0,16025.0
2017-12-06,22525.38,22528.21,22119.21,22177.04,22610.1,22546.3,21902.6,21508.5,20415.6,240.1,21825.9,22066.1,23026.5,23266.7,15888.0
2017-12-07,22317.15,22515.24,22317.15,22498.03,22564.7,22543.9,21952.3,21562.2,20443.9,240.4,21822.8,22063.2,23024.6,23265.0,15875.0
2017-12-08,22627.95,22819.71,22625.41,22811.08,22563.1,22537.9,22009.4,21617.3,20474.3,231.4,21843.7,22075.1,23000.7,23232.1,16091.0
2017-12-11,22894.3,22938.73,22787.4,22938.73,22609.5,22539.1,22068.4,21673.2,20505.6,233.5,21838.6,22072.1,23006.1,23239.6,16364.0
2017-12-12,22936.41,22994.33,22834.89,22866.17,22658.2,22539.0,22120.8,21728.8,20535.1,233.3,21839.1,22072.4,23005.6,23238.9,16609.0
2017-12-13,22879.27,22879.37,22697.32,22758.07,22774.4,22542.6,22170.3,21780.6,20562.1,236.2,21833.9,22070.1,23015.1,23251.3,16739.0
2017-12-14,22699.3,22786.61,22638.76,22694.45,22813.7,22557.5,22218.4,21824.2,20587.2,235.4,21851.3,22086.7,23028.3,23263.7,16723.0
2017-12-15,22621.36,22745.09,22478.32,22553.22,22762.1,22565.8,22261.7,21864.9,20609.8,231.9,21870.1,22102.0,23029.6,23261.5,16665.0
2017-12-18,22770.44,22927.5,22735.2,22901.77,22754.7,22607.4,22310.0,21911.4,20635.2,207.7,21984.2,22191.9,23022.9,23230.6,16658.0
2017-12-19,22961.47,22990.42,22862.82,22868.0,22755.1,22632.0,22356.2,21958.1,20660.7,206.5,22012.6,22219.0,23045.0,23251.4,16666.0
2017-12-20,22834.93,22923.5,22806.73,22891.72,22781.8,22662.0,22401.3,22003.5,20685.5,195.5,22075.6,22271.1,23052.9,23248.4,16669.0
2017-12-21,22852.01,22894.95,22728.06,22866.1,22816.2,22683.4,22441.1,22049.6,20709.3,191.8,22107.9,22299.8,23067.0,23258.9,16655.0
2017-12-22,22850.73,22908.84,22801.16,22902.76,22886.1,22701.5,22474.9,22097.5,20730.2,193.8,22120.0,22313.8,23089.2,23283.0,16674.0
2017-12-25,22909.41,22948.83,22870.19,22939.18,22893.6,22720.0,22509.3,22144.4,20751.5,197.2,22128.3,22325.5,23114.5,23311.7,16700.0
2017-12-26,22922.95,22950.15,22877.63,22892.69,22898.5,22738.9,22537.2,22190.5,20772.1,193.7,22157.8,22351.5,23126.3,23320.0,16684.0
2017-12-27,22854.39,22936.16,22854.39,22911.21,22902.4,22759.1,22562.9,22236.1,20793.6,188.1,22194.8,22382.9,23135.3,23323.4,16674.0
2017-12-28,22912.05,22954.45,22736.43,22783.98,22886.0,22768.0,22587.9,22275.6,20816.1,184.4,22214.7,22399.1,23136.9,23321.3,16582.0
2017-12-29,22831.49,22881.21,22753.2,22764.94,22858.4,22769.9,22611.8,22314.5,20838.1,184.2,22217.4,22401.5,23138.3,23322.4,16488.0
2018-01-04,23073.73,23506.33,23065.2,23506.33,22971.8,22802.6,22646.6,22366.8,20864.7,244.5,22069.0,22313.5,23291.7,23536.2,16594.0
2018-01-05,23643.0,23730.47,23520.52,23714.53,23136.2,22850.6,22686.2,22421.8,20893.2,313.8,21909.1,22222.9,23478.3,23792.1,16623.0
2018-01-09,23948.97,23952.61,23789.03,23849.99,23324.0,22909.0,22728.9,22476.8,20921.7,377.2,21777.5,22154.7,23663.3,24040.5,16638.0
2018-01-10,23832.81,23864.76,23755.45,23788.2,23524.8,22985.8,22760.8,22529.6,20949.3,384.6,21832.0,22216.6,23755.0,24139.6,16636.0
2018-01-11,23656.39,23734.97,23601.84,23710.43,23713.9,23043.5,22788.0,22579.7,20977.3,398.5,21848.1,22246.5,23840.5,24238.9,16629.0
2018-01-12,23719.66,23743.05,23588.07,23653.82,23743.4,23083.6,22813.7,22625.2,21004.8,416.0,21835.7,22251.7,23915.5,24331.5,16669.0
2018-01-15,23827.98,23833.27,23685.02,23714.88,23743.5,23120.6,22831.8,22666.4,21032.9,436.4,21811.4,22247.8,23993.4,24429.8,16783.0
2018-01-16,23721.17,23962.07,23701.83,23951.81,23763.8,23172.3,22855.9,22711.7,21062.7,467.9,21768.5,22236.4,24108.2,24576.1,16832.0
2018-01-17,23783.42,23891.63,23739.17,23868.34,23779.9,23225.2,22879.2,22751.2,21090.6,481.3,21781.2,22262.6,24187.8,24669.2,16835.0
2018-01-18,24078.93,24084.42,23699.47,23763.37,23790.4,23276.1,22904.3,22786.8,21115.5,478.9,21839.4,22318.3,24233.9,24712.8,16816.0
2018-01-19,23854.11,23872.69,23735.61,23808.06,23821.3,23335.8,22937.5,22825.0,21140.7,462.2,21949.2,22411.4,24260.2,24722.4,16799.0
2018-01-22,23797.84,23816.33,23697.81,23816.33,23841.6,23379.4,22970.9,22862.8,21167.4,462.3,21992.4,22454.7,24304.1,24766.4,16816.0
2018-01-23,23924.4,24129.34,23916.02,24124.15,23876.0,23439.2,23019.7,22901.2,21196.1,474.0,22017.2,22491.2,24387.2,24861.2,16838.0
2018-01-24,24026.43,24072.77,23917.14,23940.78,23890.5,23489.1,23056.6,22936.3,21224.1,468.7,22083.1,22551.8,24426.4,24895.1,16847.0
2018-01-25,23750.65,23828.4,23649.03,23669.49,23871.8,23527.4,23089.4,22966.4,21249.5,447.6,22184.7,22632.3,24422.5,24870.1,16755.0
2018-01-26,23757.34,23797.96,23592.28,23631.88,23836.5,23562.1,23117.6,22988.5,21275.5,424.4,22289.0,22713.4,24410.8,24835.2,16632.0
2018-01-29,23707.14,23787.23,23580.17,23629.34,23799.1,23595.0,23143.4,23008.3,21301.9,399.7,22395.8,22795.5,24394.5,24794.2,16490.0
2018-01-30,23559.33,23581.98,23233.37,23291.97,23632.7,23614.0,23160.6,23021.8,21325.2,373.3,22494.2,22867.5,24360.5,24733.8,16297.0
2018-01-31,23205.23,23375.38,23092.85,23098.29,23464.2,23622.9,23174.6,23024.7,21346.2,357.6,22550.2,22907.8,24338.0,24695.6,16079.0
2018-02-01,23276.1,23492.77,23211.12,23486.11,23427.5,23656.3,23197.9,23035.1,21368.8,304.0,22744.3,23048.3,24264.3,24568.3,15838.0
2018-02-05,22921.16,22967.69,22659.43,22682.08,23237.6,23652.4,23199.8,23031.8,21386.5,316.4,22703.1,23019.5,24285.3,24601.7,15565.0
2018-02-06,22267.0,22277.45,21078.71,21610.24,22833.7,23562.1,23173.9,23012.3,21396.9,546.8,21921.6,22468.4,24655.8,25202.6,15388.0
2018-02-07,22001.29,22353.87,21627.13,21645.37,22504.4,23463.6,23146.6,22998.9,21407.4,686.6,21403.9,22090.5,24836.7,25523.3,15297.0
2018-02-08,21721.57,21977.03,21649.7,21890.86,22262.9,23370.3,23127.6,22990.0,21419.5,760.5,21088.7,21849.2,24891.4,25651.9,15260.0
2018-02-09,21507.74,21510.3,21119.01,21382.62,21842.2,23255.7,23098.8,22978.3,21427.5,868.0,20651.6,21519.7,24991.7,25859.8,15204.0
2018-02-13,21633.34,21679.2,21211.53,21244.68,21554.8,23138.3,23077.1,22958.2,21435.2,964.8,20243.9,21208.7,25067.9,26032.7,15147.0
2018-02-14,21251.24,21371.01,20950.15,21154.17,21463.5,23019.3,23045.9,22938.0,21441.7,1048.6,19873.5,20922.1,25116.5,26165.1,15088.0
2018-02-15,21384.1,21578.99,21308.92,21464.98,21427.5,22912.1,23014.6,22920.7,21451.7,1088.2,19647.6,20735.8,25088.4,26176.6,15060.0
2018-02-16,21555.99,21866.37,21499.88,21720.25,21393.3,22805.9,22986.2,22906.1,21463.2,1090.5,19534.4,20624.9,24986.9,26077.4,15083.0
2018-02-19,21903.66,22152.85,21858.33,22149.21,21546.7,22724.0,22969.5,22898.8,21477.9,1071.1,19510.6,20581.8,24866.2,25937.4,15118.0
2018-02-20,22054.32,22063.87,21831.45,21925.1,21682.7,22636.5,22950.2,22888.4,21490.7,1057.0,19465.6,20522.6,24750.4,25807.4,15162.0
2018-02-21,21942.42,22130.58,21836.73,21970.81,21846.1,22549.0,22933.3,22879.1,21504.5,1030.8,19456.5,20487.3,24610.7,25641.5,15223.0
2018-02-22,21789.88,21799.4,21626.85,21736.44,21900.4,22449.9,22914.4,22863.4,21517.0,1002.5,19442.4,20444.9,24454.9,25457.4,15286.0
2018-02-23,21789.72,21903.39,21741.63,21892.78,21934.9,22343.7,22890.9,22848.3,21529.6,932.0,19547.8,20479.8,24207.6,25139.6,15375.0
2018-02-26,22134.64,22226.53,22040.87,22153.63,21935.8,22258.6,22874.3,22836.2,21543.2,857.5,19686.2,20543.7,23973.5,24831.0,15494.0
2018-02-27,22391.67,22502.05,22325.07,22389.86,22028.7,22197.7,22862.6,22830.4,21559.1,795.4,19811.5,20606.9,23788.5,24583.9,15630.0
2018-02-28,22292.53,22380.28,22068.24,22068.24,22048.2,22123.2,22844.1,22820.3,21572.6,724.4,19949.9,20674.3,23572.1,24296.5,15773.0
2018-03-01,21901.13,21901.13,21645.22,21724.47,22045.8,22032.5,22816.6,22812.1,21584.6,640.9,20109.9,20750.8,23314.2,23955.1,15884.0
2018-03-02,21339.98,21366.09,21088.96,21181.64,21903.6,21932.0,22775.8,22788.2,21592.7,597.5,20139.6,20737.0,23127.0,23724.4,15897.0
2018-03-05,21047.81,21164.38,20937.26,21035.98,21680.0,21833.8,22732.6,22755.9,21598.9,564.8,20139.4,20704.2,22963.4,23528.2,15896.0
