0,1d2a,20180119,1840
1,3054,東証JQS,(株)ハイパー,01/19,1302,29.94 %,300,93400
2,3953,東証JQS,大村紙業(株),01/19,1400,27.27 %,300,73200
3,6647,東証2部,森尾電機(株),01/19,2531,24.62 %,500,55500
4,6096,マザーズ,(株)レアジョブ,01/19,2052,24.21 %,400,30200
5,6217,東証1部,津田駒工業(株),01/19,289,20.92 %,50,19644000
6,3998,マザーズ,(株)すららネット,01/19,4400,18.92 %,700,412700
7,9307,東証2部,(株)杉村倉庫,01/19,3250,18.18 %,500,3304300
8,3267,マザーズ,(株)フィル・カンパニー,01/19,6660,17.67 %,1000,552800
9,5724,東証JQS,(株)アサカ理研,01/19,2893,16.89 %,418,594700
10,6561,マザーズ,(株)ＨＡＮＡＴＯＵＲ　ＪＡＰＡＮ,01/19,2925,15.16 %,385,2500000
11,7807,東証JQS,(株)幸和製作所,01/19,14680,14.24 %,1830,398400
12,6149,東証JQS,(株)小田原エンジニアリング,01/19,4385,14.19 %,545,759400
13,3939,マザーズ,(株)カナミックネットワーク,01/19,4930,13.86 %,600,238600
14,6626,東証JQS,ＳＥＭＩＴＥＣ(株),01/19,10150,12.78 %,1150,164600
15,6067,マザーズ,(株)メディアフラッグ,01/19,1011,12.58 %,113,274600
16,6919,東証JQS,ケル(株),01/19,1611,12.42 %,178,490700
17,6494,東証JQS,(株)ＮＦＫホールディングス,01/19,208,11.83 %,22,29770600
18,9353,東証2部,櫻島埠頭(株),01/19,362,11.73 %,38,1332000
19,2884,東証1部,(株)ヨシムラ・フード・ホールディングス,01/19,9910,11.47 %,1020,473800
20,4579,東証JQG,ラクオリア創薬(株),01/19,2889,10.65 %,278,3283500
21,6532,マザーズ,(株)ベイカレント・コンサルティング,01/19,3635,10.49 %,345,661600
22,3967,マザーズ,(株)エルテス,01/19,3020,10.46 %,286,954000
23,1853,東証2部,(株)森組,01/19,604,10.42 %,57,2018400
24,7571,東証JQS,(株)ヤマノホールディングス,01/19,157,9.79 %,14,2390300
25,9266,マザーズ,(株)一家ダイニングプロジェクト,01/19,9660,9.65 %,850,45300
26,2471,東証JQS,(株)エスプール,01/19,4270,9.63 %,375,122500
27,7172,マザーズ,(株)ジャパンインベストメントアドバイザー,01/19,3715,9.26 %,315,1181000
28,6433,東証JQS,ヒーハイスト精工(株),01/19,924,9.22 %,78,1239000
29,8298,東証JQS,(株)ファミリー,01/19,500,9.17 %,42,65700
30,2362,東証JQS,(株)夢真ホールディングス,01/19,1229,9.05 %,102,2115100
31,3359,マザーズ,(株)タイセイ,01/19,1456,8.82 %,118,78400
32,6563,マザーズ,(株)みらいワークス,01/19,11630,8.29 %,890,228600
33,2930,東証1部,(株)北の達人コーポレーション,01/19,2410,8.27 %,184,6514200
34,2877,東証JQS,日東ベスト(株),01/19,1049,8.14 %,79,32900
35,8746,東証JQS,第一商品(株),01/19,229,8.02 %,17,2136400
36,5480,東証1部,日本冶金工業(株),01/19,311,7.99 %,23,10542400
37,3826,東証1部,(株)システムインテグレータ,01/19,1042,7.98 %,77,98700
38,3726,東証2部,(株)フォーシーズホールディングス,01/19,560,7.90 %,41,101500
39,6086,マザーズ,シンメンテホールディングス(株),01/19,1965,7.61 %,139,67900
40,3999,マザーズ,ナレッジスイート(株),01/19,3990,7.55 %,280,222700
41,7719,東証2部,(株)東京衡機,01/19,43,7.50 %,3,5625000
42,2337,東証1部,いちご(株),01/19,460,7.48 %,32,4790600
43,3965,東証JQS,(株)キャピタル・アセット・プランニング,01/19,4180,7.46 %,290,63700
44,6535,マザーズ,(株)アイモバイル,01/19,1335,7.40 %,92,191500
45,3356,東証JQS,(株)テリロジー,01/19,393,7.38 %,27,2027700
46,7274,東証1部,(株)ショーワ,01/19,1401,7.36 %,96,1879600
47,4570,東証JQG,(株)免疫生物研究所,01/19,925,6.94 %,60,263300
48,2151,東証1部,(株)タケエイ,01/19,1408,6.91 %,91,600700
49,8023,東証2部,大興電子通信(株),01/19,1415,6.79 %,90,260000
50,5602,東証1部,(株)栗本鐵工所,01/19,2620,6.63 %,163,135900
51,2173,東証JQG,(株)博展,01/19,1064,6.61 %,66,56900
52,2427,東証1部,(株)アウトソーシング,01/19,2067,6.55 %,127,2285000
53,2385,マザーズ,(株)総医研ホールディングス,01/19,607,6.49 %,37,1150100
54,6826,東証1部,本多通信工業(株),01/19,1391,6.43 %,84,267300
55,3611,東証1部,(株)マツオカコーポレーション,01/19,5000,6.38 %,300,289400
56,6200,東証1部,(株)インソース,01/19,4420,6.25 %,260,114800
57,1694,東証ETF,ETFS ニッケル上場投資信託,01/19,1500,6.23 %,88,130
58,2429,東証1部,(株)ワールドホールディングス,01/19,3750,6.08 %,215,129600
59,2499,東証2部,日本和装ホールディングス(株),01/19,530,6.00 %,30,45700
60,6904,東証2部,原田工業(株),01/19,1112,5.90 %,62,471200
61,6188,東証JQS,富士ソフトサービスビューロ(株),01/19,2404,5.86 %,133,34500
62,6863,東証JQS,(株)ニレコ,01/19,1424,5.72 %,77,41000
63,6218,東証1部,エンシュウ(株),01/19,205,5.67 %,11,11326000
64,3928,東証1部,(株)マイネット,01/19,1776,5.65 %,95,360800
65,9099,東証1部,(株)Ｃ＆Ｆロジホールディングス,01/19,1663,5.65 %,89,43900
66,9903,東証JQS,(株)カンセキ,01/19,1294,5.63 %,69,4900
67,8844,東証JQS,(株)コスモスイニシア,01/19,864,5.62 %,46,757200
68,7726,東証2部,黒田精工(株),01/19,2945,5.59 %,156,231800
69,6069,マザーズ,トレンダーズ(株),01/19,1919,5.50 %,100,124000
70,9470,東証1部,(株)学研ホールディングス,01/19,5960,5.49 %,310,71400
71,6292,東証2部,(株)カワタ,01/19,1536,5.42 %,79,252900
72,3316,東証JQS,東京日産コンピュータシステム(株),01/19,4970,5.41 %,255,13800
73,2334,マザーズ,(株)イオレ,01/19,4340,5.34 %,220,65100
74,4771,東証JQS,(株)エフアンドエム,01/19,1164,5.34 %,59,28900
75,7564,東証JQS,(株)ワークマン,01/19,4550,5.32 %,230,8800
76,6284,東証1部,日精エー・エス・ビー機械(株),01/19,7610,5.26 %,380,97000
77,7575,東証1部,日本ライフライン(株),01/19,2577,5.23 %,128,2235800
78,1687,東証ETF,ETFS 農産物上場投資信託,01/19,569,5.18 %,28,20
79,5279,東証JQS,日本興業(株),01/19,1535,5.14 %,75,83800
80,5609,東証2部,日本鋳造(株),01/19,1866,5.13 %,91,363700
81,1697,東証ETF,ETFS 大豆上場投資信託,01/19,2260,5.12 %,110,10
82,4345,東証1部,(株)シーティーエス,01/19,887,5.09 %,43,332700
83,1848,東証2部,(株)富士ピー・エス,01/19,935,5.06 %,45,89200
84,9782,東証JQS,(株)ディーエムエス,01/19,1630,5.03 %,78,42200
85,6255,マザーズ,(株)エヌ・ピー・シー,01/19,295,4.98 %,14,1602200
86,5162,東証JQS,(株)朝日ラバー,01/19,1352,4.97 %,64,49100
87,6192,マザーズ,ハイアス・アンド・カンパニー(株),01/19,1436,4.97 %,68,93000
88,2458,東証JQS,(株)夢テクノロジー,01/19,1059,4.96 %,50,174700
89,3773,マザーズ,(株)アドバンスト・メディア,01/19,1824,4.95 %,86,357300
90,6747,東証2部,ＫＩホールディングス(株),01/19,467,4.94 %,22,164000
91,3294,東証1部,(株)イーグランド,01/19,1510,4.93 %,71,113100
92,3927,マザーズ,(株)アークン,01/19,958,4.93 %,45,287300
93,7247,東証1部,(株)ミクニ,01/19,794,4.89 %,37,272300
94,5965,東証2部,(株)フジマック,01/19,2626,4.87 %,122,13800
95,3180,東証1部,(株)ビューティガレージ,01/19,2175,4.77 %,99,43900
96,3457,東証1部,(株)ハウスドゥ,01/19,2899,4.77 %,132,38300
97,2489,マザーズ,(株)アドウェイズ,01/19,704,4.76 %,32,759300
98,3891,東証JQS,ニッポン高度紙工業(株),01/19,3195,4.75 %,145,94100
99,7711,東証JQS,助川電気工業(株),01/19,1345,4.75 %,61,190300
100,3435,東証2部,サンコーテクノ(株),01/19,1398,4.72 %,63,15900
101,6140,東証1部,旭ダイヤモンド工業(株),01/19,1375,4.72 %,62,660700
102,6634,東証JQS,(株)ネクスグループ,01/19,444,4.72 %,20,89700
103,9449,東証1部,ＧＭＯインターネット(株),01/19,2002,4.71 %,90,2876600
104,4563,マザーズ,アンジェス(株),01/19,669,4.69 %,30,2490300
105,6697,マザーズ,テックポイント,01/19,2410,4.65 %,107,98700
106,6669,東証JQS,シーシーエス(株),01/19,4180,4.63 %,185,42700
107,4043,東証1部,(株)トクヤマ,01/19,3650,4.58 %,160,1165600
108,3237,マザーズ,(株)イントランス,01/19,229,4.57 %,10,3754500
109,4998,東証2部,フマキラー(株),01/19,2509,4.54 %,109,78900
110,2345,東証2部,アイスタディ(株),01/19,1550,4.52 %,67,23200
111,8137,東証1部,サンワテクノス(株),01/19,2620,4.51 %,113,136500
112,2454,東証JQS,(株)オールアバウト,01/19,1630,4.49 %,70,119700
113,3319,東証1部,(株)ゴルフダイジェスト・オンライン,01/19,1048,4.49 %,45,131500
114,3856,マザーズ,Ａｂａｌａｎｃｅ(株),01/19,841,4.47 %,36,12300
115,8078,東証1部,阪和興業(株),01/19,5380,4.47 %,230,331600
116,3566,マザーズ,ユニフォームネクスト(株),01/19,5160,4.45 %,220,26500
117,2882,東証1部,イートアンド(株),01/19,2318,4.41 %,98,55800
118,6121,東証1部,(株)滝澤鉄工所,01/19,2366,4.41 %,100,131600
119,2453,東証1部,ジャパンベストレスキューシステム(株),01/19,836,4.37 %,35,579900
120,6824,東証JQS,新コスモス電機(株),01/19,1600,4.37 %,67,32900
121,3461,マザーズ,(株)パルマ,01/19,3520,4.30 %,145,13300
122,6166,マザーズ,(株)中村超硬,01/19,6800,4.29 %,280,217000
123,9955,東証JQS,(株)ヨンキュウ,01/19,1583,4.28 %,65,6300
124,9913,東証JQS,日邦産業(株),01/19,564,4.25 %,23,388500
125,3198,東証2部,ＳＦＰホールディングス(株),01/19,2141,4.24 %,87,186100
126,7974,東証1部,任天堂(株),01/19,48320,4.23 %,1960,5098000
127,2122,マザーズ,(株)インタースペース,01/19,2332,4.20 %,94,44500
128,2533,東証1部,オエノンホールディングス(株),01/19,374,4.18 %,15,355600
129,5698,東証2部,(株)エンビプロ・ホールディングス,01/19,1098,4.17 %,44,356100
130,8052,東証1部,椿本興業(株),01/19,3245,4.17 %,130,9600
131,6964,東証2部,(株)サンコー,01/19,701,4.16 %,28,97000
132,1844,東証2部,(株)大盛工業,01/19,302,4.14 %,12,214000
133,3469,東証JQS,(株)デュアルタップ,01/19,2775,4.13 %,110,8800
134,6652,東証1部,ＩＤＥＣ(株),01/19,3290,4.11 %,130,634400
135,1762,東証1部,(株)高松コンストラクショングループ,01/19,3175,4.10 %,125,49000
136,6235,東証1部,(株)オプトラン,01/19,3430,4.10 %,135,779100
137,1711,東証2部,(株)省電舎ホールディングス,01/19,1249,4.08 %,49,153600
138,5945,東証JQS,天龍製鋸(株),01/19,3185,4.08 %,125,11700
139,3374,東証JQS,内外テック(株),01/19,3975,4.06 %,155,43200
140,3910,東証JQS,(株)エムケイシステム,01/19,2614,4.06 %,102,17200
141,6481,東証1部,ＴＨＫ(株),01/19,4755,4.05 %,185,1516700
142,2410,東証1部,(株)キャリアデザインセンター,01/19,2341,4.04 %,91,45200
143,6998,東証2部,日本タングステン(株),01/19,3350,4.04 %,130,42700
144,6185,マザーズ,ソネット・メディア・ネットワークス(株),01/19,3515,3.99 %,135,7900
145,6668,東証2部,(株)アドテック　プラズマ　テクノロジー,01/19,2112,3.99 %,81,185000
146,7927,東証JQS,ムトー精工(株),01/19,1933,3.98 %,74,161400
147,3370,東証JQS,(株)フジタコーポレーション,01/19,3140,3.97 %,120,453900
148,7187,マザーズ,ジェイリース(株),01/19,975,3.94 %,37,49600
149,3224,マザーズ,(株)ゼネラル・オイスター,01/19,1110,3.93 %,42,2300
150,3437,東証JQS,特殊電極(株),01/19,5300,3.92 %,200,6000
151,5753,東証2部,日本伸銅(株),01/19,2498,3.91 %,94,7300
152,6728,東証1部,(株)アルバック,01/19,8030,3.88 %,300,843200
153,1828,東証2部,田辺工業(株),01/19,1291,3.86 %,48,29800
154,3935,マザーズ,(株)エディア,01/19,1455,3.85 %,54,169500
155,9025,東証1部,鴻池運輸(株),01/19,1998,3.85 %,74,106600
156,6141,東証1部,ＤＭＧ森精機(株),01/19,2675,3.84 %,99,1487200
157,6088,東証1部,(株)シグマクシス,01/19,1436,3.83 %,53,204800
158,7718,東証1部,スター精密(株),01/19,2473,3.82 %,91,847300
159,6175,東証JQS,(株)ネットマーケティング,01/19,1910,3.80 %,70,74500
160,7873,東証1部,(株)アーク,01/19,137,3.79 %,5,8995600
161,3892,東証JQS,(株)岡山製紙,01/19,742,3.78 %,27,19800
162,6062,東証JQS,(株)チャーム・ケア・コーポレーション,01/19,2802,3.78 %,102,69800
163,3926,東証1部,(株)オープンドア,01/19,7430,3.77 %,270,87300
164,2170,東証1部,(株)リンクアンドモチベーション,01/19,938,3.76 %,34,769400
165,6804,東証1部,ホシデン(株),01/19,1830,3.74 %,66,3016900
166,4971,東証1部,メック(株),01/19,2520,3.70 %,90,139000
167,8818,東証1部,京阪神ビルディング(株),01/19,955,3.69 %,34,270500
168,3817,東証1部,(株)ＳＲＡホールディングス,01/19,3950,3.67 %,140,62800
169,4023,東証1部,(株)クレハ,01/19,8200,3.67 %,290,139700
170,6173,マザーズ,(株)アクアライン,01/19,3250,3.67 %,115,4000
171,6094,マザーズ,(株)フリークアウト・ホールディングス,01/19,2580,3.66 %,91,191800
172,7940,東証2部,ウェーブロックホールディングス(株),01/19,1420,3.65 %,50,153100
173,6908,東証1部,イリソ電子工業(株),01/19,7410,3.64 %,260,102500
174,3323,東証JQS,レカム(株),01/19,315,3.62 %,11,18888600
175,2483,東証JQS,(株)翻訳センター,01/19,4450,3.61 %,155,5300
176,4042,東証1部,東ソー(株),01/19,2531,3.60 %,88,4136000
177,9888,東証JQS,(株)ＵＥＸ,01/19,1008,3.60 %,35,129700
178,6914,東証1部,オプテックスグループ(株),01/19,6630,3.59 %,230,113600
179,7809,東証JQS,(株)壽屋,01/19,3010,3.58 %,104,54400
180,1491,東証2部,中外鉱業(株),01/19,29,3.57 %,1,1824400
181,1808,東証1部,(株)長谷工コーポレーション,01/19,1804,3.56 %,62,1884500
182,6165,東証1部,パンチ工業(株),01/19,1512,3.56 %,52,248300
183,2667,東証JQS,(株)イメージ　ワン,01/19,525,3.55 %,18,302500
184,3073,東証1部,(株)ＤＤホールディングス,01/19,4225,3.55 %,145,145600
185,3277,東証1部,(株)サンセイランディック,01/19,1285,3.55 %,44,61500
186,7198,東証1部,アルヒ(株),01/19,1372,3.55 %,47,430300
187,8929,東証2部,(株)青山財産ネットワークス,01/19,1779,3.55 %,61,34800
188,9414,東証1部,日本ＢＳ放送(株),01/19,1399,3.55 %,48,37300
189,2154,東証1部,(株)トラスト・テック,01/19,3215,3.54 %,110,173800
190,3139,東証1部,(株)ラクト・ジャパン,01/19,4390,3.54 %,150,95300
191,7624,東証JQS,(株)ＮａＩＴＯ,01/19,380,3.54 %,13,325300
192,6197,東証1部,(株)ソラスト,01/19,2815,3.53 %,96,299800
193,3441,東証JQS,(株)山王,01/19,1176,3.52 %,40,207500
194,4833,東証JQG,(株)ぱど,01/19,710,3.50 %,24,74700
195,3564,東証1部,(株)ＬＩＸＩＬビバ,01/19,2082,3.48 %,70,567600
196,1942,東証1部,(株)関電工,01/19,1224,3.47 %,41,1496600
197,3475,東証2部,(株)グッドコムアセット,01/19,1582,3.47 %,53,77500
198,7902,東証JQS,(株)ソノコム,01/19,1462,3.47 %,49,45900
199,2531,東証1部,宝ホールディングス(株),01/19,1380,3.45 %,46,1216000
200,7314,東証JQS,(株)小田原機器,01/19,870,3.45 %,29,6900
201,6459,東証1部,大和冷機工業(株),01/19,1506,3.43 %,50,107600
202,1572,東証ETF,中国H株ブル2倍上場投信,01/19,17890,3.41 %,590,3860
203,7467,東証1部,萩原電気(株),01/19,3940,3.41 %,130,89600
204,3837,東証1部,アドソル日進(株),01/19,1254,3.38 %,41,59300
205,9057,東証JQS,遠州トラック(株),01/19,1680,3.38 %,55,38500
206,6877,東証1部,ＯＢＡＲＡ　ＧＲＯＵＰ(株),01/19,8290,3.37 %,270,54000
207,4644,東証JQS,イマジニア(株),01/19,985,3.36 %,32,97500
208,4295,東証1部,(株)フェイス,01/19,1361,3.34 %,44,31800
209,2721,東証JQS,(株)ジェイホールディングス,01/19,900,3.33 %,29,23700
210,8273,東証1部,(株)イズミ,01/19,7140,3.33 %,230,123700
211,8036,東証1部,(株)日立ハイテクノロジーズ,01/19,5290,3.32 %,170,940900
212,1893,東証1部,五洋建設(株),01/19,875,3.31 %,28,2203900
213,3271,東証1部,(株)ＴＨＥグローバル社,01/19,1159,3.30 %,37,537200
214,3486,マザーズ,(株)グローバル・リンク・マネジメント,01/19,8180,3.28 %,260,49800
215,6866,東証1部,ＨＩＯＫＩ(株),01/19,3095,3.27 %,98,56400
216,1485,東証ETF,MAXIS JAPAN 設備･人材積極投資企業200上場投信,01/19,28200,3.26 %,890,20
217,6534,東証2部,Ｄ．Ａ．コンソーシアムホールディングス(株),01/19,2390,3.24 %,75,188700
218,8154,東証1部,加賀電子(株),01/19,3070,3.23 %,96,72500
219,4284,東証1部,(株)ソルクシーズ,01/19,1517,3.20 %,47,222300
220,4849,東証JQS,エン・ジャパン(株),01/19,5800,3.20 %,180,171000
221,6677,東証JQS,(株)エスケーエレクトロニクス,01/19,2129,3.20 %,66,83800
222,3804,東証JQS,(株)システム　ディ,01/19,1069,3.19 %,33,22100
223,6480,東証1部,日本トムソン(株),01/19,876,3.18 %,27,510400
224,1812,東証1部,鹿島,01/19,1138,3.17 %,35,6503000
225,1583,東証ETF,i シェアーズフロンティア株ETF-JDR(MSCI F100),01/19,3920,3.16 %,120,9576
226,3945,東証2部,スーパーバッグ(株),01/19,2395,3.14 %,73,3900
227,8473,東証1部,ＳＢＩホールディングス(株),01/19,2530,3.14 %,77,3811900
228,9066,東証1部,(株)日新,01/19,3120,3.14 %,95,41300
229,1429,マザーズ,(株)日本アクア,01/19,528,3.13 %,16,118800
230,6383,東証1部,(株)ダイフク,01/19,7900,3.13 %,240,1744000
231,6788,東証1部,(株)日本トリム,01/19,5610,3.13 %,170,79400
232,4680,東証1部,(株)ラウンドワン,01/19,1984,3.12 %,60,740200
233,6384,東証JQS,(株)昭和真空,01/19,2722,3.11 %,82,162700
234,3550,マザーズ,(株)スタジオアタオ,01/19,3000,3.09 %,90,83300
235,4775,東証1部,総合メディカル(株),01/19,6050,3.07 %,180,32200
236,2433,東証1部,(株)博報堂ＤＹホールディングス,01/19,1682,3.06 %,50,889700
237,4584,マザーズ,(株)ジーンテクノサイエンス,01/19,3040,3.05 %,90,62400
238,6632,東証1部,(株)ＪＶＣケンウッド,01/19,406,3.05 %,12,2306300
239,3796,東証2部,(株)いい生活,01/19,407,3.04 %,12,43000
240,6147,東証JQS,(株)ヤマザキ,01/19,544,3.03 %,16,19500
241,6277,東証1部,ホソカワミクロン(株),01/19,8510,3.03 %,250,56000
242,7577,東証JQS,(株)パスポート,01/19,680,3.03 %,20,65300
243,7808,東証JQS,(株)シー・エス・ランバー,01/19,2261,3.01 %,66,72000
244,2502,東証1部,アサヒグループホールディングス(株),01/19,5719,2.99 %,166,1719600
245,3955,東証2部,(株)イムラ封筒,01/19,551,2.99 %,16,105500
246,4005,東証1部,住友化学(株),01/19,862,2.99 %,25,10595000
247,4366,東証2部,ダイトーケミックス(株),01/19,689,2.99 %,20,26300
248,9753,東証JQS,アイエックス・ナレッジ(株),01/19,795,2.98 %,23,156000
249,3300,マザーズ,(株)ＡＭＢＩＴＩＯＮ,01/19,1840,2.97 %,53,26000
250,6187,東証1部,(株)ＬＩＴＡＬＩＣＯ,01/19,1974,2.97 %,57,47900
251,6469,東証JQS,(株)放電精密加工研究所,01/19,1454,2.97 %,42,54500
252,6638,東証1部,(株)ミマキエンジニアリング,01/19,1151,2.95 %,33,160100
253,2778,東証JQS,パレモ・ホールディングス(株),01/19,561,2.94 %,16,85100
254,5310,東証1部,東洋炭素(株),01/19,3855,2.94 %,110,127300
255,2714,東証JQS,プラマテルズ(株),01/19,1088,2.93 %,31,40000
256,2780,東証2部,(株)コメ兵,01/19,2106,2.93 %,60,72200
257,8282,東証1部,(株)ケーズホールディングス,01/19,3160,2.93 %,90,321900
258,3189,東証JQS,(株)ＡＮＡＰ,01/19,1095,2.91 %,31,134300
259,5189,東証2部,櫻護謨(株),01/19,566,2.91 %,16,11000
260,5105,東証1部,東洋ゴム工業(株),01/19,2345,2.90 %,66,1912700
261,8771,東証1部,イー・ギャランティ(株),01/19,3730,2.90 %,105,24000
262,6089,東証1部,(株)ウィルグループ,01/19,1717,2.88 %,48,235400
263,8877,東証1部,日本エスリード(株),01/19,2501,2.88 %,70,35700
264,7743,東証1部,(株)シード,01/19,5400,2.86 %,150,50600
265,9749,東証1部,富士ソフト(株),01/19,3595,2.86 %,100,54200
266,4461,東証1部,第一工業製薬(株),01/19,939,2.85 %,26,636000
267,2733,東証1部,(株)あらた,01/19,5790,2.84 %,160,41700
268,3902,東証1部,メディカル・データ・ビジョン(株),01/19,2351,2.84 %,65,234300
269,4092,東証1部,日本化学工業(株),01/19,2790,2.84 %,77,191800
270,1418,東証JQS,インターライフホールディングス(株),01/19,292,2.82 %,8,184900
271,3697,マザーズ,(株)ＳＨＩＦＴ,01/19,3835,2.82 %,105,195900
272,7148,東証1部,(株)ＦＰＧ,01/19,1537,2.81 %,42,1138400
273,1824,東証1部,前田建設工業(株),01/19,1581,2.80 %,43,722400
274,2412,東証2部,(株)ベネフィット・ワン,01/19,2715,2.80 %,74,198400
275,6495,東証2部,(株)宮入バルブ製作所,01/19,257,2.80 %,7,2886600
276,8892,東証1部,(株)日本エスコン,01/19,697,2.80 %,19,728000
277,6048,東証1部,(株)デザインワン・ジャパン,01/19,1288,2.79 %,35,16000
278,6104,東証1部,東芝機械(株),01/19,920,2.79 %,25,596000
279,7643,東証JQS,(株)ダイイチ,01/19,1398,2.79 %,38,9400
280,4819,東証1部,(株)デジタルガレージ,01/19,3325,2.78 %,90,417400
281,6368,東証1部,オルガノ(株),01/19,3880,2.78 %,105,40200
282,6787,東証JQS,(株)メイコー,01/19,2105,2.78 %,57,385300
283,8410,東証1部,(株)セブン銀行,01/19,407,2.78 %,11,8087000
284,7839,東証1部,(株)ＳＨＯＥＩ,01/19,5190,2.77 %,140,60100
285,7516,東証1部,コーナン商事(株),01/19,2721,2.76 %,73,314300
286,5941,東証2部,(株)中西製作所,01/19,1907,2.75 %,51,31300
287,2477,マザーズ,手間いらず(株),01/19,3565,2.74 %,95,105500
288,4091,東証1部,大陽日酸(株),01/19,1686,2.74 %,45,700600
289,9744,東証1部,(株)メイテック,01/19,6010,2.74 %,160,99500
290,7425,東証JQS,初穂商事(株),01/19,4890,2.73 %,130,1000
291,6474,東証1部,(株)不二越,01/19,834,2.71 %,22,1816000
292,4926,東証1部,(株)シーボン,01/19,3805,2.70 %,100,12800
293,7464,東証JQS,セフテック(株),01/19,7240,2.70 %,190,900
294,8700,東証JQS,丸八証券(株),01/19,154,2.67 %,4,54000
295,3480,東証2部,(株)ジェイ・エス・ビー,01/19,5040,2.65 %,130,21600
296,6531,マザーズ,リファインバース(株),01/19,3095,2.65 %,80,42600
297,7426,東証JQS,(株)山大,01/19,1745,2.65 %,45,2600
298,8912,東証2部,(株)エリアクエスト,01/19,271,2.65 %,7,355700
299,9672,東証1部,東京都競馬(株),01/19,4450,2.65 %,115,113800
300,1414,東証1部,ショーボンドホールディングス(株),01/19,8540,2.64 %,220,75000
301,3201,東証1部,ニッケ,01/19,1167,2.64 %,30,142800
302,3387,東証1部,(株)クリエイト・レストランツ・ホールディングス,01/19,1204,2.64 %,31,529800
303,3424,東証JQS,ミヤコ(株),01/19,1010,2.64 %,26,300
304,5195,東証1部,バンドー化学(株),01/19,1363,2.64 %,35,27100
305,6145,東証JQS,日特エンジニアリング(株),01/19,5440,2.64 %,140,116200
306,3941,東証1部,レンゴー(株),01/19,865,2.61 %,22,1118400
307,5911,東証1部,(株)横河ブリッジホールディングス,01/19,2673,2.61 %,68,169700
308,6912,東証JQS,菊水電子工業(株),01/19,1416,2.61 %,36,151600
309,6999,東証1部,ＫＯＡ(株),01/19,2440,2.61 %,62,221200
310,2445,東証1部,エスアールジータカミヤ(株),01/19,709,2.60 %,18,37500
311,6976,東証1部,太陽誘電(株),01/19,1935,2.60 %,49,3519400
312,3101,東証1部,東洋紡(株),01/19,2058,2.59 %,52,569000
313,5019,東証1部,出光興産(株),01/19,4350,2.59 %,110,762900
314,6287,東証1部,サトーホールディングス(株),01/19,3765,2.59 %,95,133700
315,6337,東証JQS,(株)テセック,01/19,2099,2.59 %,53,41300
316,9909,東証JQS,愛光電気(株),01/19,1586,2.59 %,40,400
317,1820,東証1部,西松建設(株),01/19,3180,2.58 %,80,227700
318,6395,東証1部,(株)タダノ,01/19,2107,2.58 %,53,774000
319,8020,東証1部,兼松(株),01/19,1588,2.58 %,40,456100
320,3002,東証1部,グンゼ(株),01/19,6780,2.57 %,170,114900
321,6136,東証1部,ＯＳＧ,01/19,2832,2.57 %,71,407400
322,1968,東証1部,太平電業(株),01/19,2768,2.56 %,69,83700
323,2301,東証1部,(株)学情,01/19,1765,2.56 %,44,73800
324,6157,東証1部,日進工具(株),01/19,2805,2.56 %,70,70500
325,3372,東証2部,(株)関門海,01/19,522,2.55 %,13,156500
326,6776,東証2部,天昇電気工業(株),01/19,402,2.55 %,10,53000
327,9842,東証1部,アークランドサカモト(株),01/19,1893,2.55 %,47,77200
328,8233,東証1部,(株)高島屋,01/19,1170,2.54 %,29,1889000
329,5988,東証1部,(株)パイオラックス,01/19,3440,2.53 %,85,48600
330,6265,東証JQS,(株)妙徳,01/19,611,2.52 %,15,119000
331,6920,東証1部,レーザーテック(株),01/19,4075,2.52 %,100,662400
332,8281,東証1部,ゼビオホールディングス(株),01/19,2280,2.52 %,56,202100
333,8905,東証1部,イオンモール(株),01/19,2358,2.52 %,58,738800
334,1319,東証ETF,日経300株価指数連動型上場投資信託,01/19,367,2.51 %,9,12000
335,4642,東証2部,オリジナル設計(株),01/19,777,2.51 %,19,26300
336,7717,東証1部,(株)ブイ・テクノロジー,01/19,21630,2.51 %,530,362900
337,9384,東証1部,内外トランスライン(株),01/19,2086,2.51 %,51,23100
338,2127,東証1部,(株)日本Ｍ＆Ａセンター,01/19,6140,2.50 %,150,471600
339,3202,東証1部,ダイトウボウ(株),01/19,123,2.50 %,3,1493400
340,3106,東証1部,クラボウ,01/19,371,2.49 %,9,440000
341,3284,東証1部,(株)フージャースホールディングス,01/19,1275,2.49 %,31,253600
342,2196,東証1部,(株)エスクリ,01/19,1074,2.48 %,26,54200
343,6540,東証1部,(株)船場,01/19,1321,2.48 %,32,35800
344,6798,東証1部,ＳＭＫ(株),01/19,620,2.48 %,15,277000
345,1801,東証1部,大成建設(株),01/19,5840,2.46 %,140,919000
346,3852,東証1部,サイバーコム(株),01/19,1335,2.46 %,32,183500
347,6315,東証1部,ＴＯＷＡ(株),01/19,2374,2.46 %,57,378100
348,6513,東証1部,オリジン電気(株),01/19,1875,2.46 %,45,18000
349,9143,東証1部,ＳＧホールディングス(株),01/19,2469,2.45 %,59,1501100
350,9422,東証1部,コネクシオ(株),01/19,2464,2.45 %,59,48800
351,3908,マザーズ,(株)コラボス,01/19,2936,2.44 %,70,2200
352,9075,東証1部,福山通運(株),01/19,4190,2.44 %,100,42900
353,8871,東証1部,(株)ゴールドクレスト,01/19,2400,2.43 %,57,130000
354,6065,東証1部,ライクキッズネクスト(株),01/19,2199,2.42 %,52,30300
355,6194,マザーズ,(株)アトラエ,01/19,10150,2.42 %,240,47400
356,6864,東証JQS,(株)エヌエフ回路設計ブロック,01/19,2721,2.41 %,64,118700
357,9058,東証1部,トランコム(株),01/19,8070,2.41 %,190,23600
358,4743,東証1部,(株)アイティフォー,01/19,940,2.40 %,22,325100
359,6222,東証1部,(株)島精機製作所,01/19,8110,2.40 %,190,71400
360,6748,東証2部,星和電機(株),01/19,515,2.39 %,12,187700
361,4022,東証1部,ラサ工業(株),01/19,2671,2.38 %,62,181600
362,4577,東証1部,ダイト(株),01/19,3440,2.38 %,80,22000
363,9828,東証1部,元気寿司(株),01/19,3445,2.38 %,80,42100
364,5695,東証JQS,パウダーテック(株),01/19,4965,2.37 %,115,6000
365,6844,東証1部,新電元工業(株),01/19,10370,2.37 %,240,59500
366,9692,東証1部,(株)シーイーシー,01/19,3240,2.37 %,75,72500
367,1881,東証1部,(株)ＮＩＰＰＯ,01/19,2647,2.36 %,61,225000
368,5453,東証1部,東洋鋼鈑(株),01/19,477,2.36 %,11,131300
369,6955,東証2部,ＦＤＫ(株),01/19,260,2.36 %,6,1682000
370,6969,東証2部,松尾電機(株),01/19,825,2.36 %,19,26400
371,4549,東証1部,栄研化学(株),01/19,5230,2.35 %,120,92000
372,6590,東証1部,芝浦メカトロニクス(株),01/19,479,2.35 %,11,516000
373,6101,東証1部,(株)ツガミ,01/19,1793,2.34 %,41,1179000
374,9928,東証1部,(株)ミロク情報サービス,01/19,3500,2.34 %,80,178800
375,2264,東証1部,森永乳業(株),01/19,5270,2.33 %,120,150400
376,3538,東証2部,(株)ウイルプラスホールディングス,01/19,1363,2.33 %,31,20200
377,3658,東証1部,(株)イーブックイニシアティブジャパン,01/19,1229,2.33 %,28,6600
378,3675,マザーズ,(株)クロス・マーケティンググループ,01/19,572,2.33 %,13,110700
379,5713,東証1部,住友金属鉱山(株),01/19,5310,2.33 %,121,3637700
380,6503,東証1部,三菱電機(株),01/19,2175.5,2.33 %,49.5,9836000
381,6744,東証1部,能美防災(株),01/19,2068,2.33 %,47,66700
382,7888,東証2部,三光合成(株),01/19,702,2.33 %,16,189100
383,1930,東証1部,北陸電気工事(株),01/19,1146,2.32 %,26,28200
384,3048,東証1部,(株)ビックカメラ,01/19,1675,2.32 %,38,694500
385,7296,東証1部,(株)エフ・シー・シー,01/19,3045,2.32 %,69,144200
386,3183,東証1部,ウイン・パートナーズ(株),01/19,1550,2.31 %,35,42100
387,4343,東証1部,(株)イオンファンタジー,01/19,5310,2.31 %,120,70900
388,6778,東証2部,(株)アルチザネットワークス,01/19,1152,2.31 %,26,116100
389,9990,東証1部,(株)サックスバー　ホールディングス,01/19,1372,2.31 %,31,81900
390,6031,マザーズ,サイジニア(株),01/19,1777,2.30 %,40,1900
391,8002,東証1部,丸紅(株),01/19,861.1,2.30 %,19.4,8275200
392,1443,東証2部,技研ホールディングス(株),01/19,313,2.29 %,7,87400
393,6028,東証1部,テクノプロ・ホールディングス(株),01/19,6290,2.28 %,140,103600
394,6081,マザーズ,アライドアーキテクツ(株),01/19,992,2.27 %,22,90000
395,7781,東証JQS,(株)平山ホールディングス,01/19,1799,2.27 %,40,3700
396,9792,東証1部,(株)ニチイ学館,01/19,1440,2.27 %,32,154200
397,2175,東証1部,(株)エス・エム・エス,01/19,3625,2.26 %,80,255400
398,6440,東証1部,ＪＵＫＩ(株),01/19,1992,2.26 %,44,168100
399,7280,東証1部,(株)ミツバ,01/19,1631,2.26 %,36,120700
400,4970,東証JQS,東洋合成工業(株),01/19,1909,2.25 %,42,74000
401,7199,東証2部,プレミアグループ(株),01/19,3040,2.25 %,67,248700
402,1417,東証1部,(株)ミライト・ホールディングス,01/19,1699,2.23 %,37,371700
403,6796,東証1部,クラリオン(株),01/19,412,2.23 %,9,1156000
404,7581,東証1部,(株)サイゼリヤ,01/19,3210,2.23 %,70,543400
405,7725,東証1部,(株)インターアクション,01/19,1008,2.23 %,22,267700
406,7872,東証1部,Ａｓ−ｍｅエステール(株),01/19,961,2.23 %,21,19000
407,9466,東証1部,(株)アイドママーケティングコミュニケーション,01/19,734,2.23 %,16,47000
408,3708,東証1部,特種東海製紙(株),01/19,4375,2.22 %,95,9300
409,6502,東証2部,(株)東芝,01/19,322,2.22 %,7,56619000
410,4712,東証JQS,(株)ＫｅｙＨｏｌｄｅｒ,01/19,139,2.21 %,3,275000
411,5715,東証1部,古河機械金属(株),01/19,2587,2.21 %,56,189700
412,6432,東証1部,(株)竹内製作所,01/19,2920,2.21 %,63,344300
413,8095,東証1部,イワキ(株),01/19,509,2.21 %,11,169000
414,8934,東証1部,サンフロンティア不動産(株),01/19,1386,2.21 %,30,663000
415,7486,東証JQS,サンリン(株),01/19,700,2.19 %,15,3000
416,9795,東証1部,(株)ステップ,01/19,1913,2.19 %,41,16800
417,1430,東証1部,ファーストコーポレーション(株),01/19,1591,2.18 %,34,76100
418,2163,東証2部,(株)アルトナー,01/19,2058,2.18 %,44,49300
419,3092,東証1部,(株)スタートトゥデイ,01/19,3285,2.18 %,70,1508200
420,3559,マザーズ,(株)ピーバンドットコム,01/19,2677,2.18 %,57,14000
421,5423,東証1部,東京製鐵(株),01/19,984,2.18 %,21,1150100
422,6867,東証JQS,リーダー電子(株),01/19,937,2.18 %,20,46500
423,7752,東証1部,(株)リコー,01/19,1080,2.18 %,23,5341800
424,2538,東証2部,ジャパン・フード＆リカー・アライアンス(株),01/19,47,2.17 %,1,23500000
425,4117,東証2部,川崎化成工業(株),01/19,283,2.17 %,6,95000
426,3426,東証JQS,アトムリビンテック(株),01/19,1185,2.16 %,25,1100
427,6551,マザーズ,(株)ツナグ・ソリューションズ,01/19,1560,2.16 %,33,21500
428,1575,東証ETF,ChinaAMC CSI 300 Index ETF-JDR,01/19,763,2.14 %,16,1630
429,3010,東証2部,価値開発(株),01/19,239,2.14 %,5,20500
430,4187,東証1部,大阪有機化学工業(株),01/19,1770,2.14 %,37,178300
431,4528,東証1部,小野薬品工業(株),01/19,2678,2.14 %,56,2104500
432,5491,東証1部,日本金属(株),01/19,2774,2.14 %,58,35000
433,7164,東証1部,全国保証(株),01/19,5240,2.14 %,110,176700
434,4927,東証1部,(株)ポーラ・オルビスホールディングス,01/19,4315,2.13 %,90,514000
435,6077,東証1部,(株)Ｎ・フィールド,01/19,1581,2.13 %,33,136100
436,3167,東証1部,(株)ＴＯＫＡＩホールディングス,01/19,1012,2.12 %,21,455200
437,3355,東証2部,クリヤマホールディングス(株),01/19,2892,2.12 %,60,14400
438,3975,東証1部,ＡＯＩ　ＴＹＯ　Ｈｏｌｄｉｎｇｓ(株),01/19,1350,2.12 %,28,71600
439,5758,東証JQS,ＦＣＭ(株),01/19,3855,2.12 %,80,500
440,6131,東証2部,浜井産業(株),01/19,193,2.12 %,4,639000
441,8016,東証1部,(株)オンワードホールディングス,01/19,915,2.12 %,19,876500
442,2304,東証JQS,(株)ＣＳＳホールディングス,01/19,435,2.11 %,9,2000
443,7250,東証1部,太平洋工業(株),01/19,1697,2.11 %,35,102400
444,8001,東証1部,伊藤忠商事(株),01/19,2228.5,2.11 %,46,5999000
445,9682,東証1部,(株)ＤＴＳ,01/19,3875,2.11 %,80,67600
446,9962,東証1部,(株)ミスミグループ本社,01/19,3625,2.11 %,75,747700
447,6032,東証1部,(株)インターワークス,01/19,1264,2.10 %,26,61200
448,3131,東証JQS,シンデン・ハイテックス(株),01/19,4145,2.09 %,85,24700
449,6240,東証1部,ヤマシンフィルタ(株),01/19,1467,2.09 %,30,1135400
450,9305,東証1部,(株)ヤマタネ,01/19,2146,2.09 %,44,36100
451,1811,東証1部,(株)錢高組,01/19,6390,2.08 %,130,4900
452,4719,東証1部,(株)アルファシステムズ,01/19,2508,2.08 %,51,8300
453,8624,東証1部,いちよし証券(株),01/19,1472,2.08 %,30,428500
454,2705,東証JQS,(株)大戸屋ホールディングス,01/19,2368,2.07 %,48,38400
455,4100,東証1部,戸田工業(株),01/19,4680,2.07 %,95,74600
456,8085,東証2部,ナラサキ産業(株),01/19,444,2.07 %,9,96000
457,6196,東証1部,(株)ストライク,01/19,6430,2.06 %,130,73700
458,1860,東証1部,戸田建設(株),01/19,898,2.05 %,18,462000
459,9743,東証1部,(株)丹青社,01/19,1242,2.05 %,25,226000
460,6135,東証1部,(株)牧野フライス製作所,01/19,1252,2.04 %,25,878000
461,6918,東証JQS,(株)アバールデータ,01/19,2945,2.04 %,59,167600
462,7521,東証JQS,(株)ムサシ,01/19,2001,2.04 %,40,12600
463,8783,東証JQS,ＧＦＡ(株),01/19,802,2.04 %,16,395100
464,1719,東証1部,安藤ハザマ,01/19,905,2.03 %,18,1159800
465,3264,東証JQS,(株)アスコット,01/19,352,2.03 %,7,358500
466,4344,東証1部,ソースネクスト(株),01/19,1455,2.03 %,29,1167700
467,8125,東証1部,(株)ワキタ,01/19,1359,2.03 %,27,117100
468,2146,東証JQS,ＵＴグループ(株),01/19,3535,2.02 %,70,121800
469,3242,東証JQS,(株)アーバネットコーポレーション,01/19,354,2.02 %,7,572200
470,3563,東証1部,(株)スシローグローバルホールディングス,01/19,4545,2.02 %,90,113600
471,4235,東証JQS,ウルトラファブリックス・ホールディングス(株),01/19,2781,2.02 %,55,31200
472,6633,東証2部,(株)Ｃ＆Ｇシステムズ,01/19,605,2.02 %,12,85600
473,7613,東証1部,シークス(株),01/19,5060,2.02 %,100,82600
474,1852,東証1部,(株)淺沼組,01/19,406,2.01 %,8,263000
475,2607,東証1部,不二製油グループ本社(株),01/19,3295,2.01 %,65,250100
476,3933,東証JQS,チエル(株),01/19,1479,2.00 %,29,7200
477,7984,東証1部,コクヨ(株),01/19,2137,2.00 %,42,270300
478,1871,東証1部,(株)ピーエス三菱,01/19,973,1.99 %,19,181500
479,4299,東証1部,(株)ハイマックス,01/19,1902,1.98 %,37,9500
480,4568,東証1部,第一三共(株),01/19,3303,1.98 %,64,2668600
481,5261,東証1部,リソルホールディングス(株),01/19,4630,1.98 %,90,5000
482,7780,東証1部,(株)メニコン,01/19,3045,1.98 %,59,129000
483,4369,東証JQS,(株)トリケミカル研究所,01/19,4390,1.97 %,85,88100
484,6099,東証1部,(株)エラン,01/19,1501,1.97 %,29,106800
485,6143,東証1部,(株)ソディック,01/19,1550,1.97 %,30,486100
486,7012,東証1部,川崎重工業(株),01/19,4400,1.97 %,85,1145300
487,8118,東証1部,(株)キング,01/19,620,1.97 %,12,18500
488,8630,東証1部,ＳＯＭＰＯホールディングス(株),01/19,4601,1.97 %,89,1174200
489,9262,マザーズ,(株)シルバーライフ,01/19,5180,1.97 %,100,10800
490,3258,東証1部,ユニゾホールディングス(株),01/19,3120,1.96 %,60,174600
491,3474,マザーズ,Ｇ−ＦＡＣＴＯＲＹ(株),01/19,1041,1.96 %,20,17100
492,7891,東証JQS,日本ユピカ(株),01/19,2500,1.96 %,48,9100
493,8769,東証1部,(株)アドバンテッジリスクマネジメント,01/19,1198,1.96 %,23,223300
494,2602,東証1部,日清オイリオグループ(株),01/19,3400,1.95 %,65,60900
495,4987,東証2部,(株)寺岡製作所,01/19,992,1.95 %,19,101900
496,6146,東証1部,(株)ディスコ,01/19,27740,1.95 %,530,250800
497,6516,東証1部,山洋電気(株),01/19,9470,1.94 %,180,89600
498,6719,東証2部,富士通コンポーネント(株),01/19,1208,1.94 %,23,224700
499,7609,東証1部,ダイトロン(株),01/19,2361,1.94 %,45,38700
500,8869,東証1部,明和地所(株),01/19,893,1.94 %,17,65200
