0,33d2b,20180117,1840
1,1483,東証ETF,iシェアーズ JPX/S&P 設備･人材投資ETF,13:42,1653,674,5,128.381
2,3347,東証2部,(株)トラスト,15:00,315,2652300,25780,102.882
3,1347,東証ETF,上場インデックスFTSE日本グリーンチップ35,14:57,6170,820,30,27.333
4,2148,マザーズ,アイティメディア(株),15:00,817,791800,29060,27.247
5,6625,東証JQS,ＪＡＬＣＯホールディングス(株),15:00,110,6088200,300220,20.279
6,3168,東証2部,黒谷(株),15:00,1758,1601200,87560,18.287
7,1642,東証ETF,ダイワ 上場投信･TOPIX-17電機･精密,14:48,21800,18,1,18.000
8,7873,東証1部,(株)アーク,15:00,135,25380900,1428460,17.768
9,7711,東証JQS,助川電気工業(株),15:00,1250,877800,54600,16.077
10,4824,マザーズ,(株)メディアシーク,15:00,709,3096000,231800,13.356
11,1691,東証ETF,ETFS ガソリン上場投資信託,14:16,3215,210,16,12.963
12,4829,東証1部,日本エンタープライズ(株),15:00,241,2075300,160560,12.925
13,1399,東証ETF,上場MSCI日本株高配当低ボラティリティ,14:25,1835,4110,323,12.744
14,5381,東証JQS,Ｍｉｐｏｘ(株),15:00,853,2154700,169460,12.715
15,1897,東証2部,金下建設(株),14:58,749,34000,3000,11.333
16,1682,東証ETF,(NEXT FUNDS)日経･東商取白金指数上場投信,14:59,177,38900,3540,10.989
17,3067,東証1部,(株)東京一番フーズ,15:00,692,119500,11760,10.162
18,1644,東証ETF,ダイワ 上場投信･TOPIX-17電力･ガス,13:03,7380,10,1,10.000
19,3091,東証1部,(株)ブロンコビリー,15:00,3490,552400,55420,9.968
20,6898,東証JQS,トミタ電機(株),15:00,2510,37400,3840,9.740
21,3753,東証2部,(株)フライトホールディングス,15:00,779,890800,92200,9.662
22,6149,東証JQS,(株)小田原エンジニアリング,15:00,3935,628900,71700,8.771
23,1683,東証ETF,One ETF 国内金先物,14:51,4055,260,30,8.667
24,2693,東証JQS,ＹＫＴ(株),15:00,767,10660100,1327720,8.029
25,3202,東証1部,ダイトウボウ(株),15:00,120,6427500,834560,7.702
26,6895,東証2部,ダイヤモンド電機(株),15:00,7740,64300,8660,7.425
27,3187,マザーズ,(株)サンワカンパニー,15:00,344,563000,76260,7.383
28,6325,東証1部,(株)タカキタ,15:00,1110,205500,28260,7.272
29,7260,東証1部,富士機工(株),15:00,739,151300,21840,6.928
30,1548,東証ETF,上場インデックスファンド中国H株,14:52,1485,5540,800,6.925
31,3267,マザーズ,(株)フィル・カンパニー,15:00,5910,2016300,291260,6.923
32,9641,東証JQS,サコス(株),14:56,386,81900,11880,6.894
33,6046,マザーズ,(株)リンクバル,15:00,3035,49200,7400,6.649
34,2049,東証ETF,NEXT NOTES S&P500 VIX インバースETN,15:00,38550,88303,13542,6.521
35,6637,東証JQS,寺崎電気産業(株),15:00,1598,39300,6220,6.318
36,1575,東証ETF,ChinaAMC CSI 300 Index ETF-JDR,14:10,755,2330,378,6.164
37,1931,東証2部,日本電通(株),14:45,3860,1200,200,6.000
38,4833,東証JQG,(株)ぱど,15:00,700,197000,35040,5.622
39,2311,東証JQS,(株)エプコ,15:00,1912,151000,26960,5.601
40,1349,東証ETF,ABF 汎アジア債券インデックス･ファンド,13:34,13150,352,64,5.517
41,1456,東証ETF,ダイワ 上場投信-日経平均インバース,14:45,6840,5311,978,5.430
42,4558,東証JQS,(株)中京医薬品,14:58,297,27400,5140,5.331
43,3953,東証JQS,大村紙業(株),15:00,950,9900,1900,5.211
44,1643,東証ETF,ダイワ 上場投信･TOPIX-17情報･サービス,14:13,22780,63,12,5.108
45,1380,東証JQS,(株)秋川牧園,14:59,689,22600,4440,5.090
46,6080,東証1部,Ｍ＆Ａキャピタルパートナーズ(株),15:00,9270,513200,101660,5.048
47,6864,東証JQS,(株)エヌエフ回路設計ブロック,15:00,2800,1024700,204540,5.010
48,4317,東証JQS,(株)レイ,15:00,940,13021500,2606340,4.996
49,9928,東証1部,(株)ミロク情報サービス,15:00,3280,361600,72720,4.972
50,8298,東証JQS,(株)ファミリー,14:59,457,24100,4960,4.859
51,1578,東証ETF,上場インデックスファンド日経225(ミニ),14:57,1894,606,125,4.856
52,3137,マザーズ,(株)ファンデリー,15:00,1764,82300,17080,4.819
53,4792,東証JQS,山田コンサルティンググループ(株),15:00,3120,201300,41860,4.809
54,1388,東証ETF,UBS ETF 欧州通貨圏小型株(MSCI EMU小型株),09:13,14380,43,9,4.778
55,9444,東証JQS,(株)トーシン,15:00,652,48100,10080,4.772
56,4762,東証1部,(株)エックスネット,15:00,913,35400,7480,4.733
57,3437,東証JQS,特殊電極(株),15:00,4945,12300,2600,4.731
58,1577,東証ETF,(NEXT FUNDS)野村日本株高配当70連動型ETF,14:52,27430,1040,229,4.541
59,9059,東証2部,カンダホールディングス(株),15:00,1260,11500,2560,4.492
60,2176,東証JQS,(株)イナリサーチ,15:00,788,118900,26600,4.470
61,7608,東証1部,(株)エスケイジャパン,15:00,645,3065400,688920,4.450
62,7812,東証JQS,(株)クレステック,15:00,1310,30900,7040,4.389
63,3173,東証1部,大阪工機(株),15:00,1300,54600,12580,4.340
64,3968,東証JQS,セグエグループ(株),15:00,2257,131300,30520,4.302
65,7726,東証2部,黒田精工(株),15:00,2773,344400,80700,4.268
66,7476,東証1部,アズワン(株),15:00,7380,63000,15280,4.123
67,3266,東証JQS,(株)ファンドクリエーショングループ,15:00,157,21947300,5367020,4.089
68,3913,マザーズ,(株)ｓＭｅｄｉｏ,15:00,1665,83600,20460,4.086
69,2435,東証JQS,(株)シダー,15:00,418,327800,81400,4.027
70,1618,東証ETF,(NEXT FUNDS)エネルギー資源上場投信,12:41,16170,571,142,4.027
71,3593,東証1部,(株)ホギメディカル,15:00,8610,195900,48800,4.014
72,7869,東証JQS,日本フォームサービス(株),14:37,280,12000,3000,4.000
73,7922,東証JQS,三光産業(株),14:58,497,49500,12520,3.954
74,9067,東証1部,(株)丸運,15:00,387,149300,38420,3.886
75,4288,東証JQS,(株)アズジェント,15:00,2814,132300,34120,3.877
76,2776,東証JQS,新都ホールディングス(株),15:00,159,1892800,489460,3.867
77,5921,東証2部,川岸工業(株),15:00,1165,150000,39000,3.846
78,9816,東証JQS,(株)ストライダーズ,15:00,564,327100,86020,3.803
79,4593,マザーズ,(株)ヘリオス,15:00,2048,978200,261960,3.734
80,2044,東証ETF,NEXT NOTES S&P500 配当貴族(NR)ETN,14:38,12990,1869,501,3.728
81,7638,東証JQS,(株)ＮＥＷ　ＡＲＴ,15:00,30,17545700,4723420,3.715
82,5966,東証2部,ＫＴＣ(株),15:00,2075,2500,680,3.676
83,3682,マザーズ,エンカレッジ・テクノロジ(株),15:00,1945,21700,5940,3.653
84,5122,東証1部,オカモト(株),15:00,1220,773000,213600,3.619
85,9904,東証2部,(株)ベリテ,15:00,335,881500,245080,3.597
86,5918,東証2部,瀧上工業(株),14:59,5910,4100,1140,3.596
87,9449,東証1部,ＧＭＯインターネット(株),15:00,1954,5131200,1438560,3.567
88,1481,東証ETF,上場インデックスファンド日本経済貢献株,12:30,1654,224,63,3.556
89,2930,東証1部,(株)北の達人コーポレーション,15:00,2045,7357600,2080120,3.537
90,9539,東証2部,京葉瓦斯(株),14:59,605,15000,4250,3.529
91,7597,東証JQS,東京貴宝(株),09:08,3060,700,200,3.500
92,1552,東証ETF,国際のETF VIX短期先物指数,15:00,9480,101707,29281,3.473
93,1639,東証ETF,ダイワ 上場投信･TOPIX-17自動車･輸送機,09:00,25470,19,6,3.455
94,9428,東証1部,(株)クロップス,15:00,1091,39000,11380,3.427
95,6769,東証JQS,ザインエレクトロニクス(株),15:00,1295,151000,44540,3.390
96,2884,東証1部,(株)ヨシムラ・フード・ホールディングス,15:00,8870,685600,203260,3.373
97,1305,東証ETF,ダイワ 上場投信-トピックス,15:00,1975,310950,92212,3.372
98,9376,東証JQS,(株)ユーラシア旅行社,15:00,625,16900,5020,3.367
99,2139,東証1部,(株)中広,15:00,772,7200,2140,3.364
100,1656,東証ETF,iシェアーズ･コア　米国債7-10年 ETF,15:00,2441,5296,1581,3.350
101,1574,東証ETF,MAXISトピックスリスクコントロール(10%),14:47,1810,100,30,3.333
102,7559,東証JQS,ジーエフシー(株),15:00,1477,18600,5640,3.298
103,6333,東証1部,(株)帝国電機製作所,15:00,1642,165300,50240,3.290
104,8715,東証1部,アニコム　ホールディングス(株),15:00,3790,208900,63920,3.268
105,1764,東証2部,工藤建設(株),14:57,2395,1300,400,3.250
106,1773,東証1部外国,ＹＴＬ,14:54,43,90000,28200,3.191
107,7501,東証JQS,(株)ティムコ,14:58,614,10400,3260,3.190
108,3965,東証JQS,(株)キャピタル・アセット・プランニング,15:00,4030,83600,26220,3.188
109,6035,東証2部,(株)アイ・アールジャパンホールディングス,15:00,2370,97400,30580,3.185
110,4365,東証JQS,松本油脂製薬(株),13:42,12600,1400,450,3.111
111,9055,東証2部,(株)アルプス物流,15:00,927,36300,11700,3.103
112,8963,東証,インヴィンシブル投資法人,15:00,50400,51139,16595,3.082
113,8545,東証1部,(株)関西アーバン銀行,15:00,1462,198200,64500,3.073
114,4963,東証1部,星光ＰＭＣ(株),15:00,1349,2288200,749360,3.054
115,3561,マザーズ,(株)力の源ホールディングス,15:00,2180,718800,235940,3.047
116,5423,東証1部,東京製鐵(株),15:00,962,2989800,981560,3.046
117,6553,マザーズ,ソウルドアウト(株),15:00,3225,229200,75480,3.037
118,8088,東証1部,岩谷産業(株),15:00,3920,568400,187960,3.024
119,3646,マザーズ,(株)駅探,15:00,814,15300,5060,3.024
120,1641,東証ETF,ダイワ 上場投信･TOPIX-17機械,09:00,45250,5,2,3.000
121,1698,東証ETF,上場インデックスファンド日本高配当,12:38,1997,2340,786,2.977
122,8135,東証2部,ゼット(株),15:00,285,523500,176000,2.974
123,9049,東証2部,京福電気鉄道(株),15:00,2881,2000,680,2.941
124,4409,東証2部,東邦化学工業(株),14:52,710,59000,20200,2.921
125,5212,東証JQS,不二硝子(株),15:00,630,13000,4480,2.902
126,7525,東証1部,リックス(株),15:00,1925,16500,5720,2.885
127,6315,東証1部,ＴＯＷＡ(株),15:00,2195,516900,179720,2.876
128,6960,東証JQS,フクダ電子(株),15:00,8170,15000,5220,2.874
129,6866,東証1部,ＨＩＯＫＩ(株),15:00,3025,61100,21300,2.869
130,8118,東証1部,(株)キング,15:00,618,57200,19960,2.866
131,9647,東証JQS,(株)協和コンサルタンツ,14:57,2364,6000,2100,2.857
132,4662,東証1部,(株)フォーカスシステムズ,15:00,944,398800,140740,2.834
133,3726,東証2部,(株)フォーシーズホールディングス,15:00,499,34100,12060,2.828
134,9979,東証1部,(株)大庄,15:00,1749,55000,19560,2.812
135,7244,東証1部,市光工業(株),15:00,1018,937100,337340,2.778
136,5410,東証1部,合同製鐵(株),15:00,2254,285600,103060,2.771
137,2127,東証1部,(株)日本Ｍ＆Ａセンター,15:00,5970,1155700,418600,2.761
138,4734,東証JQS,(株)ビーイング,14:17,465,16100,5840,2.757
139,8869,東証1部,明和地所(株),15:00,871,157800,57340,2.752
140,4929,東証1部,(株)アジュバンコスメジャパン,15:00,1247,71400,26040,2.742
141,2533,東証1部,オエノンホールディングス(株),15:00,359,350000,128320,2.728
142,6627,マザーズ,(株)テラプローブ,15:00,1277,217300,79820,2.722
143,2804,東証2部,ブルドックソース(株),14:56,2258,8100,3000,2.700
144,3908,マザーズ,(株)コラボス,15:00,2835,14300,5300,2.698
145,8137,東証1部,サンワテクノス(株),15:00,2509,140500,52400,2.681
146,6058,東証1部,(株)ベクトル,15:00,2173,2031600,759020,2.677
147,7480,東証1部,スズデン(株),15:00,1717,23800,9040,2.633
148,4082,東証2部,第一稀元素化学工業(株),15:00,1538,244700,92980,2.632
149,3652,マザーズ,(株)ディジタルメディアプロフェッショナル,15:00,13400,564000,215520,2.617
150,9932,東証1部,杉本商事(株),15:00,1942,25200,9640,2.614
151,2032,東証ETF,NEXT NOTES 香港ハンセン･ベアETN,15:00,6070,370,142,2.613
152,6709,東証2部,明星電気(株),15:00,105,995000,380800,2.613
153,1547,東証ETF,上場インデックスファンド米国株式(S&P500),15:00,3290,24600,9470,2.598
154,7913,東証1部,図書印刷(株),15:00,1044,34000,13120,2.591
155,6912,東証JQS,菊水電子工業(株),15:00,1445,564600,218460,2.584
156,3583,東証2部,オーベクス(株),15:00,1044,9300,3600,2.583
157,9675,東証1部,常磐興産(株),15:00,1869,24000,9320,2.575
158,6030,マザーズ,(株)アドベンチャー,15:00,13970,22600,8780,2.574
159,3183,東証1部,ウイン・パートナーズ(株),15:00,1549,69400,27060,2.565
160,6786,東証2部,(株)ＲＶＨ,15:00,590,259700,101520,2.558
161,2047,東証ETF,NEXT NOTES インドNifty・ベア ETN,13:21,7840,35,14,2.545
162,6467,東証JQS,(株)ニチダイ,15:00,803,152200,59960,2.538
163,6029,東証1部,アトラ(株),15:00,692,29100,11520,2.526
164,1853,東証2部,(株)森組,15:00,581,1972500,781680,2.523
165,3417,東証JQS,大木ヘルスケアホールディングス(株),15:00,2380,58200,23100,2.519
166,8842,東証1部,(株)東京楽天地,15:00,6030,17700,7060,2.507
167,1649,東証ETF,ダイワ 上場投信･TOPIX-17金融(除く銀行),09:12,14980,10,4,2.500
168,9179,東証2部,川崎近海汽船(株),14:57,4005,12800,5120,2.500
169,5956,東証2部,トーソー(株),15:00,700,63600,25480,2.496
170,2513,東証ETF,(NEXT FUNDS)外国株式･MSCI-KOKUSAI(H無),13:24,1048,3260,1308,2.492
171,3319,東証1部,(株)ゴルフダイジェスト・オンライン,15:00,1044,138200,55580,2.487
172,6762,東証1部,ＴＤＫ(株),15:00,10290,2428300,980840,2.476
173,8976,東証,大和証券オフィス投資法人,15:00,605000,2029,822,2.468
174,8142,東証1部,(株)トーホー,15:00,2812,53200,21560,2.468
175,9637,東証2部,オーエス(株),14:36,3555,3600,1460,2.466
176,6622,東証1部,(株)ダイヘン,15:00,1110,1043000,423400,2.463
177,5758,東証JQS,ＦＣＭ(株),14:01,3870,1600,650,2.462
178,6200,東証1部,(株)インソース,15:00,4225,195600,79720,2.454
179,3598,東証2部,山喜(株),15:00,277,87500,35680,2.452
180,6944,東証JQS,(株)アイレックス,15:00,240,239000,98000,2.439
181,3773,マザーズ,(株)アドバンスト・メディア,15:00,1750,987600,405700,2.434
182,5279,東証JQS,日本興業(株),15:00,1298,60300,24800,2.431
183,3350,東証JQS,(株)レッド・プラネット・ジャパン,15:00,35,14902500,6145240,2.425
184,5987,東証JQS,(株)オーネックス,15:00,2565,40100,16600,2.416
185,9989,東証1部,(株)サンドラッグ,15:00,4820,871200,361380,2.411
186,1345,東証ETF,上場インデックスファンドJリート隔月分配,15:00,1739,79200,32920,2.406
187,2484,東証JQS,夢の街創造委員会(株),15:00,2280,282000,117420,2.402
188,1390,東証ETF,UBS ETF MSCIアジア太平洋株(除く日本),14:25,5530,192,81,2.376
189,4736,東証JQS,日本ラッド(株),15:00,1243,349600,147300,2.373
190,9057,東証JQS,遠州トラック(株),15:00,1585,9100,3840,2.370
191,3375,東証JQS,(株)ＺＯＡ,14:52,904,1800,760,2.368
192,3040,東証1部,(株)ソリトンシステムズ,15:00,1850,455800,192480,2.368
193,6026,マザーズ,ＧＭＯ　ＴＥＣＨ(株),15:00,3380,15000,6360,2.358
194,1629,東証ETF,(NEXT FUNDS)商社･卸売上場投信,14:48,36200,69,29,2.352
195,3113,東証2部,Ｏａｋ　キャピタル(株),15:00,301,1380000,587720,2.348
196,4238,東証1部,ミライアル(株),15:00,2178,190900,81400,2.345
197,5121,東証1部,藤倉ゴム工業(株),15:00,947,244100,104220,2.342
198,1573,東証ETF,中国H株ベア上場投信,14:20,7250,1100,470,2.340
199,6737,東証1部,ＥＩＺＯ(株),15:00,5750,253900,108540,2.339
200,2180,東証JQG,(株)サニーサイドアップ,15:00,904,29000,12400,2.339
201,6328,東証1部,荏原実業(株),15:00,1900,33400,14320,2.332
202,2309,東証1部,シミックホールディングス(株),15:00,2206,112600,48360,2.328
203,9768,東証1部,いであ(株),15:00,1167,14500,6240,2.324
204,2818,東証1部,(株)ピエトロ,15:00,1671,8400,3620,2.320
205,9046,東証1部,神戸電鉄(株),15:00,4005,9000,3880,2.320
206,3479,マザーズ,(株)ティーケーピー,15:00,3825,583200,251800,2.316
207,4331,東証1部,(株)テイクアンドギヴ・ニーズ,15:00,1055,308300,133600,2.308
208,1352,東証1部,(株)ホウスイ,15:00,1196,5600,2440,2.295
209,3221,東証1部,(株)ヨシックス,15:00,3390,262100,114280,2.293
210,2692,東証1部,伊藤忠食品(株),15:00,6490,9700,4240,2.288
211,1813,東証1部,(株)不動テトラ,15:00,188,1912000,836240,2.286
212,6492,東証2部,岡野バルブ製造(株),14:09,2855,3700,1620,2.284
213,7425,東証JQS,初穂商事(株),14:59,4895,5800,2540,2.283
214,9661,東証2部,(株)歌舞伎座,14:40,5930,4700,2060,2.282
215,8529,東証1部,(株)第三銀行,15:00,1806,31900,14020,2.275
216,3848,東証JQS,(株)データ・アプリケーション,14:52,1950,8300,3660,2.268
217,8038,東証1部,東都水産(株),15:00,2063,7300,3220,2.267
218,7296,東証1部,(株)エフ・シー・シー,15:00,3005,189500,83760,2.262
219,6930,東証JQS,日本アンテナ(株),14:52,720,14000,6200,2.258
220,6037,東証1部,(株)ファーストロジック,15:00,981,170400,75500,2.257
221,2874,東証1部,ヨコレイ,15:00,1152,379900,168460,2.255
222,6853,東証1部,(株)共和電業,15:00,466,77600,34640,2.240
223,3634,マザーズ,(株)ソケッツ,15:00,1325,8600,3840,2.240
224,3577,東証1部,東海染工(株),15:00,1500,15700,7020,2.236
225,9857,東証2部,英和(株),15:00,994,19900,8920,2.231
226,7214,東証1部,ＧＭＢ(株),15:00,2169,65900,29560,2.229
227,2266,東証1部,六甲バター(株),15:00,2859,52600,23620,2.227
228,3967,マザーズ,(株)エルテス,15:00,2893,579300,260520,2.224
229,1841,東証JQS,サンユー建設(株),14:44,1176,3200,1440,2.222
230,2415,東証JQS,ヒューマンホールディングス(株),15:00,1942,22700,10220,2.221
231,7292,東証2部,(株)村上開明堂,15:00,3525,12500,5660,2.208
232,3372,東証2部,(株)関門海,15:00,522,362700,164260,2.208
233,6185,マザーズ,ソネット・メディア・ネットワークス(株),14:58,3325,21700,9840,2.205
234,6669,東証JQS,シーシーエス(株),15:00,4075,74200,33660,2.204
235,6217,東証1部,津田駒工業(株),15:00,252,2151000,977600,2.200
236,3275,東証JQS,ハウスコム(株),15:00,3840,18300,8320,2.200
237,8439,東証1部,東京センチュリー(株),15:00,5920,194200,88360,2.198
238,8927,東証JQS,(株)明豊エンタープライズ,15:00,408,1635300,744940,2.195
239,3232,東証1部,三重交通グループホールディングス(株),15:00,491,148600,67820,2.191
240,7856,東証1部,萩原工業(株),15:00,1978,100400,45880,2.188
241,9882,東証1部,(株)イエローハット,15:00,3345,53700,24560,2.186
242,7192,東証2部,日本モーゲージサービス(株),15:00,2670,38900,17800,2.185
243,9899,東証2部,(株)ジョリーパスタ,14:48,1652,7200,3300,2.182
244,1722,東証1部,ミサワホーム(株),15:00,984,109400,50180,2.180
245,8806,東証1部,ダイビル(株),15:00,1400,310900,142760,2.178
246,3989,マザーズ,シェアリングテクノロジー(株),15:00,3770,207900,95480,2.177
247,6484,東証JQS,(株)ＫＶＫ,14:57,1725,6700,3080,2.175
248,1557,東証ETF,SPDR S&P500  ETF,15:00,30850,2905,1337,2.173
249,8226,東証2部,(株)理経,15:00,226,862400,397440,2.170
250,3001,東証1部,片倉工業(株),15:00,1733,91300,42100,2.169
251,2721,東証JQS,(株)ジェイホールディングス,15:00,893,26500,12220,2.169
252,6180,マザーズ,ＧＭＯメディア(株),15:00,2971,8100,3740,2.166
253,3541,マザーズ,(株)農業総合研究所,15:00,2205,21900,10120,2.164
254,6433,東証JQS,ヒーハイスト精工(株),15:00,843,889200,411420,2.161
255,2479,東証JQG,(株)ジェイテック,15:00,221,106800,49420,2.161
256,5010,東証2部,日本精蝋(株),15:00,394,67200,31140,2.158
257,4748,東証JQS,(株)構造計画研究所,14:58,2275,23900,11080,2.157
258,3161,東証2部,アゼアス(株),15:00,694,333900,155260,2.151
259,6823,東証1部,リオン(株),15:00,2437,71000,33020,2.150
260,4595,東証JQS,(株)ミズホメディー,15:00,4465,58800,27440,2.143
261,2656,東証JQS,(株)ベクター,15:00,484,109900,51380,2.139
262,5331,東証1部,(株)ノリタケカンパニーリミテド,15:00,5960,92400,43200,2.139
263,9691,東証JQS,(株)両毛システムズ,14:59,1519,9600,4500,2.133
264,2291,東証2部,福留ハム(株),14:49,2494,2900,1360,2.132
265,2268,東証JQS,Ｂ−Ｒ　サーティワン　アイスクリーム(株),14:59,4050,2000,940,2.128
266,3035,東証JQS,ケイティケイ(株),15:00,441,99200,46680,2.125
267,3685,マザーズ,(株)みんなのウェディング,15:00,824,28900,13600,2.125
268,2208,東証2部,(株)ブルボン,15:00,3060,27200,12820,2.122
269,1898,東証1部,世紀東急工業(株),15:00,643,434800,205060,2.120
270,7462,東証JQS,ダイヤ通商(株),13:53,916,4600,2180,2.110
271,3933,東証JQS,チエル(株),15:00,1443,29700,14080,2.109
272,4962,東証2部,互応化学工業(株),14:58,1600,8500,4040,2.104
273,6861,東証1部,(株)キーエンス,15:00,71060,573600,273400,2.098
274,4092,東証1部,日本化学工業(株),15:00,2690,151600,72360,2.095
275,2483,東証JQS,(株)翻訳センター,15:00,4310,6500,3120,2.083
276,2216,東証2部,カンロ(株),13:06,3235,1200,580,2.069
277,6416,東証JQS,桂川電機(株),15:00,189,50000,24200,2.066
278,4709,東証1部,(株)インフォメーション・ディベロプメント,15:00,1351,34600,16760,2.064
279,8940,東証1部,(株)インテリックス,15:00,1195,108200,52560,2.059
280,3696,東証1部,(株)セレス,15:00,2044,1434600,697960,2.055
281,3779,東証JQS,ジェイ・エスコム　ホールディングス(株),15:00,159,508700,247740,2.053
282,6158,東証JQS,(株)和井田製作所,15:00,918,84800,41400,2.048
283,7717,東証1部,(株)ブイ・テクノロジー,15:00,21150,495700,242080,2.048
284,6920,東証1部,レーザーテック(株),15:00,3945,1184300,580920,2.039
285,8563,東証1部,(株)大東銀行,15:00,1665,18500,9080,2.037
286,4119,東証2部,日本ピグメント(株),15:00,3885,13600,6700,2.030
287,9377,東証JQS,(株)エージーピー,15:00,999,18900,9320,2.028
288,6490,東証1部,日本ピラー工業(株),15:00,1930,203400,100380,2.026
289,2040,東証ETF,NEXT NOTES NYダウ･ダブル･ブル･ドルヘッジ ETN,15:00,24420,5850,2889,2.025
290,8732,東証1部,(株)マネーパートナーズグループ,15:00,416,476100,235200,2.024
291,6218,東証1部,エンシュウ(株),15:00,190,11289000,5585600,2.021
292,9696,東証JQS,(株)ウィザス,14:57,438,26500,13120,2.020
293,3835,東証1部,ｅＢＡＳＥ(株),15:00,1417,66000,32680,2.020
294,2901,東証JQS,石垣食品(株),15:00,158,104100,51560,2.019
295,1757,東証2部,クレアホールディングス(株),15:00,27,3363600,1674080,2.009
296,3546,東証1部,ダイユー・リックホールディングス(株),15:00,1491,183800,91820,2.002
297,8215,東証JQS,(株)銀座山形屋,14:12,1824,1200,600,2.000
298,7282,東証1部,豊田合成(株),15:00,3010,421600,210940,1.999
299,7255,東証JQS,(株)桜井製作所,14:42,624,8500,4260,1.995
300,1343,東証ETF,(NEXT FUNDS)東証REIT指数連動型上場投信,15:00,1844,231180,115976,1.993
301,7018,東証2部,内海造船(株),14:38,1720,3700,1860,1.989
302,1716,東証1部,第一カッター興業(株),15:00,1960,43500,21900,1.986
303,5261,東証1部,リソルホールディングス(株),15:00,4500,8700,4380,1.986
304,6969,東証2部,松尾電機(株),15:00,812,27900,14080,1.982
305,3071,マザーズ,(株)ストリーム,15:00,116,529800,267740,1.979
306,5997,東証JQS,協立エアテック(株),14:57,774,8900,4500,1.978
307,7722,東証JQS,国際計測器(株),14:56,1101,15600,7920,1.970
308,4327,東証JQS,日本エス・エイチ・エル(株),15:00,2326,17000,8680,1.959
309,9267,東証1部,Ｇｅｎｋｙ　ＤｒｕｇＳｔｏｒｅｓ(株),15:00,3690,162000,82740,1.958
310,2003,東証1部,日東富士製粉(株),15:00,5040,2700,1380,1.957
311,7731,東証1部,(株)ニコン,15:00,2204,3396600,1737920,1.954
312,9632,東証1部,スバル興業(株),15:00,7590,11100,5680,1.954
313,3150,東証JQS,(株)グリムス,15:00,1765,24700,12640,1.954
314,8119,東証JQS,(株)三栄コーポレーション,15:00,4230,3400,1740,1.954
315,3172,東証1部,ティーライフ(株),15:00,1355,15900,8140,1.953
316,6482,東証1部,(株)ユーシン精機,15:00,3650,84000,43020,1.953
317,6989,東証1部,北陸電気工業(株),15:00,1801,30200,15540,1.943
318,3686,東証1部,(株)ディー・エル・イー,15:00,442,584000,300820,1.941
319,1314,東証ETF,上場インデックスファンドS&P日本新興株100,12:49,1660,1100,567,1.941
320,1850,東証2部,南海辰村建設(株),15:00,75,12272000,6323200,1.941
321,8089,東証1部,すてきナイスグループ(株),15:00,1555,12300,6360,1.934
322,3907,マザーズ,シリコンスタジオ(株),15:00,2480,79800,41320,1.931
323,2780,東証2部,(株)コメ兵,15:00,2046,195000,101180,1.927
324,6101,東証1部,(株)ツガミ,15:00,1774,2080000,1081600,1.923
325,4008,東証1部,住友精化(株),15:00,6030,45600,23720,1.922
326,9707,東証JQS,(株)ユニマット　リタイアメント・コミュニティ,15:00,1806,62900,32720,1.922
327,9087,東証JQS,タカセ(株),14:53,2010,1200,625,1.920
328,5964,東証2部,東洋刃物(株),14:45,1021,2800,1460,1.918
329,6146,東証1部,(株)ディスコ,15:00,27010,392100,204460,1.918
330,7466,東証1部,ＳＰＫ(株),15:00,3260,4600,2400,1.917
331,3810,東証2部,サイバーステップ(株),15:00,3400,1418700,740740,1.915
332,3360,東証1部,シップヘルスケアホールディングス(株),15:00,3655,220800,115400,1.913
333,7297,東証JQS,(株)カーメイト,15:00,1526,145100,75840,1.913
334,3103,東証1部,ユニチカ(株),15:00,810,903800,472660,1.912
335,7157,マザーズ,ライフネット生命保険(株),15:00,396,140600,73620,1.910
336,2344,東証JQS,平安レイサービス(株),15:00,1010,19200,10060,1.909
337,1965,東証2部,(株)テクノ菱和,15:00,859,15900,8340,1.906
338,7867,東証1部,(株)タカラトミー,15:00,1626,1237500,649420,1.906
339,2004,東証1部,昭和産業(株),15:00,2868,36800,19340,1.903
340,7865,東証JQS,ピープル(株),15:00,1853,83700,44080,1.899
341,3471,東証,三井不動産ロジスティクスパーク投資法人,15:00,368000,1269,669,1.896
342,8964,東証,フロンティア不動産投資法人,15:00,462000,1976,1044,1.892
343,5906,東証JQS,エムケー精工(株),15:00,562,182800,97000,1.885
344,6249,東証JQS,(株)ゲームカード・ジョイコホールディングス,14:58,1482,14800,7860,1.883
345,6834,東証JQS,(株)精工技研,14:48,1878,6400,3400,1.882
346,2487,東証1部,(株)ＣＤＧ,15:00,1880,3800,2020,1.881
347,6293,東証1部,日精樹脂工業(株),15:00,1734,112000,59600,1.879
348,2722,東証JQS,(株)アイケイ,15:00,3905,267500,142580,1.876
349,3125,東証2部,新内外綿(株),12:40,1054,2400,1280,1.875
350,4336,東証JQS,(株)クリエアナブキ,14:40,695,2100,1120,1.875
351,5912,東証1部,ＯＳＪＢホールディングス(株),15:00,319,1684100,899060,1.873
352,5387,東証JQS,チヨダウーテ(株),14:19,500,5200,2780,1.871
353,9967,東証2部,堺商事(株),15:00,1715,2800,1500,1.867
354,1956,東証1部,ＮＤＳ(株),15:00,4080,7800,4180,1.866
355,3451,東証,トーセイ・リート投資法人,15:00,111500,2458,1318,1.865
356,4775,東証1部,総合メディカル(株),15:00,5920,38500,20680,1.862
357,4538,東証1部,扶桑薬品工業(株),15:00,2904,8300,4460,1.861
358,3287,東証,星野リゾート・リート投資法人,15:00,571000,1030,555,1.857
359,5949,東証1部,ユニプレス(株),15:00,3035,229100,123760,1.851
360,6664,東証JQS,(株)オプトエレクトロニクス,15:00,647,60000,32440,1.850
361,6859,東証1部,エスペック(株),15:00,2928,174900,94960,1.842
362,6294,東証1部,オカダアイヨン(株),15:00,2122,79100,43080,1.836
363,6032,東証1部,(株)インターワークス,15:00,1218,30800,16800,1.833
364,3964,東証1部,(株)オークネット,15:00,1483,23300,12740,1.829
365,2471,東証JQS,(株)エスプール,15:00,3780,142000,77660,1.828
366,3323,東証JQS,レカム(株),15:00,313,52417300,28667620,1.828
367,6777,東証JQS,ｓａｎｔｅｃ(株),15:00,1499,146800,80300,1.828
368,9008,東証1部,京王電鉄(株),15:00,5170,303800,166640,1.823
369,4972,東証JQS,綜研化学(株),15:00,2315,15600,8560,1.822
370,7456,東証1部,松田産業(株),15:00,2063,43500,23880,1.822
371,3385,東証1部,(株)薬王堂,15:00,3175,553200,303880,1.820
372,8877,東証1部,日本エスリード(株),15:00,2490,35700,19640,1.818
373,4093,東証1部,東邦アセチレン(株),15:00,1613,6100,3360,1.815
374,1546,東証ETF,(NEXT FUNDS)ダウ･ジョーンズ工業株30種,15:00,28410,3331,1840,1.811
375,7727,東証1部,(株)オーバル,15:00,317,419200,231560,1.810
376,3199,東証1部,綿半ホールディングス(株),15:00,4045,59700,33000,1.809
377,7826,東証JQS,(株)フルヤ金属,15:00,4405,19700,10900,1.807
378,7905,東証1部,大建工業(株),15:00,2940,25300,14000,1.807
379,7521,東証JQS,(株)ムサシ,14:58,1951,10300,5700,1.807
380,2221,東証JQS,岩塚製菓(株),12:35,5360,1300,720,1.806
381,7827,東証JQS,(株)オービス,15:00,1155,19100,10580,1.805
382,1592,東証ETF,上場インデックス JPX日経インデックス400,14:58,1529,8798,4884,1.802
383,1657,東証ETF,iシェアーズ･コア MSCI 先進国株(除く日本)ETF,14:58,2192,9231,5127,1.800
384,8291,東証1部,日産東京販売ホールディングス(株),15:00,408,52600,29220,1.800
385,6698,東証JQS,ヴィスコ・テクノロジーズ(株),15:00,37750,234700,130600,1.797
386,5358,東証1部,イソライト工業(株),15:00,1231,842700,469060,1.797
387,2590,東証1部,ダイドーグループホールディングス(株),15:00,5850,274700,153100,1.794
388,3283,東証,日本プロロジスリート投資法人,15:00,243100,10037,5600,1.792
389,6373,東証1部,大同工業(株),15:00,1794,16300,9100,1.791
390,6954,東証1部,ファナック(株),15:00,32300,2416200,1350620,1.789
391,6787,東証JQS,(株)メイコー,15:00,2069,856700,478980,1.789
392,2674,東証1部,(株)ハードオフコーポレーション,15:00,1255,26500,14840,1.786
393,8960,東証,ユナイテッド・アーバン投資法人,15:00,169700,14858,8325,1.785
394,3769,東証1部,ＧＭＯペイメントゲートウェイ(株),15:00,10000,281700,157840,1.785
395,2043,東証ETF,NEXT NOTES STOXX アセアン好配当50(円、NR)ETN,12:30,14340,292,164,1.784
396,1658,東証ETF,iシェアーズ･コア MSCI 新興国株 ETF,14:59,2265,11205,6282,1.784
397,3209,東証2部,カネヨウ(株),15:00,172,440000,246800,1.783
398,5741,東証1部,(株)ＵＡＣＪ,15:00,2905,681500,382540,1.782
399,6503,東証1部,三菱電機(株),15:00,2096,9589300,5385120,1.781
400,2150,マザーズ,(株)ケアネット,15:00,1320,282900,158940,1.780
401,6584,東証1部,三桜工業(株),15:00,891,145300,81700,1.778
402,9872,東証2部,北恵(株),15:00,878,49500,27860,1.777
403,2812,東証1部,焼津水産化学工業(株),15:00,1242,8800,4960,1.774
404,6800,東証1部,(株)ヨコオ,15:00,1687,130300,73540,1.772
405,6092,マザーズ,(株)エンバイオ・ホールディングス,15:00,2422,1056500,596580,1.771
406,3294,東証1部,(株)イーグランド,15:00,1400,48700,27500,1.771
407,8967,東証,日本ロジスティクスファンド投資法人,15:00,213900,4239,2396,1.769
408,7247,東証1部,(株)ミクニ,15:00,741,400700,226640,1.768
409,6946,東証2部,日本アビオニクス(株),14:59,2580,15200,8600,1.767
410,5011,東証1部,ニチレキ(株),15:00,1365,96300,54500,1.767
411,2698,東証1部,(株)キャンドゥ,15:00,1798,129300,73200,1.766
412,7780,東証1部,(株)メニコン,15:00,3050,127400,72160,1.766
413,1712,東証1部,(株)ダイセキ環境ソリューション,15:00,1360,70200,39780,1.765
414,5658,東証1部,日亜鋼業(株),15:00,358,60400,34260,1.763
415,3988,東証JQS,(株)ＳＹＳホールディングス,14:58,3450,6900,3920,1.760
416,2676,東証1部,高千穂交易(株),15:00,1205,18300,10400,1.760
417,1766,東証1部,東建コーポレーション(株),15:00,13740,70300,40040,1.756
418,2341,東証JQS,(株)アルバイトタイムス,15:00,258,110600,63000,1.756
419,3858,東証JQS,(株)ユビキタス,15:00,1282,608700,347820,1.750
420,9849,東証JQS,(株)共同紙販ホールディングス,14:16,448,7000,4000,1.750
421,3538,東証2部,(株)ウイルプラスホールディングス,15:00,1348,31800,18180,1.749
422,9385,東証JQG,(株)ショーエイコーポレーション,15:00,944,78300,44860,1.745
423,1322,東証ETF,上場インデックスファンド中国A株CSI300,14:40,6180,1490,854,1.745
424,9878,東証2部,(株)セキド,15:00,97,413000,236800,1.744
425,5947,東証1部,リンナイ(株),15:00,10220,144200,82680,1.744
426,9995,東証1部,(株)ルネサスイーストン,15:00,749,95800,54940,1.744
427,8044,東証2部,大都魚類(株),14:14,1261,3800,2180,1.743
428,9780,東証JQS,(株)ハリマビステム,14:33,2675,2300,1320,1.742
429,4506,東証1部,大日本住友製薬(株),15:00,1617,2197300,1261560,1.742
430,8154,東証1部,加賀電子(株),15:00,3005,82900,47640,1.740
431,6273,東証1部,ＳＭＣ(株),15:00,54800,404300,232340,1.740
432,8144,東証2部,(株)電響社,12:34,1586,6600,3800,1.737
433,3464,東証2部,プロパティエージェント(株),14:56,1694,26900,15520,1.733
434,4917,東証1部,(株)マンダム,15:00,3785,131000,75600,1.733
435,6507,東証1部,シンフォニアテクノロジー(株),15:00,485,2464000,1425200,1.729
436,6848,東証1部,東亜ディーケーケー(株),15:00,1147,49700,28780,1.727
437,7552,東証1部,(株)ハピネット,15:00,2110,165000,95560,1.727
438,8473,東証1部,ＳＢＩホールディングス(株),15:00,2470,11706400,6784980,1.725
439,4832,東証2部,ＪＦＥシステムズ(株),14:59,2445,5900,3420,1.725
440,9418,東証1部,(株)ＵＳＥＮ−ＮＥＸＴ　ＨＯＬＤＩＮＧＳ,15:00,1020,63400,36760,1.725
441,3023,東証1部,ラサ商事(株),15:00,999,65100,37780,1.723
442,7987,東証1部,ナカバヤシ(株),15:00,740,32900,19100,1.723
443,1549,東証ETF,上場インデックスファンドNifty50先物,15:00,1505,4400,2556,1.721
444,9853,東証JQS,(株)銀座ルノアール,14:36,996,6400,3720,1.720
445,7956,東証1部,ピジョン(株),15:00,4545,696900,405240,1.720
446,3462,東証,野村不動産マスターファンド投資法人,15:00,148300,17412,10126,1.720
447,4746,東証1部,(株)東計電算,15:00,3220,20800,12100,1.719
448,4624,東証2部,イサム塗料(株),11:14,4055,1100,640,1.719
449,3919,東証1部,パイプドＨＤ(株),15:00,1173,22100,12860,1.719
450,5463,東証1部,丸一鋼管(株),15:00,3305,397000,231220,1.717
451,8191,東証JQS,(株)光製作所,14:54,5490,1200,700,1.714
452,8105,東証2部,堀田丸正(株),15:00,433,234600,136860,1.714
453,9263,東証JQS,(株)ビジョナリーホールディングス,15:00,75,1759000,1026980,1.713
454,1566,東証ETF,上場インデックスファンド新興国債券,15:00,53700,1103,644,1.713
455,6286,東証JQS,靜甲(株),14:59,1002,15000,8760,1.712
456,9740,東証1部,ＣＳＰ,15:00,2863,74400,43520,1.710
457,3321,東証1部,ミタチ産業(株),15:00,2008,131100,76840,1.706
458,6392,東証2部,(株)ヤマダコーポレーション,15:00,3320,16300,9560,1.705
459,9355,東証2部,(株)リンコーコーポレーション,14:58,1726,1500,880,1.705
460,8995,東証2部,(株)誠建設工業,14:57,838,3200,1880,1.702
461,8951,東証,日本ビルファンド投資法人,15:00,587000,6088,3581,1.700
462,4272,東証1部,日本化薬(株),15:00,1692,888800,524760,1.694
463,7635,東証JQS,杉田エース(株),14:01,1137,2100,1240,1.694
464,6292,東証2部,(株)カワタ,15:00,1528,287300,169800,1.692
465,7164,東証1部,全国保証(株),15:00,5100,274100,162000,1.692
466,7590,東証2部,(株)タカショー,15:00,519,174900,103420,1.691
467,4620,東証1部,藤倉化成(株),15:00,751,58400,34560,1.690
468,1493,東証ETF,One ETF JPX日経中小型,09:00,15700,50,30,1.689
469,7283,東証1部,愛三工業(株),15:00,1328,343000,203080,1.689
470,4282,東証1部,ＥＰＳホールディングス(株),15:00,2700,143300,84920,1.687
471,7918,東証1部,(株)ヴィア・ホールディングス,15:00,744,162300,96280,1.686
472,5612,東証1部,日本鋳鉄管(株),15:00,181,178000,105600,1.686
473,7715,東証1部,長野計器(株),15:00,1325,113800,67520,1.685
474,4464,東証2部,(株)ソフト９９コーポレーション,15:00,1472,27200,16140,1.685
475,2046,東証ETF,NEXT NOTES インドNifty･ダブル・ブル ETN,14:44,11240,1437,854,1.683
476,7809,東証JQS,(株)壽屋,15:00,2916,38000,22600,1.681
477,7721,東証1部,東京計器(株),15:00,1421,214800,127800,1.681
478,7915,東証1部,ＮＩＳＳＨＡ(株),15:00,3265,874900,520660,1.680
479,7917,東証1部,藤森工業(株),15:00,4025,45600,27140,1.680
480,6619,東証1部,ダブル・スコープ(株),15:00,2156,800600,477780,1.676
481,2229,東証1部,カルビー(株),15:00,3820,663700,396260,1.675
482,3630,東証1部,(株)電算システム,15:00,2077,22300,13320,1.674
483,6314,東証JQS,(株)石井工作研究所,15:00,373,27900,16680,1.673
484,6411,東証JQS,中野冷機(株),14:58,4700,5500,3300,1.667
485,8209,東証2部,(株)フレンドリー,11:19,208,15000,9000,1.667
486,3865,東証1部,北越紀州製紙(株),15:00,711,1732300,1041480,1.663
487,6771,東証1部,池上通信機(株),15:00,179,1224000,736200,1.663
488,6425,東証JQS,(株)ユニバーサルエンターテインメント,15:00,4465,221700,133380,1.662
489,2107,東証1部,東洋精糖(株),15:00,1222,10200,6140,1.661
490,4838,東証JQS,(株)スペースシャワーネットワーク,15:00,879,47700,28760,1.659
491,6189,東証1部,(株)グローバルグループ,15:00,1728,56900,34340,1.657
492,5971,東証JQS,(株)共和工業所,14:57,8540,4900,2960,1.655
493,3948,東証JQS,光ビジネスフォーム(株),15:00,517,30200,18260,1.654
494,1678,東証ETF,(NEXT FUNDS)インド株式指数上場投信,14:59,167,398400,240940,1.654
495,1621,東証ETF,(NEXT FUNDS)医薬品上場投信,13:15,21990,81,49,1.653
496,9726,東証1部,ＫＮＴ−ＣＴホールディングス(株),15:00,1765,70500,42680,1.652
497,4755,東証1部,楽天(株),15:00,959.5,24875100,15090760,1.648
498,3798,東証JQS,ＵＬＳグループ(株),15:00,1748,261200,158540,1.648
499,8977,東証,阪急リート投資法人,15:00,134500,2307,1401,1.646
500,9973,東証JQS,(株)小僧寿し,15:00,81,1437700,873740,1.645
