date,open,high,low,close,volume,sma 5,sma 12,sma 21,sma 25,sma 50,sma 200,momentum,RCI
2016-12-29,19301.04,19301.04,19092.22,19145.14,2249140000.0,19145.1,19145.1,19145.1,19145.1,19145.1,19145.1,0.0,17000.0
2016-12-30,18997.68,19176.81,18991.59,19114.37,1667860000.0,19129.8,19129.8,19129.8,19129.8,19129.8,19129.8,-30.770000000000437,16993.0
2017-01-04,19298.68,19594.16,19277.93,19594.16,2375730000.0,19284.6,19284.6,19284.6,19284.6,19284.6,19284.6,449.02000000000044,16993.0
2017-01-05,19602.1,19615.4,19473.28,19520.69,2046380000.0,19343.6,19343.6,19343.6,19343.6,19343.6,19343.6,375.5499999999993,16986.0
2017-01-06,19393.55,19472.37,19354.44,19454.33,1861890000.0,19365.7,19365.7,19365.7,19365.7,19365.7,19365.7,309.1900000000023,16965.0
2017-01-10,19414.83,19484.9,19255.35,19301.44,1894670000.0,19397.0,19355.0,19355.0,19355.0,19355.0,19355.0,156.29999999999927,16923.0
2017-01-11,19358.64,19402.17,19325.46,19364.67,1944330000.0,19447.1,19356.4,19356.4,19356.4,19356.4,19356.4,219.52999999999884,16860.0
2017-01-12,19300.19,19300.19,19069.02,19134.7,2007000000.0,19355.2,19328.7,19328.7,19328.7,19328.7,19328.7,-10.43999999999869,16706.0
2017-01-13,19174.97,19299.36,19156.93,19287.28,1600200000.0,19308.5,19324.1,19324.1,19324.1,19324.1,19324.1,142.13999999999942,16566.0
2017-01-16,19219.13,19255.41,19061.27,19095.24,1469550000.0,19236.7,19301.2,19301.2,19301.2,19301.2,19301.2,-49.89999999999782,16252.0
2017-01-17,19038.45,19043.91,18812.86,18813.53,1710560000.0,19139.1,19256.9,19256.9,19256.9,19256.9,19256.9,-300.84000000000015,15867.0
2017-01-18,18753.96,18941.24,18650.33,18894.37,1818260000.0,19045.0,19226.7,19226.7,19226.7,19226.7,19226.7,-699.7900000000009,15413.0
2017-01-19,19082.83,19122.39,18982.13,19072.25,2254440000.0,19032.5,19220.6,19214.8,19214.8,19214.8,19214.8,-448.4399999999987,15238.0
2017-01-20,19059.15,19176.86,19040.2,19137.91,1791400000.0,19002.7,19222.5,19209.3,19209.3,19209.3,19209.3,-316.4200000000019,15154.0
2017-01-23,18938.45,19024.21,18879.68,18891.03,1777700000.0,18961.8,19164.0,19188.1,19188.1,19188.1,19188.1,-410.40999999999985,15182.0
2017-01-24,18817.42,18915.7,18783.16,18787.99,1866880000.0,18956.7,19102.9,19163.1,19163.1,19163.1,19163.1,-576.6799999999967,15182.0
2017-01-25,19091.23,19133.18,18987.45,19057.5,1934340000.0,18989.3,19069.8,19156.9,19156.9,19156.9,19156.9,-77.20000000000073,15280.0
2017-01-26,19260.67,19405.23,19232.46,19402.39,2300000000.0,19055.4,19078.2,19170.5,19170.5,19170.5,19170.5,115.11000000000058,15734.0
2017-01-27,19453.51,19486.68,19404.13,19467.4,1947160000.0,19121.3,19086.8,19186.1,19186.1,19186.1,19186.1,372.15999999999985,16119.0
2017-01-30,19371.28,19390.97,19295.8,19368.85,1532740000.0,19216.8,19106.3,19195.3,19195.3,19195.3,19195.3,555.3199999999997,16364.0
2017-01-31,19145.35,19199.75,19041.34,19041.34,1997460000.0,19267.5,19085.8,19187.9,19187.9,19187.9,19187.9,146.97000000000116,16364.0
2017-02-01,18926.97,19155.79,18916.18,19148.08,2032170000.0,19285.6,19090.2,19188.1,19186.1,19186.1,19186.1,75.83000000000175,16545.0
2017-02-02,19152.79,19170.63,18866.8,18914.58,2128180000.0,19188.0,19098.6,19178.6,19174.3,19174.3,19174.3,-223.3299999999981,16301.0
2017-02-03,18996.74,19061.26,18830.89,18918.2,2116970000.0,19078.2,19100.6,19146.4,19163.6,19163.6,19163.6,27.17000000000189,16014.0
2017-02-06,19069.72,19075.57,18899.4,18976.71,1797660000.0,18999.8,19092.7,19120.5,19156.2,19156.2,19156.2,188.71999999999753,15972.0
2017-02-07,18844.12,18970.58,18805.32,18910.78,1694480000.0,18973.7,19073.7,19094.6,19146.8,19146.7,19146.7,-146.72000000000116,15958.0
2017-02-08,18951.16,19009.24,18875.57,19007.6,1641710000.0,18945.6,19083.5,19080.6,19142.5,19141.6,19141.6,-394.7900000000009,15650.0
2017-02-09,18942.04,18991.23,18874.91,18907.67,1933510000.0,18944.2,19093.4,19058.8,19115.1,19133.2,19133.2,-559.7300000000032,15189.0
2017-02-10,19216.74,19395.99,19193.57,19378.93,2242750000.0,19036.3,19120.2,19070.5,19109.4,19141.7,19141.7,10.080000000001746,15427.0
2017-02-13,19513.78,19519.44,19418.18,19459.15,1880560000.0,19132.8,19124.9,19078.6,19109.6,19152.3,19152.3,417.8100000000013,15804.0
2017-02-14,19478.86,19501.01,19232.85,19238.98,2104660000.0,19198.5,19105.9,19085.5,19107.1,19155.1,19155.1,90.89999999999782,16168.0
2017-02-15,19438.81,19495.62,19420.0,19437.98,2104590000.0,19284.5,19111.7,19115.2,19110.0,19163.9,19163.9,523.3999999999978,16483.0
2017-02-16,19431.61,19431.61,19260.24,19347.53,2027940000.0,19372.5,19137.2,19136.8,19118.5,19169.5,19169.5,429.3299999999981,16615.0
2017-02-17,19228.74,19275.39,19173.53,19234.62,2029290000.0,19343.7,19144.4,19144.5,19116.4,19171.4,19171.4,257.90999999999985,16657.0
2017-02-20,19161.33,19274.75,19115.11,19251.08,1497390000.0,19302.0,19172.4,19149.9,19122.7,19173.7,19173.7,340.3000000000029,16601.0
2017-02-21,19267.87,19395.35,19261.98,19381.44,1528430000.0,19330.5,19211.0,19173.3,19145.4,19179.4,19179.4,373.84000000000015,16573.0
2017-02-22,19419.22,19419.22,19329.28,19379.87,2174800000.0,19318.9,19244.6,19201.5,19164.8,19184.9,19184.9,472.2000000000007,16510.0
2017-02-23,19379.92,19379.92,19262.63,19371.46,1961060000.0,19323.7,19283.0,19216.4,19176.8,19189.8,19189.8,-7.470000000001164,16343.0
2017-02-24,19232.11,19381.1,19219.58,19283.54,2112830000.0,19333.5,19306.0,19210.8,19182.6,19192.2,19192.2,-175.61000000000058,16084.0
2017-02-27,19130.51,19178.99,18995.55,19107.47,1838330000.0,19304.8,19322.7,19193.6,19191.2,19190.1,19190.1,-131.5099999999984,15622.0
2017-02-28,19194.68,19267.99,19118.99,19118.99,1984000000.0,19252.3,19301.0,19181.7,19204.5,19188.3,19188.3,-318.98999999999796,15497.0
2017-03-01,19226.94,19414.55,19164.62,19393.54,1993640000.0,19255.0,19295.5,19198.5,19217.9,19193.2,19193.2,46.01000000000204,15888.0
2017-03-02,19624.82,19668.01,19564.8,19564.8,2210380000.0,19293.7,19322.7,19218.3,19224.4,19201.9,19201.9,330.1800000000003,16042.0
2017-03-03,19551.34,19587.79,19392.75,19469.17,1717450000.0,19330.8,19325.3,19244.7,19224.5,19207.9,19207.9,218.0899999999965,16420.0
2017-03-06,19409.18,19411.54,19340.32,19379.14,1408970000.0,19385.1,19327.9,19266.7,19224.9,19211.7,19211.7,-2.2999999999992724,16427.0
2017-03-07,19337.19,19375.09,19317.1,19344.15,1575960000.0,19430.2,19337.1,19284.2,19237.0,19214.6,19214.6,-35.719999999997526,16259.0
2017-03-08,19308.53,19326.4,19198.78,19254.03,1626030000.0,19402.3,19337.3,19300.5,19241.3,19215.4,19215.4,-117.43000000000029,15965.0
2017-03-09,19343.06,19350.2,19262.98,19318.58,1595020000.0,19353.0,19332.1,19315.3,19257.4,19217.6,19217.6,35.04000000000087,15993.0
2017-03-10,19444.71,19623.72,19427.81,19604.61,2267160000.0,19380.1,19350.8,19348.5,19284.9,19225.5,19225.5,497.1399999999994,16329.0
2017-03-13,19545.74,19656.48,19531.51,19633.75,1471800000.0,19431.0,19372.6,19360.7,19311.2,19233.7,19233.7,514.7599999999984,16559.0
2017-03-14,19634.29,19637.55,19599.62,19609.5,1758240000.0,19484.1,19399.8,19367.8,19339.1,19242.9,19241.0,215.95999999999913,16629.0
2017-03-15,19528.75,19581.53,19503.74,19577.38,1650200000.0,19548.8,19439.0,19383.9,19361.9,19252.2,19247.5,12.580000000001746,16587.0
2017-03-16,19458.7,19618.99,19454.17,19590.14,1796510000.0,19603.1,19478.2,19391.2,19389.2,19252.1,19254.0,120.97000000000116,16524.0
2017-03-17,19510.89,19547.51,19487.92,19521.59,2013610000.0,19586.5,19488.9,19399.5,19394.9,19252.1,19258.9,142.45000000000073,16469.0
2017-03-21,19416.55,19485.14,19337.22,19455.88,1597180000.0,19550.9,19479.8,19410.0,19394.8,19252.2,19262.5,111.72999999999956,16427.0
2017-03-22,19146.62,19183.27,19026.53,19041.38,2055530000.0,19437.3,19444.2,19400.0,19386.9,19247.0,19258.6,-212.64999999999782,16112.0
2017-03-23,19048.84,19105.11,18973.75,19085.31,1759630000.0,19338.9,19419.7,19385.9,19372.8,19241.4,19255.5,-233.27000000000044,15776.0
2017-03-24,19066.35,19296.05,19060.64,19262.53,1821740000.0,19273.3,19412.9,19380.3,19369.4,19243.9,19255.6,-342.08000000000175,15580.0
2017-03-27,19071.19,19086.89,18932.09,18985.59,1762930000.0,19166.1,19390.5,19362.0,19359.4,19237.9,19251.1,-648.1599999999999,15252.0
2017-03-28,19159.07,19203.64,19113.44,19202.87,1900130000.0,19115.5,19380.9,19358.1,19357.5,19240.1,19250.3,-406.630000000001,15112.0
2017-03-29,19216.78,19251.3,19164.61,19217.48,1751400000.0,19150.8,19348.6,19363.4,19350.9,19248.1,19249.7,-359.90000000000146,15175.0
2017-03-30,19150.82,19218.08,19043.48,19063.22,1849410000.0,19146.3,19301.1,19360.7,19338.2,19251.5,19246.7,-526.9199999999983,15238.0
2017-03-31,19170.42,19210.92,18909.26,18909.26,2222230000.0,19075.7,19242.7,19337.6,19319.8,19248.3,19241.4,-612.3300000000017,15238.0
2017-04-03,18988.0,19068.62,18920.52,18983.23,2015020000.0,19075.2,19193.2,19309.9,19307.7,19245.2,19237.3,-472.65000000000146,15238.0
2017-04-04,18933.82,18947.33,18703.63,18810.25,2260500000.0,18996.7,19128.2,19278.6,19295.9,19243.6,19230.7,-231.13000000000102,15238.0
2017-04-05,18900.7,18941.94,18773.94,18861.27,1892160000.0,18925.4,19073.2,19253.9,19285.5,19245.0,19225.1,-224.04000000000087,15245.0
2017-04-06,18754.37,18797.44,18532.65,18597.06,2068300000.0,18832.2,19001.6,19218.3,19253.7,19235.8,19215.8,-665.4699999999975,15245.0
2017-04-07,18714.98,18785.73,18517.43,18664.63,2401450000.0,18783.3,18970.2,19190.3,19217.7,19221.1,19207.7,-320.9599999999991,15126.0
2017-04-10,18800.22,18850.8,18762.7,18797.88,1732340000.0,18746.2,18946.3,19165.5,19190.8,19207.7,19201.7,-404.98999999999796,15091.0
2017-04-11,18717.55,18767.7,18661.86,18747.87,1691170000.0,18733.7,18903.4,19124.7,19165.6,19195.2,19195.2,-469.6100000000006,15126.0
2017-04-12,18592.1,18602.5,18460.59,18552.61,1924070000.0,18672.0,18867.3,19073.2,19133.9,19185.5,19186.2,-510.6100000000006,15084.0
2017-04-13,18391.72,18455.25,18304.72,18426.84,1958680000.0,18638.0,18802.6,19016.9,19100.8,19171.0,19175.6,-482.41999999999825,15077.0
2017-04-14,18531.91,18531.91,18285.73,18335.63,1838850000.0,18572.2,18729.1,18957.7,19061.5,19159.5,19164.1,-647.5999999999985,15077.0
2017-04-17,18239.84,18361.44,18224.68,18355.26,1454290000.0,18483.6,18670.1,18898.9,19011.5,19148.2,19153.2,-454.9900000000016,15084.0
2017-04-18,18497.38,18547.46,18362.73,18418.59,1575220000.0,18417.8,18629.3,18846.4,18962.9,19137.0,19143.4,-442.6800000000003,15098.0
2017-04-19,18327.33,18467.73,18327.33,18432.2,1952910000.0,18393.7,18583.3,18797.7,18915.8,19127.5,19134.1,-164.86000000000058,15168.0
2017-04-20,18446.39,18523.4,18420.82,18430.49,1841060000.0,18394.4,18551.7,18768.6,18870.0,19115.9,19124.9,-234.13999999999942,15259.0
2017-04-21,18591.82,18648.28,18542.42,18620.75,1862440000.0,18451.5,18531.7,18746.5,18831.2,19110.2,19118.5,-177.13000000000102,15531.0
2017-04-24,18890.38,18910.33,18840.13,18875.88,1921190000.0,18555.6,18554.9,18728.0,18805.4,19100.1,19115.4,128.01000000000204,15874.0
2017-04-25,18872.56,19109.76,18867.19,19079.33,1948680000.0,18687.7,18589.4,18732.5,18790.3,19092.5,19114.9,526.7200000000012,16238.0
2017-04-26,19184.92,19289.43,19170.86,19289.43,2035530000.0,18859.2,18630.4,18736.6,18800.2,19093.5,19117.1,862.5900000000001,16552.0
2017-04-27,19205.59,19281.7,19199.59,19251.87,1970200000.0,19023.5,18672.4,18738.3,18806.9,19089.8,19118.7,916.239999999998,16797.0
2017-04-28,19240.65,19264.57,19164.68,19196.74,1996530000.0,19138.6,18726.1,18744.6,18804.2,19086.8,19119.7,841.4800000000032,16923.0
2017-05-01,19154.03,19311.21,19144.62,19310.52,1760860000.0,19225.6,18799.7,18763.7,18817.2,19088.3,19121.9,891.9300000000003,16965.0
2017-05-02,19335.72,19464.3,19335.02,19445.7,1862940000.0,19298.9,18892.2,18785.8,18827.0,19092.2,19125.8,1013.5,16965.0
2017-05-08,19709.01,19929.48,19705.13,19895.7,2408080000.0,19420.1,19020.6,18837.4,18854.1,19102.5,19134.7,1465.2099999999991,16965.0
2017-05-09,19915.64,19917.45,19838.71,19843.0,1990900000.0,19538.3,19139.3,18884.2,18885.3,19111.8,19142.8,1222.25,16958.0
2017-05-10,19890.56,19938.53,19866.3,19900.09,2169890000.0,19679.0,19261.6,18946.2,18924.9,19122.3,19151.5,1024.2099999999991,16965.0
2017-05-11,19943.95,19989.94,19906.35,19961.55,2292020000.0,19809.2,19389.2,19008.0,18964.0,19135.9,19160.6,882.2199999999975,16965.0
2017-05-12,19941.64,19941.64,19809.91,19883.9,2248620000.0,19896.8,19494.5,19059.7,19007.0,19151.4,19168.6,594.4700000000012,16916.0
2017-05-15,19753.46,19869.85,19740.63,19869.85,2155770000.0,19891.7,19577.3,19113.1,19047.3,19166.4,19176.3,617.9799999999996,16839.0
2017-05-16,19953.06,19998.49,19862.41,19919.82,2174250000.0,19907.0,19647.3,19178.2,19100.2,19177.0,19184.4,723.0799999999981,16818.0
2017-05-17,19806.78,19842.78,19764.63,19814.88,1964470000.0,19890.0,19691.1,19244.3,19146.3,19182.0,19191.2,504.3600000000006,16643.0
2017-05-18,19556.99,19601.53,19449.73,19553.86,2184630000.0,19808.5,19716.3,19302.4,19176.5,19183.7,19195.0,108.15999999999985,16399.0
2017-05-19,19591.41,19628.64,19497.29,19590.76,1908630000.0,19749.8,19749.1,19361.2,19210.2,19187.9,19199.2,-304.9400000000023,16091.0
2017-05-22,19670.48,19722.93,19618.73,19678.28,1467410000.0,19711.5,19779.8,19421.2,19255.2,19194.6,19204.2,-164.72000000000116,15727.0
2017-05-23,19647.74,19693.02,19585.54,19613.28,1543760000.0,19650.2,19793.7,19477.4,19302.7,19201.8,19208.4,-286.8100000000013,15301.0
2017-05-24,19777.56,19782.81,19690.1,19742.98,1728230000.0,19635.8,19781.0,19539.9,19359.0,19210.2,19213.8,-218.5699999999997,15294.0
2017-05-25,19737.21,19850.93,19720.12,19813.13,1677270000.0,19687.7,19778.5,19596.7,19417.3,19214.4,19219.9,-70.77000000000044,15294.0
2017-05-26,19798.49,19801.59,19686.49,19686.84,1563610000.0,19706.9,19760.8,19635.3,19468.0,19215.5,19224.6,-183.0099999999984,15385.0
2017-05-29,19697.18,19736.62,19627.19,19682.57,1274530000.0,19707.8,19737.5,19664.0,19518.0,19216.9,19229.1,-237.25,15538.0
2017-05-30,19681.11,19691.44,19570.13,19677.85,1326030000.0,19720.7,19720.3,19682.5,19567.9,19219.0,19233.5,-137.03000000000247,15664.0
2017-05-31,19630.33,19673.51,19589.25,19650.57,2018980000.0,19702.2,19702.1,19701.5,19609.1,19220.2,19237.6,96.70999999999913,15818.0
2017-06-01,19692.16,19887.66,19686.32,19860.03,1738300000.0,19711.6,19697.1,19733.1,19648.5,19226.9,19243.5,269.27000000000044,16280.0
2017-06-02,19970.23,20239.81,19967.0,20177.28,2315120000.0,19809.7,19727.3,19774.4,19692.4,19241.4,19252.4,499.0,16664.0
2017-06-05,20135.42,20224.54,20104.13,20170.82,1648110000.0,19907.3,19778.7,19808.9,19727.7,19263.9,19261.1,557.5400000000009,16657.0
2017-06-06,20122.26,20152.95,19948.02,19979.9,1704820000.0,19967.7,19811.1,19812.9,19756.8,19281.8,19267.8,236.9200000000019,16636.0
2017-06-07,19951.68,20023.24,19908.07,19984.62,1718170000.0,20034.5,19836.7,19819.7,19788.3,19296.3,19274.5,171.48999999999796,16699.0
2017-06-08,20048.28,20061.22,19896.35,19909.26,1983750000.0,20044.4,19861.3,19820.1,19812.3,19314.8,19280.3,222.41999999999825,16629.0
2017-06-09,19953.06,20096.01,19927.07,20013.26,2263870000.0,20011.6,19883.8,19822.6,19835.0,19331.0,19286.9,330.6899999999987,16664.0
2017-06-12,19920.77,19949.07,19837.64,19908.58,1785760000.0,19959.1,19891.8,19823.7,19835.5,19344.8,19292.5,230.7300000000032,16587.0
2017-06-13,19859.81,19929.03,19850.86,19898.75,1614380000.0,19942.9,19909.5,19825.1,19837.7,19361.5,19298.0,248.1800000000003,16434.0
2017-06-14,19974.56,20009.93,19879.6,19883.52,1701270000.0,19922.7,19926.2,19823.4,19837.0,19381.0,19303.1,23.4900000000016,16203.0
2017-06-15,19815.54,19963.36,19755.34,19831.82,1881920000.0,19907.2,19939.0,19824.2,19831.9,19398.0,19307.8,-345.4599999999991,15825.0
2017-06-16,19931.15,20015.16,19884.8,19943.26,2285560000.0,19893.2,19963.4,19842.7,19834.2,19420.6,19313.3,-227.5600000000013,15552.0
2017-06-19,19974.3,20087.71,19949.88,20067.75,1484690000.0,19925.0,19980.7,19865.4,19842.1,19444.7,19319.8,87.84999999999854,15476.0
2017-06-20,20234.12,20318.11,20227.29,20230.41,1836540000.0,19991.4,19985.2,19891.7,19854.6,19477.4,19327.6,245.79000000000087,15937.0
2017-06-21,20192.16,20215.11,20117.79,20138.79,1634360000.0,20042.4,19982.5,19916.8,19867.5,19506.9,19334.5,229.53000000000247,16315.0
2017-06-22,20154.38,20191.42,20107.89,20110.51,1550400000.0,20098.1,19993.4,19934.3,19889.8,19533.1,19341.0,97.25,16517.0
2017-06-23,20152.58,20152.58,20089.54,20132.67,1532200000.0,20136.0,20005.7,19949.5,19911.5,19560.8,19347.6,224.0899999999965,16664.0
2017-06-26,20132.81,20196.38,20119.04,20153.35,1395600000.0,20153.1,20026.1,19971.7,19930.5,19592.9,19354.2,254.59999999999854,16734.0
2017-06-27,20229.12,20250.1,20185.19,20225.09,1573970000.0,20152.1,20043.7,19997.5,19954.9,19628.8,19361.4,341.5699999999997,16804.0
2017-06-28,20149.2,20224.3,20110.49,20130.41,1920070000.0,20150.4,20062.2,20019.1,19970.4,19664.7,19367.6,298.59000000000015,16727.0
2017-06-29,20260.87,20266.59,20197.38,20220.3,1950410000.0,20172.4,20089.0,20046.2,19986.7,19702.0,19374.5,277.0400000000009,16685.0
2017-06-30,20025.63,20044.01,19946.51,20033.43,1968970000.0,20152.5,20101.5,20054.5,20000.6,19734.3,19379.8,-34.31999999999971,16378.0
2017-07-03,20056.32,20096.14,20030.61,20055.8,1601090000.0,20133.0,20120.1,20048.7,20015.5,19766.8,19385.1,-174.61000000000058,16000.0
2017-07-04,20192.27,20197.16,19971.53,20032.35,1857720000.0,20094.5,20127.6,20042.1,20029.7,19798.8,19390.2,-106.44000000000233,15538.0
2017-07-05,20015.07,20087.01,19888.9,20081.63,1794610000.0,20084.7,20128.7,20046.9,20046.9,19828.0,19395.6,-28.87999999999738,15329.0
2017-07-06,20061.68,20078.88,19947.63,19994.06,1683080000.0,20039.5,20109.0,20047.4,20052.3,19850.4,19400.3,-138.60999999999694,15329.0
2017-07-07,19856.65,19979.93,19856.65,19929.09,1653750000.0,20018.6,20091.6,20048.3,20042.4,19867.4,19404.3,-224.2599999999984,15238.0
2017-07-10,20070.44,20127.76,20023.03,20080.98,1540250000.0,20023.6,20089.1,20051.5,20038.8,19883.2,19409.5,-144.11000000000058,15259.0
2017-07-11,20073.86,20200.88,20070.67,20195.48,1436210000.0,20056.2,20094.3,20065.2,20047.4,19902.1,19415.5,65.06999999999971,15545.0
2017-07-12,20137.22,20153.04,20061.16,20098.38,1480420000.0,20059.6,20089.7,20074.7,20052.0,19920.1,19420.6,-121.91999999999825,15685.0
2017-07-13,20177.28,20183.8,20062.27,20099.81,1739570000.0,20080.7,20079.3,20085.0,20059.6,19935.9,19425.7,66.38000000000102,15986.0
2017-07-14,20157.92,20163.67,20101.71,20118.86,2043290000.0,20118.7,20078.3,20098.7,20063.8,19949.4,19430.8,63.06000000000131,16280.0
2017-07-18,20074.41,20081.29,19943.14,19999.91,1817250000.0,20102.5,20060.0,20101.4,20067.5,19951.5,19435.0,-32.43999999999869,16371.0
2017-07-19,19970.78,20032.46,19947.26,20020.86,1641420000.0,20067.6,20058.9,20099.2,20072.3,19955.0,19439.3,-60.77000000000044,16175.0
2017-07-20,20046.9,20157.11,20032.23,20144.59,1650970000.0,20076.8,20066.3,20095.1,20082.8,19959.9,19444.4,150.52999999999884,16336.0
2017-07-21,20089.86,20135.33,20081.91,20099.75,1534020000.0,20076.8,20071.9,20093.2,20093.5,19962.7,19449.1,170.65999999999985,16385.0
2017-07-24,19973.67,20002.54,19901.88,19975.67,1561430000.0,20048.2,20063.1,20086.8,20094.8,19964.5,19452.9,-105.31000000000131,16154.0
2017-07-25,19979.56,20036.31,19941.61,19955.2,1497560000.0,20039.2,20059.9,20078.3,20090.3,19966.2,19456.4,-240.27999999999884,15853.0
2017-07-26,20098.14,20116.0,20016.58,20050.16,1727770000.0,20045.1,20070.0,20073.4,20083.1,19968.8,19460.6,-48.220000000001164,15490.0
2017-07-27,20026.58,20176.39,20005.2,20079.64,1837160000.0,20032.1,20069.9,20066.5,20080.7,19974.1,19464.9,-20.17000000000189,15448.0
2017-07-28,20048.46,20056.16,19926.6,19959.84,2028090000.0,20004.1,20050.2,20058.4,20074.7,19982.2,19468.4,-159.02000000000044,15469.0
2017-07-31,19933.45,19983.9,19891.9,19925.18,2334550000.0,19994.0,20035.8,20044.3,20066.4,19988.9,19471.5,-74.72999999999956,15371.0
2017-08-01,19907.08,20000.46,19904.72,19985.79,1944530000.0,20000.1,20026.3,20042.0,20059.7,19995.1,19475.0,-35.06999999999971,15434.0
2017-08-02,20057.07,20113.73,20022.05,20080.04,1718450000.0,20006.1,20023.1,20043.2,20053.9,20004.4,19479.1,-64.54999999999927,15755.0
2017-08-03,20066.0,20070.16,19985.4,20029.26,1680630000.0,19996.0,20025.5,20043.1,20049.8,20010.1,19482.9,-70.4900000000016,15790.0
2017-08-04,19949.79,19984.51,19933.59,19952.33,1515000000.0,19994.5,20019.8,20036.9,20039.1,20012.9,19486.0,-23.339999999996508,15573.0
2017-08-07,20059.29,20085.9,20037.4,20055.89,1505900000.0,20020.7,20012.4,20039.8,20040.0,20020.3,19489.8,100.68999999999869,15888.0
2017-08-08,20062.65,20076.8,19970.57,19996.01,1652360000.0,20022.7,20003.8,20043.0,20037.6,20026.6,19493.2,-54.150000000001455,16175.0
2017-08-09,19928.96,19945.28,19660.22,19738.71,2066310000.0,19954.4,19984.0,20026.7,20025.9,20027.8,19494.8,-340.9300000000003,15846.0
2017-08-10,19792.45,19829.88,19685.83,19729.74,1964130000.0,19894.5,19965.2,20004.6,20011.8,20029.4,19496.3,-230.09999999999854,15545.0
2017-08-14,19545.58,19598.41,19486.48,19537.1,1959110000.0,19811.5,19922.5,19977.8,19993.5,20022.9,19496.6,-388.08000000000175,15448.0
2017-08-15,19689.38,19824.12,19656.91,19753.31,1650800000.0,19751.0,19895.3,19961.3,19986.5,20014.4,19498.2,-232.47999999999956,15462.0
2017-08-16,19750.55,19776.86,19719.08,19729.28,1435390000.0,19697.6,19876.1,19942.8,19972.4,20005.6,19499.7,-350.76000000000204,15322.0
2017-08-17,19707.75,19739.04,19679.37,19702.63,1436190000.0,19690.4,19857.5,19928.6,19952.7,20000.1,19501.0,-326.6299999999974,15196.0
2017-08-18,19471.27,19543.13,19433.09,19470.41,1671730000.0,19638.5,19814.6,19902.4,19927.6,19989.8,19500.8,-481.9200000000019,15112.0
2017-08-21,19509.53,19509.53,19365.65,19393.13,1406900000.0,19609.8,19757.3,19866.6,19899.3,19979.5,19500.1,-662.7599999999984,15112.0
2017-08-22,19373.11,19437.25,19361.95,19383.84,1314910000.0,19535.9,19703.5,19832.5,19869.9,19966.9,19499.4,-612.1699999999983,15098.0
2017-08-23,19547.05,19561.32,19408.47,19434.64,1453320000.0,19476.9,19660.4,19806.8,19847.3,19957.4,19499.0,-304.0699999999997,15098.0
2017-08-24,19366.36,19428.55,19351.92,19353.77,1442220000.0,19407.2,19601.9,19778.1,19820.6,19946.5,19498.1,-375.97000000000116,15098.0
2017-08-25,19401.12,19485.97,19384.37,19452.61,1343610000.0,19403.6,19556.6,19749.7,19793.0,19937.9,19497.8,-84.48999999999796,15168.0
2017-08-28,19502.23,19535.5,19420.5,19449.9,1344920000.0,19415.0,19532.5,19719.7,19767.0,19930.2,19497.5,-303.40999999999985,15245.0
2017-08-29,19319.11,19371.9,19280.02,19362.55,1387000000.0,19410.7,19501.9,19691.2,19742.4,19918.6,19496.7,-366.72999999999956,15252.0
2017-08-30,19480.98,19538.23,19435.1,19506.54,1705300000.0,19425.1,19499.4,19671.3,19724.5,19907.4,19496.8,-196.09000000000015,15462.0
2017-08-31,19591.32,19687.99,19583.11,19646.24,1770350000.0,19483.6,19490.5,19655.1,19708.3,19895.7,19497.7,175.83000000000175,15776.0
2017-09-01,19733.57,19735.96,19620.07,19691.47,1630440000.0,19531.3,19487.3,19636.6,19692.8,19886.8,19498.8,298.34000000000015,16161.0
2017-09-04,19615.96,19628.4,19479.4,19508.25,1595790000.0,19543.0,19471.1,19611.8,19674.7,19874.7,19498.9,124.40999999999985,16601.0
2017-09-05,19533.38,19542.78,19354.59,19385.81,1640260000.0,19547.7,19464.1,19584.8,19653.2,19859.8,19498.2,-48.82999999999811,16497.0
2017-09-06,19286.06,19371.38,19254.67,19357.97,1665530000.0,19517.9,19461.1,19551.6,19628.1,19843.9,19497.4,4.200000000000728,16245.0
2017-09-07,19433.44,19482.72,19365.75,19396.52,1526480000.0,19468.0,19462.2,19523.1,19600.7,19827.3,19496.8,-56.090000000000146,16049.0
2017-09-08,19297.96,19357.49,19239.52,19274.82,1860420000.0,19384.7,19448.9,19501.0,19570.5,19810.2,19495.5,-175.08000000000175,15832.0
2017-09-11,19441.39,19567.03,19437.14,19545.77,1498640000.0,19392.2,19464.9,19492.2,19554.3,19796.7,19495.8,183.22000000000116,15818.0
2017-09-12,19736.14,19792.06,19718.8,19776.62,1654760000.0,19470.3,19491.9,19503.6,19543.1,19791.6,19497.4,270.0799999999981,16077.0
2017-09-13,19873.69,19888.84,19845.02,19865.82,1605110000.0,19571.9,19526.5,19509.0,19537.9,19787.8,19499.5,219.5799999999981,16294.0
2017-09-14,19860.37,19918.39,19793.85,19807.44,1662500000.0,19654.1,19563.6,19512.7,19540.6,19783.3,19501.3,115.96999999999753,16385.0
2017-09-15,19793.8,19933.4,19787.65,19909.5,1986440000.0,19781.0,19597.2,19522.6,19547.8,19779.8,19503.6,401.25,16538.0
2017-09-19,20128.18,20320.78,20122.0,20299.38,2044590000.0,19931.8,19651.6,19562.0,19578.3,19785.9,19508.0,913.5699999999997,16727.0
2017-09-20,20301.33,20339.37,20272.82,20310.46,1756570000.0,20038.5,19703.2,19605.7,19600.6,19793.6,19512.5,952.489999999998,16874.0
2017-09-21,20456.5,20481.27,20332.69,20347.48,1973910000.0,20134.9,19773.1,19651.6,19625.3,19798.9,19517.1,950.9599999999991,16944.0
2017-09-22,20413.61,20417.07,20249.24,20296.45,1693710000.0,20232.7,19849.0,19692.6,19649.1,19800.9,19521.4,1021.630000000001,16930.0
2017-09-25,20439.43,20454.29,20367.03,20397.58,1529920000.0,20330.3,19935.7,19742.3,19686.2,19806.9,19526.1,851.8100000000013,16944.0
2017-09-26,20349.26,20385.5,20303.98,20330.19,1780310000.0,20336.4,20013.5,19784.1,19723.7,19811.5,19530.5,553.5699999999997,16923.0
2017-09-27,20269.82,20278.09,20213.66,20267.05,1202270000.0,20327.7,20096.1,19823.0,19759.0,19814.5,19534.5,401.22999999999956,16776.0
2017-09-28,20398.63,20399.87,20299.68,20363.11,1603580000.0,20330.9,20164.3,19870.7,19796.1,19821.7,19538.9,555.6700000000019,16755.0
2017-09-29,20315.34,20370.33,20285.06,20356.28,1731360000.0,20342.8,20212.6,19911.2,19836.2,19828.4,19543.3,446.77999999999884,16720.0
2017-10-02,20400.51,20411.33,20363.28,20400.78,1355840000.0,20343.5,20257.1,19947.1,19874.2,19833.6,19547.9,101.39999999999782,16727.0
2017-10-03,20475.25,20628.38,20438.17,20614.07,1450940000.0,20400.3,20324.4,19991.0,19920.7,19843.8,19553.5,303.6100000000006,16727.0
2017-10-04,20660.81,20689.08,20592.18,20626.66,1660050000.0,20472.2,20384.1,20044.3,19971.3,19856.9,19559.2,279.1800000000003,16727.0
2017-10-05,20650.71,20667.47,20602.26,20628.56,1378350000.0,20525.3,20411.6,20103.5,20016.2,19870.3,19564.8,332.1100000000006,16790.0
2017-10-06,20716.85,20721.15,20659.15,20690.71,1459790000.0,20592.2,20443.2,20166.9,20058.0,19883.1,19570.6,293.1299999999974,16839.0
2017-10-10,20680.54,20823.66,20663.08,20823.51,1485200000.0,20676.7,20482.9,20234.9,20103.2,19898.0,19577.1,493.3199999999997,16895.0
2017-10-11,20803.71,20898.41,20788.12,20881.27,1531580000.0,20730.1,20531.6,20311.4,20158.2,19916.4,19583.8,614.2200000000012,16916.0
2017-10-12,20958.18,20994.4,20917.04,20954.72,1536270000.0,20795.8,20578.1,20378.5,20220.9,19937.0,19590.9,591.6100000000006,16986.0
2017-10-13,20959.66,21211.29,20933.0,21155.18,1847950000.0,20901.1,20646.8,20444.1,20292.8,19960.4,19598.9,798.9000000000015,16993.0
2017-10-16,21221.27,21347.07,21187.93,21255.56,1801250000.0,21014.0,20729.2,20510.3,20367.2,19983.9,19607.3,854.7800000000025,16993.0
2017-10-17,21352.17,21393.96,21230.67,21336.12,1593640000.0,21116.6,20810.3,20583.1,20449.6,20010.1,19616.0,722.0499999999993,17000.0
2017-10-18,21374.66,21402.76,21317.67,21363.05,1357760000.0,21212.9,20894.2,20652.3,20522.3,20038.3,19624.8,736.3899999999994,17000.0
2017-10-19,21450.04,21503.85,21381.52,21448.52,1520380000.0,21311.7,20981.5,20707.0,20589.2,20066.1,19633.9,819.9599999999991,17000.0
2017-10-20,21390.95,21489.26,21363.1,21457.64,1522220000.0,21372.2,21051.8,20761.6,20652.9,20095.4,19645.5,766.9300000000003,17000.0
2017-10-23,21709.3,21723.6,21614.51,21696.65,1582070000.0,21460.4,21141.0,20825.9,20728.4,20134.5,19658.4,873.140000000003,17000.0
2017-10-24,21670.0,21805.17,21646.52,21805.17,1571560000.0,21554.2,21239.0,20897.7,20804.2,20176.0,19669.4,923.8999999999978,17000.0
2017-10-25,21900.13,21921.36,21648.35,21707.62,1968430000.0,21623.1,21323.8,20960.1,20860.6,20219.5,19680.4,752.8999999999978,16993.0
2017-10-26,21698.95,21793.62,21688.56,21739.78,1590080000.0,21681.4,21400.1,21027.2,20917.7,20259.2,19691.8,584.5999999999985,16979.0
2017-10-27,21903.27,22016.5,21815.72,22008.45,1991180000.0,21791.5,21494.0,21110.2,20984.2,20304.8,19705.3,752.8899999999994,16979.0
2017-10-30,22047.95,22086.88,21921.24,22011.67,2371580000.0,21854.5,21582.1,21188.7,21052.8,20350.9,19718.6,675.5499999999993,16979.0
2017-10-31,21897.29,22020.38,21840.07,22011.61,1888010000.0,21895.8,21653.5,21267.5,21117.4,20401.8,19732.9,648.5600000000013,16972.0
2017-11-01,22144.92,22455.92,22130.03,22420.08,2056820000.0,22038.3,21750.5,21363.6,21201.0,20462.3,19748.6,971.5600000000013,16972.0
2017-11-02,22512.18,22540.25,22400.01,22539.12,1868480000.0,22198.2,21850.8,21455.3,21291.8,20525.4,19765.8,1081.4799999999996,16972.0
2017-11-06,22612.96,22644.68,22435.34,22548.35,1938160000.0,22306.2,21949.6,21546.8,21379.2,20587.7,19784.5,851.6999999999971,16972.0
2017-11-07,22518.75,22953.18,22512.91,22937.6,1896650000.0,22491.4,22073.6,21656.8,21482.5,20659.4,19804.7,1132.4300000000003,16972.0
2017-11-08,22849.91,22922.8,22759.07,22913.82,1868220000.0,22671.8,22195.0,21762.6,21583.0,20728.6,19823.9,1206.2000000000007,16965.0
2017-11-09,22989.44,23382.15,22522.83,22868.71,2747750000.0,22761.5,22292.7,21860.0,21673.2,20797.0,19842.6,1128.9300000000003,16944.0
2017-11-10,22580.7,22724.39,22511.93,22681.42,1890460000.0,22790.0,22365.7,21945.8,21755.4,20863.3,19861.5,672.9699999999975,16923.0
2017-11-13,22607.56,22607.92,22380.99,22380.99,1565730000.0,22756.5,22421.8,22013.7,21825.5,20920.8,19879.5,369.32000000000335,16727.0
2017-11-14,22342.93,22532.3,22323.24,22380.01,1735790000.0,22645.0,22475.2,22072.0,21893.1,20975.5,19896.1,368.3999999999978,16476.0
2017-11-15,22250.98,22305.24,22004.79,22028.32,2159180000.0,22467.9,22476.8,22108.8,21941.3,21022.2,19909.2,-391.76000000000204,16161.0
2017-11-16,21975.23,22392.13,21972.34,22351.12,1774160000.0,22364.4,22505.1,22157.1,22000.1,21079.1,19923.7,-188.0,15790.0
2017-11-17,22603.3,22757.4,22319.12,22396.8,1980210000.0,22307.4,22537.2,22206.4,22057.7,21139.3,19938.8,-151.54999999999927,15399.0
2017-11-20,22279.98,22410.24,22215.07,22261.76,1454660000.0,22283.6,22524.0,22245.1,22102.0,21197.4,19954.9,-675.8400000000001,15273.0
2017-11-21,22456.79,22563.25,22416.48,22416.48,1528300000.0,22290.9,22513.8,22290.7,22148.4,21257.8,19971.2,-497.34000000000015,15315.0
2017-11-22,22601.55,22677.34,22513.44,22523.15,1603390000.0,22389.9,22511.7,22330.1,22195.9,21322.8,19989.3,-345.5599999999977,15441.0
2017-11-24,22390.14,22567.2,22381.01,22550.85,1329640000.0,22429.8,22479.5,22365.6,22243.4,21382.9,20007.4,-130.5699999999997,15692.0
2017-11-27,22657.08,22659.33,22423.4,22495.99,1372340000.0,22449.6,22444.6,22403.1,22285.3,21437.3,20025.0,115.0,15986.0
2017-11-28,22474.74,22580.99,22363.94,22486.24,1482180000.0,22494.5,22412.8,22438.7,22326.5,21489.7,20042.9,106.2300000000032,16329.0
2017-11-29,22613.96,22643.93,22537.12,22597.2,1701830000.0,22530.7,22405.7,22466.7,22362.5,21545.5,20060.9,568.880000000001,16790.0
2017-11-30,22601.83,22748.32,22502.68,22724.96,2445570000.0,22571.0,22434.4,22500.7,22399.3,21601.8,20080.0,373.84000000000015,16867.0
2017-12-01,22916.93,22994.31,22675.07,22819.03,1627100000.0,22624.7,22471.0,22539.1,22443.7,21652.2,20097.2,422.22999999999956,16916.0
2017-12-04,22843.53,22864.33,22693.99,22707.16,1394430000.0,22666.9,22527.6,22552.8,22482.4,21700.1,20113.4,445.40000000000146,16895.0
2017-12-05,22595.33,22682.71,22522.28,22622.38,1477120000.0,22694.1,22550.2,22556.8,22507.0,21745.6,20130.3,205.90000000000146,16867.0
2017-12-06,22525.38,22528.21,22119.21,22177.04,1791740000.0,22610.1,22531.9,22539.1,22513.6,21783.2,20144.0,-346.1100000000006,16413.0
2017-12-07,22317.15,22515.24,22317.15,22498.03,1528330000.0,22564.7,22551.5,22518.2,22533.1,21825.2,20159.8,-52.81999999999971,16217.0
2017-12-08,22627.95,22819.71,22625.41,22811.08,2005300000.0,22563.1,22584.4,22513.3,22548.7,21874.8,20177.6,315.09000000000015,16252.0
2017-12-11,22894.3,22938.73,22787.4,22938.73,1420070000.0,22609.5,22619.1,22516.6,22564.7,21928.3,20196.1,452.48999999999796,16420.0
2017-12-12,22936.41,22994.33,22834.89,22866.17,1600620000.0,22658.2,22645.3,22525.4,22577.4,21978.3,20213.5,268.9699999999975,16552.0
2017-12-13,22879.27,22879.37,22697.32,22758.07,1900540000.0,22774.4,22667.2,22543.4,22570.2,22026.4,20230.4,33.11000000000058,16510.0
2017-12-14,22699.3,22786.61,22638.76,22694.45,1666820000.0,22813.7,22684.5,22558.3,22561.4,22072.2,20247.0,-124.57999999999811,16294.0
2017-12-15,22621.36,22745.09,22478.32,22553.22,1844210000.0,22762.1,22680.9,22583.3,22548.8,22111.0,20263.4,-153.9399999999987,16000.0
2017-12-18,22770.44,22927.5,22735.2,22901.77,1613630000.0,22754.7,22695.6,22609.6,22557.6,22156.5,20282.3,279.3899999999994,16210.0
2017-12-19,22961.47,22990.42,22862.82,22868.0,1458990000.0,22755.1,22699.7,22632.0,22577.1,22201.3,20301.1,690.9599999999991,16455.0
2017-12-20,22834.93,22923.5,22806.73,22891.72,1661240000.0,22781.8,22715.1,22662.0,22597.6,22245.3,20318.6,393.6900000000023,16552.0
2017-12-21,22852.01,22894.95,22728.06,22866.1,1451820000.0,22816.2,22735.4,22683.4,22631.1,22286.2,20335.1,55.0199999999968,16483.0
2017-12-22,22850.73,22908.84,22801.16,22902.76,1489220000.0,22886.1,22795.8,22701.5,22653.2,22326.6,20352.2,-35.970000000001164,16420.0
2017-12-25,22909.41,22948.83,22870.19,22939.18,1056440000.0,22893.6,22832.6,22720.0,22674.9,22366.3,20370.0,73.01000000000204,16420.0
2017-12-26,22922.95,22950.15,22877.63,22892.69,1094890000.0,22898.5,22839.4,22738.9,22700.1,22401.0,20387.8,134.61999999999898,16364.0
2017-12-27,22854.39,22936.16,22854.39,22911.21,981240000.0,22902.4,22837.1,22759.1,22719.9,22434.2,20406.1,216.7599999999984,16741.0
2017-12-28,22912.05,22954.45,22736.43,22783.98,997360000.0,22886.0,22830.3,22768.0,22730.3,22463.1,20423.4,230.7599999999984,16580.0
2017-12-29,22831.49,22881.21,22753.2,22764.94,889150000.0,22858.4,22830.8,22769.9,22738.9,22491.2,20439.2,-136.83000000000175,16287.0
2018-01-04,23073.73,23506.33,23065.2,23506.33,1690650000.0,22971.8,22898.5,22802.6,22779.3,22532.3,20458.6,638.3300000000017,16294.0
2018-01-05,23643.0,23730.47,23520.52,23714.53,1681440000.0,23136.2,22995.3,22850.6,22828.4,22577.4,20479.1,822.8099999999977,16294.0
2018-01-09,23948.97,23952.61,23789.03,23849.99,1663410000.0,23324.0,23074.3,22909.0,22878.5,22620.5,20500.4,983.890000000003,16497.0
2018-01-10,23832.81,23864.76,23755.45,23788.2,1592600000.0,23524.8,23151.0,22985.8,22921.1,22660.2,20521.4,885.4400000000023,16608.0
2018-01-11,23656.39,23734.97,23601.84,23710.43,1582830000.0,23713.9,23219.2,23043.5,22956.7,22700.2,20542.4,771.25,16664.0
2018-01-12,23719.66,23743.05,23588.07,23653.82,1696190000.0,23743.4,23284.8,23083.6,22994.6,22738.5,20563.4,761.130000000001,16671.0
2018-01-15,23827.98,23833.27,23685.02,23714.88,1421700000.0,23743.5,23352.5,23120.6,23038.3,22772.6,20586.7,803.6700000000019,16699.0
2018-01-16,23721.17,23962.07,23701.83,23951.81,1318170000.0,23763.8,23436.9,23172.3,23109.3,22811.4,20611.1,1167.8300000000017,16769.0
2018-01-17,23783.42,23891.63,23739.17,23868.34,1541400000.0,23779.9,23518.2,23225.2,23164.1,22848.6,20634.1,1103.4000000000015,16797.0
2018-01-18,24078.93,24084.42,23699.47,23763.37,1820750000.0,23790.4,23589.2,23276.1,23202.2,22875.4,20658.0,257.03999999999724,16706.0
2018-01-19,23854.11,23872.69,23735.61,23808.06,1392340000.0,23821.3,23674.6,23335.8,23237.0,22900.8,20681.0,93.53000000000247,16622.0
2018-01-22,23797.84,23816.33,23697.81,23816.33,1342980000.0,23841.6,23762.2,23379.4,23275.0,22926.2,20704.0,-33.659999999999854,16510.0
2018-01-23,23924.4,24129.34,23916.02,24124.15,1415120000.0,23876.0,23813.7,23439.2,23329.6,22949.9,20729.3,335.9500000000007,16510.0
2018-01-24,24026.43,24072.77,23917.14,23940.78,1523560000.0,23890.5,23832.5,23489.1,23379.5,22970.5,20754.5,230.34999999999854,16510.0
2018-01-25,23750.65,23828.4,23649.03,23669.49,1563330000.0,23871.8,23817.5,23527.4,23424.1,22986.5,20777.9,15.670000000001892,16350.0
2018-01-26,23757.34,23797.96,23592.28,23631.88,1534270000.0,23836.5,23804.4,23562.1,23453.3,23005.5,20802.0,-83.0,16049.0
2018-01-29,23707.14,23787.23,23580.17,23629.34,1326280000.0,23799.1,23797.7,23595.0,23483.8,23030.4,20825.9,-322.47000000000116,15741.0
2018-01-30,23559.33,23581.98,23233.37,23291.97,1702720000.0,23632.7,23767.5,23614.0,23499.8,23048.7,20849.3,-576.369999999999,15427.0
2018-01-31,23205.23,23375.38,23092.85,23098.29,1820730000.0,23464.2,23716.2,23622.9,23509.1,23070.1,20871.5,-665.0799999999981,15231.0
2018-02-01,23276.1,23492.77,23211.12,23486.11,1816560000.0,23427.5,23677.3,23656.3,23532.4,23092.8,20894.9,-321.9500000000007,15217.0
2018-02-02,23361.67,23367.96,23122.45,23274.53,1702440000.0,23356.0,23627.9,23680.6,23545.8,23110.3,20917.6,-541.8000000000029,15168.0
2018-02-05,22921.16,22967.69,22659.43,22682.08,1881890000.0,23166.6,23537.8,23641.4,23537.4,23118.7,20938.2,-1442.0699999999997,15098.0
2018-02-06,22267.0,22277.45,21078.71,21610.24,3155710000.0,22830.2,23354.6,23541.1,23485.4,23102.6,20954.1,-2330.5399999999972,15056.0
2018-02-07,22001.29,22353.87,21627.13,21645.37,2336290000.0,22539.7,23173.7,23436.2,23439.8,23085.1,20970.7,-2024.1200000000026,15042.0
2018-02-08,21721.57,21977.03,21649.7,21890.86,1820420000.0,22220.6,22987.6,23345.8,23404.8,23071.9,20988.4,-1741.0200000000004,15063.0
2018-02-09,21507.74,21510.3,21119.01,21382.62,2137480000.0,21842.2,22774.4,23235.0,23319.9,23049.6,21003.2,-2246.720000000001,15063.0
2018-02-13,21633.34,21679.2,21211.53,21244.68,1962390000.0,21554.8,22572.3,23120.2,23221.1,23024.8,21017.2,-2047.2900000000009,15063.0
2018-02-14,21251.24,21371.01,20950.15,21154.17,1842290000.0,21463.5,22365.9,22998.3,23113.3,22995.9,21030.9,-1944.1200000000026,15063.0
2018-02-15,21384.1,21578.99,21308.92,21464.98,1571110000.0,21427.5,22185.5,22879.9,23020.3,22970.7,21045.1,-2021.130000000001,15105.0
2018-02-16,21555.99,21866.37,21499.88,21720.25,1428880000.0,21393.3,22054.5,22777.6,22940.7,22948.7,21059.3,-1554.2799999999988,15252.0
2018-02-19,21903.66,22152.85,21858.33,22149.21,1290800000.0,21546.7,21975.4,22700.7,22880.6,22937.6,21074.7,-532.8700000000026,15483.0
2018-02-20,22054.32,22063.87,21831.45,21925.1,1236820000.0,21682.7,21845.3,22611.1,22809.0,22923.6,21087.8,314.85999999999694,15790.0
2018-02-21,21942.42,22130.58,21836.73,21970.81,1382020000.0,21846.1,21736.7,22523.2,22729.7,22919.5,21101.4,325.4400000000023,16161.0
2018-02-22,21789.88,21799.4,21626.85,21736.44,1349480000.0,21900.4,21657.9,22409.5,22644.4,22904.3,21114.1,-154.4200000000019,16517.0
2018-02-23,21789.72,21903.39,21741.63,21892.78,1198000000.0,21934.9,21681.4,22312.0,22569.6,22885.9,21127.0,510.15999999999985,16580.0
2018-02-26,22134.64,22226.53,22040.87,22153.63,1242540000.0,21935.8,21723.8,22239.8,22503.4,22870.2,21140.6,908.9500000000007,16678.0
2018-02-27,22391.67,22502.05,22325.07,22389.86,1329100000.0,22028.7,21765.4,22180.6,22446.4,22860.7,21153.0,1235.6900000000023,16846.0
2018-02-28,22292.53,22380.28,22068.24,22068.24,1542290000.0,22048.2,21822.5,22106.3,22364.1,22846.9,21164.2,603.260000000002,16797.0
2018-03-01,21901.13,21901.13,21645.22,21724.47,1518480000.0,22045.8,21862.5,22031.7,22275.5,22827.5,21173.3,4.220000000001164,16552.0
2018-03-02,21339.98,21366.09,21088.96,21181.64,1601000000.0,21903.6,21864.8,21940.4,22176.0,22800.0,21179.4,-967.5699999999997,16091.0
2018-03-05,21047.81,21164.38,20937.26,21042.09,1510450000.0,21681.3,21829.5,21824.0,22072.4,22762.9,21185.2,-883.0099999999984,15706.0
2018-03-06,21390.2,21551.14,21381.42,21417.76,1288810000.0,21486.8,21804.3,21735.6,21983.9,22733.8,21192.9,-553.0500000000029,15413.0
2018-03-07,21261.96,21484.08,21201.94,21252.72,1467440000.0,21323.7,21729.6,21667.5,21902.4,22701.1,21199.6,-483.7199999999975,15371.0
2018-03-08,21488.16,21488.16,21299.4,21368.07,1225760000.0,21252.5,21683.2,21656.0,21833.1,22671.1,21207.4,-524.7099999999991,15315.0
2018-03-09,21594.22,21884.45,21357.55,21469.2,1750480000.0,21310.0,21641.4,21647.6,21752.5,22642.4,21216.9,-684.4300000000003,15336.0
2018-03-12,21826.1,21971.16,21689.97,21824.03,1253600000.0,21466.4,21648.7,21644.4,21694.5,22620.1,21228.1,-565.8300000000017,15462.0
2018-03-13,21742.45,21968.1,21700.78,21968.1,1221520000.0,21576.4,21655.0,21672.3,21665.9,22601.6,21239.5,-100.14000000000306,15671.0
2018-03-14,21764.99,21881.09,21684.02,21777.29,1156090000.0,21681.3,21623.6,21697.7,21672.6,22579.0,21250.4,52.81999999999971,15958.0
2018-03-15,21704.14,21825.97,21555.49,21803.95,1174630000.0,21768.5,21574.8,21728.6,21678.9,22559.4,21260.7,622.3100000000013,16308.0
2018-03-16,21876.53,21879.28,21632.85,21676.51,1388060000.0,21810.0,21542.2,21738.7,21670.3,22537.6,21270.0,634.4199999999983,16622.0
2018-03-19,21537.9,21659.04,21366.88,21489.45,1081457400.0,21743.1,21522.6,21727.7,21674.6,22497.3,21279.0,71.69000000000233,16741.0
