date,open,high,low,close,sma 5,sma 25,sma 50,stddev,-3s,-2s,+2s,+3s,RCI
2015-01-05,17325.68,17540.92,17219.22,17408.71,17408.7,17408.7,17408.7,0.0,17408.7,17408.7,17408.7,17408.7,100.0
2015-01-06,17101.58,17111.36,16881.73,16883.19,17145.9,17145.9,17145.9,371.6,16031.1,16402.7,17889.1,18260.7,99.9
2015-01-07,16808.26,16974.61,16808.26,16885.33,17059.1,17059.1,17059.1,302.8,16150.7,16453.5,17664.7,17967.5,99.8
2015-01-08,17067.4,17243.71,17016.09,17167.1,17086.1,17086.1,17086.1,253.1,16326.9,16580.0,17592.2,17845.3,99.5
2015-01-09,17318.74,17342.65,17129.53,17197.73,17108.4,17108.4,17108.4,224.8,16434.1,16658.9,17557.9,17782.7,99.2
2015-01-13,16970.88,17087.71,16828.27,17087.71,17044.2,17105.0,17105.0,201.2,16501.3,16702.6,17507.4,17708.7,98.6
2015-01-14,16961.82,17036.72,16770.56,16795.96,17026.8,17060.8,17060.8,217.7,16407.8,16625.5,17496.1,17713.8,97.0
2015-01-15,16872.95,17141.98,16856.22,17108.7,17071.4,17066.8,17066.8,202.2,16460.1,16662.3,17471.3,17673.5,95.9
2015-01-16,16812.96,16864.34,16592.57,16864.16,17010.9,17044.3,17044.3,200.9,16441.7,16642.6,17446.0,17646.9,93.3
2015-01-19,17000.78,17039.8,16911.58,17014.29,16974.2,17041.3,17041.3,189.6,16472.4,16662.1,17420.5,17610.2,91.3
2015-01-20,17071.65,17366.3,17066.77,17366.3,17029.9,17070.8,17070.8,204.9,16456.2,16661.1,17480.5,17685.4,90.5
2015-01-21,17308.72,17329.03,17181.55,17280.48,17126.8,17088.3,17088.3,204.5,16474.9,16679.3,17497.3,17701.7,89.6
2015-01-22,17306.64,17355.74,17229.21,17329.02,17170.8,17106.8,17106.8,206.8,16486.3,16693.1,17520.5,17727.3,88.5
2015-01-23,17520.63,17532.06,17460.76,17511.75,17300.4,17135.7,17135.7,226.3,16456.8,16683.1,17588.3,17814.6,88.5
2015-01-26,17285.71,17471.94,17285.71,17468.52,17391.2,17157.9,17157.9,234.4,16454.8,16689.2,17626.6,17861.0,88.5
2015-01-27,17649.4,17768.41,17633.47,17768.3,17471.6,17196.1,17196.1,273.0,16377.0,16650.0,17742.2,18015.2,88.5
2015-01-28,17615.93,17850.59,17615.93,17795.73,17574.7,17231.4,17231.4,301.7,16326.2,16627.9,17834.9,18136.6,88.5
2015-01-29,17666.91,17778.83,17575.1,17606.22,17630.1,17252.2,17252.2,305.8,16334.9,16640.7,17863.7,18169.5,88.2
2015-01-30,17788.74,17808.47,17661.1,17674.39,17662.6,17274.4,17274.4,312.5,16336.8,16649.3,17899.5,18212.0,87.8
2015-02-05,17589.21,17619.34,17484.67,17504.62,17669.9,17285.9,17285.9,308.5,16360.3,16668.8,17903.0,18211.5,86.6
2015-02-06,17696.18,17700.67,17603.07,17648.5,17645.9,17303.2,17303.2,311.0,16370.3,16681.3,17925.1,18236.1,85.8
2015-02-09,17790.31,17799.49,17653.61,17711.93,17629.1,17321.8,17321.8,315.7,16374.6,16690.3,17953.3,18269.0,84.9
2015-02-10,17662.67,17673.27,17550.03,17652.68,17638.4,17336.1,17336.1,316.1,16387.8,16703.9,17968.3,18284.4,83.5
2015-02-12,17899.4,18005.45,17884.34,17979.72,17699.5,17363.0,17363.0,335.9,16355.3,16691.2,18034.8,18370.7,83.5
2015-02-13,17892.1,17962.11,17864.55,17913.36,17781.2,17385.0,17385.0,346.8,16344.7,16691.5,18078.5,18425.3,83.5
2015-02-16,18024.01,18074.26,17978.9,18004.77,17852.5,17408.8,17408.8,368.3,16303.9,16672.2,18145.4,18513.7,89.5
2015-02-17,17949.7,18009.45,17901.26,17987.09,17907.5,17453.0,17430.2,368.8,16346.6,16715.4,18190.6,18559.4,90.3
2015-02-18,18103.98,18202.61,18092.32,18199.17,18016.8,17505.5,17457.7,378.1,16371.3,16749.4,18261.6,18639.7,91.1
2015-02-19,18237.35,18322.5,18237.35,18264.79,18073.8,17549.4,17485.5,400.2,16348.8,16749.0,18349.8,18750.0,92.6
2015-02-20,18336.5,18360.92,18297.67,18332.3,18157.6,17594.8,17513.8,422.4,16327.7,16750.1,18439.5,18861.9,93.8
2015-02-23,18499.58,18509.08,18402.02,18466.92,18250.1,17650.0,17544.5,442.9,16321.2,16764.1,18535.9,18978.8,94.4
2015-02-24,18468.39,18603.48,18427.98,18603.48,18373.3,17722.3,17577.6,445.3,16386.5,16831.8,18612.8,19058.1,94.4
2015-02-25,18636.34,18648.77,18552.81,18585.2,18450.5,17781.3,17608.1,458.2,16406.7,16864.9,18697.7,19155.9,94.5
2015-02-26,18587.87,18790.83,18587.13,18785.79,18554.7,17858.2,17642.8,459.1,16480.9,16940.0,18776.4,19235.5,94.5
2015-02-27,18844.28,18865.39,18714.64,18797.94,18647.9,17929.6,17675.8,461.1,16546.3,17007.4,18851.8,19312.9,94.5
2015-03-02,18869.4,18939.17,18775.23,18826.88,18719.9,17988.0,17707.7,478.9,16551.2,17030.1,18945.9,19424.8,94.8
2015-03-03,18910.52,18910.52,18730.57,18815.16,18762.2,18049.4,17737.7,482.8,16601.0,17083.8,19015.0,19497.8,94.7
2015-03-04,18716.78,18732.66,18586.84,18703.6,18785.9,18104.4,17763.1,475.6,16677.7,17153.3,19055.5,19531.1,93.9
2015-03-05,18658.16,18767.5,18655.36,18751.84,18779.1,18154.0,17788.4,475.9,16726.4,17202.3,19105.7,19581.6,93.4
2015-03-10,18891.01,18924.38,18577.06,18665.11,18752.5,18201.8,17810.4,464.1,16809.6,17273.6,19130.0,19594.0,91.8
2015-03-11,18604.87,18836.93,18583.52,18723.52,18731.8,18240.0,17832.6,466.2,16841.4,17307.6,19172.4,19638.6,92.0
2015-03-12,18787.1,19008.13,18774.42,18991.11,18767.0,18287.8,17860.2,479.8,16848.3,17328.1,19247.5,19727.3,93.6
2015-03-13,19119.58,19335.8,19042.25,19254.25,18877.2,18353.8,17892.6,495.3,16868.0,17363.3,19344.3,19839.6,93.8
2015-03-16,19245.38,19349.2,19226.71,19246.06,18976.0,18416.6,17923.4,505.1,16901.3,17406.4,19426.8,19931.9,94.2
2015-03-17,19425.89,19479.89,19373.39,19437.0,19130.4,18493.9,17957.0,507.6,16971.2,17478.8,19509.0,20016.6,94.2
2015-03-18,19407.76,19555.72,19389.24,19544.48,19294.6,18569.8,17991.5,517.5,17017.2,17534.8,19604.8,20122.4,94.2
2015-03-19,19514.64,19557.17,19312.7,19476.56,19391.7,18640.4,18023.1,516.0,17092.5,17608.4,19672.4,20188.3,94.2
2015-03-20,19479.71,19565.44,19416.63,19560.22,19452.9,18716.7,18055.2,504.8,17202.4,17707.2,19726.2,20231.0,94.2
2015-03-23,19607.98,19778.6,19584.73,19754.36,19554.5,18787.6,18089.8,521.3,17223.6,17745.0,19830.2,20351.6,94.3
2015-03-24,19718.99,19770.64,19646.35,19713.45,19609.8,18859.6,18122.3,519.8,17300.1,17819.9,19899.3,20419.1,94.2
2015-03-25,19745.75,19775.45,19542.22,19746.2,19650.2,18929.3,18169.1,517.2,17377.7,17894.9,19963.7,20480.9,94.2
2015-03-26,19605.6,19623.11,19397.01,19471.12,19649.1,18988.7,18220.8,488.9,17521.9,18010.8,19966.6,20455.5,92.5
2015-03-27,19374.72,19590.03,19099.87,19285.63,19594.2,19032.1,18268.8,463.5,17641.7,18105.2,19959.0,20422.5,89.8
2015-03-30,19295.21,19474.07,19227.29,19411.4,19525.6,19078.0,18313.7,440.5,17756.4,18197.0,19959.0,20399.6,86.4
2015-03-31,19592.43,19607.25,19206.99,19206.99,19424.3,19113.0,18353.9,412.7,17874.9,18287.6,19938.4,20351.1,80.4
2015-04-01,19129.75,19195.23,18927.95,19034.84,19282.0,19135.7,18392.8,390.7,17963.6,18354.3,19917.1,20307.8,73.4
2015-04-02,19141.93,19433.89,19115.14,19312.79,19250.3,19164.1,18443.2,375.9,18036.4,18412.3,19915.9,20291.8,68.0
2015-04-03,19289.04,19435.08,19289.04,19435.08,19280.2,19198.1,18489.7,359.4,18119.8,18479.2,19917.0,20276.4,62.2
2015-04-06,19295.03,19424.09,19241.29,19397.98,19277.5,19222.5,18540.4,350.9,18169.7,18520.6,19924.4,20275.3,56.9
2015-04-07,19539.03,19667.48,19501.31,19640.54,19364.2,19256.2,18592.9,348.9,18209.5,18558.4,19954.0,20302.9,56.0
2015-04-08,19729.7,19845.53,19693.63,19789.81,19515.2,19294.8,18641.4,352.7,18236.8,18589.5,20000.1,20352.8,57.2
2015-04-09,19851.12,19957.32,19822.49,19937.72,19640.2,19339.7,18694.5,360.4,18258.4,18618.8,20060.6,20421.0,57.9
2015-04-10,19989.55,20006.0,19845.31,19907.63,19734.7,19387.8,18746.1,352.3,18331.0,18683.3,20092.3,20444.6,58.0
2015-04-13,19967.38,19975.66,19825.69,19905.46,19836.2,19434.0,18794.0,340.8,18411.5,18752.3,20115.7,20456.5,58.0
2015-04-14,19828.65,19922.5,19828.65,19908.68,19889.9,19483.7,18842.8,313.6,18542.8,18856.5,20110.9,20424.6,57.8
2015-04-15,19838.53,19913.42,19823.86,19869.76,19905.8,19529.6,18884.8,279.8,18690.1,18970.0,20089.2,20369.1,57.0
2015-04-16,19862.48,19894.35,19742.12,19885.77,19895.5,19565.4,18926.6,264.9,18770.7,19035.6,20095.2,20360.1,55.9
2015-04-17,19810.4,19815.25,19638.37,19652.88,19844.5,19581.3,18967.5,257.3,18809.5,19066.7,20095.9,20353.1,51.6
2015-04-20,19501.0,19725.86,19474.23,19634.49,19790.3,19596.8,19006.7,247.7,18853.6,19101.3,20092.3,20340.0,45.5
2015-04-21,19731.57,19909.09,19678.22,19909.09,19790.4,19615.7,19054.8,253.0,18856.7,19109.7,20121.7,20374.7,50.8
2015-04-22,19999.84,20144.66,19983.0,20133.9,19843.2,19639.3,19104.5,272.8,18821.0,19093.8,20184.8,20457.6,56.8
2015-04-23,20227.28,20252.12,20116.19,20187.65,19903.6,19667.7,19154.0,291.5,18793.1,19084.7,20250.7,20542.3,62.0
2015-04-24,20142.47,20142.47,20013.74,20020.04,19977.0,19686.1,19201.4,298.9,18789.5,19088.4,20283.8,20582.7,66.4
2015-04-27,20063.8,20069.24,19909.86,19983.32,20046.8,19695.3,19241.5,304.5,18781.8,19086.3,20304.3,20608.8,74.0
2015-04-28,20068.65,20133.78,20031.71,20058.95,20076.8,19709.1,19284.4,313.1,18769.9,19082.9,20335.3,20648.3,80.5
2015-04-30,19847.5,19852.66,19502.61,19520.01,19954.0,19700.1,19314.7,315.2,18754.4,19069.7,20330.5,20645.8,76.2
2015-05-01,19510.85,19549.39,19399.16,19531.63,19822.8,19702.5,19345.6,313.6,18761.6,19075.3,20329.7,20643.4,66.6
2015-05-07,19356.46,19461.08,19257.85,19291.99,19677.2,19702.7,19367.4,313.3,18762.9,19076.2,20329.2,20642.5,47.4
2015-05-08,19315.63,19458.75,19302.71,19379.19,19556.4,19701.4,19389.7,314.6,18757.7,19072.2,20330.6,20645.1,32.4
2015-05-13,19568.76,19791.88,19494.7,19764.72,19497.5,19723.8,19418.4,297.4,18831.7,19129.1,20318.5,20615.9,20.4
2015-05-14,19661.52,19717.8,19546.82,19570.24,19507.6,19745.2,19440.4,263.0,18956.3,19219.3,20271.1,20534.1,3.7
2015-05-15,19693.17,19750.76,19633.75,19732.92,19547.8,19762.0,19463.0,247.1,19020.6,19267.7,20256.3,20503.4,-8.9
2015-05-18,19766.16,19890.27,19741.22,19890.27,19667.5,19780.2,19489.1,238.7,19064.2,19302.9,20257.5,20496.2,-16.5
2015-05-19,19977.14,20087.7,19946.75,20026.38,19796.9,19805.3,19513.9,229.7,19116.3,19346.0,20264.6,20494.3,-16.2
2015-05-20,20175.59,20278.89,20148.51,20196.56,19883.3,19827.6,19541.9,239.7,19108.4,19348.1,20307.1,20546.8,-8.5
2015-05-21,20215.46,20320.9,20175.78,20202.87,20009.8,19844.1,19569.4,251.0,19091.1,19342.1,20346.1,20597.1,2.4
2015-05-22,20208.85,20278.31,20130.84,20264.41,20116.1,19857.2,19598.4,264.2,19064.5,19328.7,20385.7,20649.9,15.9
2015-05-25,20331.92,20417.77,20318.54,20413.77,20220.8,19877.4,19632.6,286.7,19017.3,19304.0,20450.8,20737.5,27.5
2015-05-26,20431.27,20473.85,20378.77,20437.48,20303.0,19898.7,19666.3,307.8,18975.2,19283.0,20514.4,20822.2,38.2
2015-05-27,20380.64,20513.22,20363.21,20472.58,20358.2,19921.2,19702.5,328.6,18935.5,19264.1,20578.3,20906.9,47.8
2015-05-28,20590.28,20655.33,20473.27,20551.46,20427.9,19948.5,19739.0,351.6,18893.7,19245.3,20651.7,21003.3,55.2
2015-05-29,20510.27,20636.41,20508.4,20563.15,20487.7,19975.6,19770.5,372.1,18859.4,19231.5,20719.7,21091.8,61.9
2015-06-01,20444.54,20595.41,20410.27,20569.87,20518.9,20012.3,19796.8,383.9,18860.5,19244.4,20780.2,21164.1,65.9
2015-06-02,20604.67,20619.61,20470.26,20543.19,20540.0,20048.6,19822.7,389.6,18879.7,19269.3,20827.9,21217.5,69.0
2015-06-03,20443.15,20506.35,20397.73,20473.51,20540.2,20071.2,19843.5,397.5,18878.7,19276.2,20866.2,21263.7,74.1
2015-06-04,20539.94,20552.46,20438.21,20488.19,20527.6,20085.4,19862.3,406.0,18867.3,19273.3,20897.5,21303.5,79.9
2015-06-05,20398.76,20480.25,20363.18,20460.9,20507.1,20096.3,19882.0,412.5,18858.7,19271.2,20921.4,21333.9,83.8
2015-06-08,20537.85,20544.94,20359.06,20457.19,20484.6,20113.8,19900.0,418.4,18858.6,19277.0,20950.6,21369.0,85.1
2015-06-09,20293.05,20332.42,20095.48,20096.3,20395.2,20118.3,19906.8,417.5,18865.7,19283.2,20953.4,21370.9,80.4
2015-06-15,20205.1,20401.48,20205.1,20387.79,20378.1,20131.5,19920.3,420.8,18869.2,19290.0,20973.0,21393.8,77.9
2015-06-16,20332.83,20368.21,20234.16,20257.94,20332.0,20161.0,19930.5,401.5,18956.5,19358.0,20964.0,21365.5,70.4
2015-06-17,20306.1,20323.08,20126.57,20219.27,20283.7,20188.5,19945.5,379.6,19049.8,19429.4,20947.6,21327.2,61.6
2015-06-18,20193.59,20200.51,19990.55,19990.82,20190.4,20216.4,19959.6,333.8,19215.1,19548.9,20883.9,21217.7,47.0
2015-06-19,20152.41,20194.45,20075.91,20174.24,20206.0,20248.2,19974.8,285.0,19393.3,19678.3,20818.1,21103.1,32.8
2015-06-22,20174.14,20433.3,20174.14,20428.19,20214.1,20274.8,19999.3,268.5,19469.4,19737.8,20811.8,21080.2,24.2
2015-06-23,20547.74,20809.42,20531.13,20809.42,20324.4,20324.3,20034.8,246.5,19584.9,19831.4,20817.2,21063.7,24.2
2015-06-24,20889.32,20952.71,20838.22,20868.03,20454.1,20369.8,20065.9,237.4,19657.7,19895.1,20844.5,21081.9,24.2
2015-06-25,20777.69,20866.58,20758.6,20771.4,20610.3,20405.0,20092.6,228.5,19719.6,19948.1,20861.9,21090.4,24.0
2015-06-26,20758.43,20785.76,20650.0,20706.15,20716.6,20432.2,20118.8,221.9,19766.6,19988.5,20875.9,21097.8,25.0
2015-06-29,20305.97,20361.6,20093.16,20109.95,20653.0,20428.7,20128.1,226.3,19749.7,19976.0,20881.4,21107.7,7.2
2015-06-30,20174.61,20243.18,20118.26,20235.73,20538.3,20430.0,20137.1,225.1,19754.8,19979.9,20880.1,21105.2,-7.5
2015-07-01,20291.05,20346.74,20225.27,20329.32,20430.5,20432.6,20144.9,223.4,19762.3,19985.7,20879.5,21102.9,-17.1
2015-07-02,20565.94,20601.73,20479.85,20522.5,20380.7,20437.0,20157.2,224.1,19764.7,19988.8,20885.2,21109.3,-13.5
2015-07-03,20476.69,20557.51,20431.25,20539.79,20347.5,20441.1,20169.9,225.1,19765.9,19991.0,20891.2,21116.3,-10.1
2015-07-06,20200.15,20310.72,20012.23,20112.12,20347.9,20426.7,20173.9,234.3,19723.8,19958.1,20895.3,21129.6,-18.2
2015-07-07,20354.23,20428.0,20337.18,20376.59,20376.1,20419.7,20184.1,233.0,19720.6,19953.6,20885.8,21118.8,-16.8
2015-07-08,20282.49,20310.89,19737.64,19737.64,20257.7,20386.6,20181.1,267.8,19583.3,19851.1,20922.1,21189.9,-21.6
2015-07-09,19422.78,19855.5,19115.2,19855.5,20124.3,20358.1,20185.2,285.0,19503.2,19788.2,20928.0,21213.0,-26.0
2015-07-10,19829.93,19978.24,19720.15,19779.83,19972.3,20327.5,20188.1,304.5,19414.0,19718.5,20936.5,21241.0,-30.0
2015-07-15,20478.85,20496.6,20401.09,20463.33,20042.6,20327.1,20199.2,304.3,19414.1,19718.5,20935.7,21240.1,-20.4
2015-07-16,20588.98,20612.5,20522.25,20600.12,20087.3,20331.6,20208.5,307.6,19408.8,19716.4,20946.8,21254.4,-7.7
2015-07-17,20646.63,20658.95,20611.22,20650.92,20269.9,20339.2,20217.8,313.2,19399.5,19712.8,20965.6,21278.9,1.5
2015-07-21,20763.31,20850.0,20710.34,20841.97,20467.2,20354.6,20234.2,328.3,19369.6,19697.9,21011.3,21339.6,12.8
2015-07-22,20657.8,20677.84,20576.19,20593.67,20630.0,20374.5,20246.4,327.1,19393.2,19720.3,21028.7,21355.8,11.9
2015-07-23,20693.57,20708.23,20648.76,20683.95,20674.1,20386.3,20258.9,332.9,19387.5,19720.5,21052.1,21385.1,16.2
2015-07-24,20603.63,20631.54,20527.78,20544.53,20663.0,20397.8,20279.4,333.3,19398.0,19731.3,21064.3,21397.6,16.3
2015-07-27,20374.05,20486.93,20278.73,20350.1,20602.8,20403.0,20295.8,331.4,19408.9,19740.3,21065.7,21397.1,9.1
2015-07-28,20188.57,20423.58,20070.62,20328.89,20500.2,20416.6,20316.5,320.6,19454.9,19775.5,21057.7,21378.3,-2.7
2015-07-29,20425.69,20425.69,20205.21,20302.91,20442.1,20421.7,20335.0,317.5,19469.1,19786.7,21056.7,21374.3,-14.8
2015-07-30,20450.61,20583.57,20443.89,20522.83,20409.9,20425.5,20350.1,318.2,19471.0,19789.2,21061.8,21380.0,-14.6
2015-07-31,20506.55,20585.24,20466.8,20585.24,20418.0,20416.5,20370.4,309.9,19486.7,19796.6,21036.4,21346.3,-1.3
2015-08-03,20540.21,20562.2,20396.5,20548.11,20457.6,20403.7,20386.7,296.9,19513.1,19810.0,20997.4,21294.3,14.6
2015-08-04,20462.18,20552.04,20448.49,20520.36,20495.9,20393.7,20399.3,288.0,19529.7,19817.7,20969.7,21257.7,26.8
2015-08-05,20490.15,20715.48,20469.87,20614.06,20558.1,20390.0,20411.1,284.4,19536.8,19821.2,20958.8,21243.2,46.4
2015-08-06,20768.77,20817.48,20664.44,20664.44,20586.4,20412.2,20420.5,283.3,19562.4,19845.6,20978.8,21262.0,46.5
2015-08-07,20601.57,20754.0,20567.51,20724.56,20614.3,20431.7,20430.9,287.4,19569.4,19856.8,21006.6,21294.0,47.5
2015-08-10,20618.31,20820.86,20617.05,20808.69,20666.4,20450.9,20441.8,296.2,19562.4,19858.5,21043.3,21339.4,50.5
2015-08-11,20920.6,20946.93,20582.01,20720.75,20706.5,20458.8,20447.9,300.8,19556.4,19857.2,21060.4,21361.2,56.2
2015-08-12,20632.68,20703.2,20303.02,20392.77,20662.2,20453.0,20447.0,300.6,19551.3,19851.8,21054.2,21354.7,51.7
2015-08-17,20600.16,20668.87,20541.0,20620.26,20653.4,20473.3,20450.0,293.7,19592.3,19886.0,21060.6,21354.3,47.5
2015-08-18,20640.59,20663.18,20545.25,20554.47,20619.4,20480.4,20450.0,293.4,19600.2,19893.6,21067.2,21360.6,41.0
2015-08-19,20467.49,20521.97,20218.03,20222.63,20502.2,20499.8,20443.2,255.9,19732.2,19988.1,21011.5,21267.4,21.5
2015-08-20,20194.26,20246.47,20033.29,20033.52,20364.7,20506.9,20432.5,239.1,19789.6,20028.7,20985.1,21224.2,0.4
2015-08-21,19711.34,19737.54,19435.83,19435.83,20173.3,20493.2,20410.3,287.7,19630.2,19917.9,21068.5,21356.2,-22.7
2015-08-24,19075.05,19154.65,18498.8,18540.68,19757.4,20416.3,20371.7,485.2,18960.8,19446.0,21386.6,21871.8,-37.2
2015-08-25,18171.66,18835.35,17747.5,17806.7,19207.9,20304.5,20318.1,710.4,18173.2,18883.6,21725.4,22435.8,-44.9
2015-08-26,17894.29,18442.84,17714.3,18376.83,18838.7,20213.6,20276.4,803.7,17802.5,18606.2,21821.0,22624.7,-49.6
2015-08-27,18680.47,18810.05,18486.46,18574.44,18546.9,20122.8,20238.7,856.1,17554.6,18410.7,21834.9,22691.0,-49.2
2015-08-28,18908.73,19192.82,18901.09,19136.32,18487.0,20064.6,20219.5,872.1,17448.2,18320.3,21808.9,22681.0,-54.3
2015-08-31,19006.98,19019.61,18749.77,18890.48,18557.0,19992.8,20189.6,892.6,17315.0,18207.6,21778.0,22670.6,-56.0
2015-09-01,18763.72,18777.47,18165.69,18165.69,18628.8,19897.7,20147.7,955.9,17030.1,17985.9,21809.5,22765.3,-62.5
2015-09-02,17861.81,18467.44,17857.3,18095.4,18572.5,19807.5,20105.3,1015.9,16759.8,17775.7,21839.3,22855.2,-69.9
2015-09-03,18359.53,18481.57,18176.75,18182.39,18494.1,19721.6,20069.1,1059.8,16542.3,17602.1,21841.1,22900.9,-76.1
2015-09-04,18312.13,18312.13,17608.17,17792.16,18225.2,19621.2,20021.4,1119.6,16262.3,17381.9,21860.5,22980.1,-82.1
2015-09-07,17674.82,18013.64,17478.72,17860.47,18019.2,19514.7,19970.1,1156.3,16045.7,17202.1,21827.3,22983.7,-85.5
2015-09-08,17941.91,17962.56,17415.61,17427.08,17871.5,19388.4,19902.4,1205.9,15770.6,16976.5,21800.3,23006.2,-88.1
2015-09-09,17758.13,18770.51,17756.76,18770.51,18006.5,19317.3,19860.5,1187.0,15756.4,16943.4,21691.2,22878.2,-86.1
2015-09-10,18418.64,18420.56,17956.15,18299.62,18030.0,19228.4,19811.1,1176.2,15699.7,16875.9,21580.9,22757.1,-85.4
2015-09-11,18155.71,18362.99,18124.35,18264.22,18124.4,19134.4,19762.2,1154.6,15670.7,16825.2,21443.6,22598.1,-83.1
2015-09-14,18341.01,18344.07,17925.09,17965.7,18145.4,19026.5,19719.3,1131.5,15632.0,16763.5,21289.5,22421.0,-81.3
2015-09-15,18082.72,18329.57,17995.98,18026.48,18265.3,18918.6,19675.1,1090.7,15646.4,16737.2,21100.0,22190.8,-78.8
2015-09-16,18238.15,18291.97,18094.99,18171.6,18145.5,18813.1,19632.0,1025.9,15735.4,16761.3,20864.9,21890.8,-74.1
2015-09-17,18361.99,18468.2,18289.63,18432.27,18172.1,18721.5,19590.2,947.7,15878.4,16826.1,20616.9,21564.6,-66.0
2015-09-18,18275.48,18295.9,18069.5,18070.21,18133.3,18628.6,19540.8,889.1,15961.3,16850.4,20406.8,21295.9,-62.2
2015-09-24,17803.41,17865.84,17571.83,17571.83,18054.5,18506.7,19490.0,810.1,16076.4,16886.5,20126.9,20937.0,-61.5
2015-09-25,17618.3,17880.51,17483.69,17880.51,18025.3,18399.7,19440.1,697.1,16308.4,17005.5,19793.9,20491.0,-57.4
2015-09-28,17811.12,17886.49,17562.6,17645.11,17920.0,18296.6,19398.2,600.1,16496.2,17096.4,19496.8,20097.0,-56.4
2015-09-29,17359.38,17366.95,16901.49,16930.84,17619.7,18172.5,19339.7,544.2,16540.0,17084.2,19260.8,19805.0,-56.4
2015-09-30,17193.84,17460.97,17179.4,17388.15,17483.3,18090.6,19291.9,498.3,16595.8,17094.1,19087.1,19585.4,-56.3
2015-10-01,17479.97,17831.58,17389.57,17722.42,17513.4,18057.9,19237.1,494.3,16574.9,17069.2,19046.6,19540.9,-56.2
2015-10-02,17564.39,17775.77,17537.85,17725.13,17482.3,18054.6,19179.6,496.3,16565.6,17061.9,19047.3,19543.6,-67.2
2015-10-05,17921.0,18079.46,17869.74,18005.49,17554.4,18039.8,19126.7,491.8,16564.3,17056.2,19023.4,19515.3,-62.6
2015-10-06,18302.41,18372.72,18094.85,18186.1,17805.5,18024.2,19073.5,480.2,16583.5,17063.7,18984.7,19464.9,-48.3
2015-10-07,18168.2,18379.23,18043.08,18322.98,17992.4,17991.7,19028.1,426.3,16712.9,17139.2,18844.2,19270.5,-29.2
2015-10-08,18310.62,18400.69,18121.68,18141.17,18076.2,17961.7,18977.3,384.8,16807.4,17192.2,18731.2,19116.0,-15.8
2015-10-09,18281.51,18438.67,18184.96,18438.67,18218.9,17972.7,18935.2,394.5,16789.1,17183.6,18761.8,19156.3,-1.2
2015-10-13,18335.15,18359.71,18223.8,18234.74,18264.7,17978.2,18892.9,397.3,16786.2,17183.6,18772.8,19170.2,6.2
2015-10-14,18106.66,18126.39,17831.53,17891.0,18205.7,17966.6,18844.1,395.4,16780.5,17175.9,18757.3,19152.7,8.2
2015-10-15,17804.91,18170.67,17758.12,18096.9,18160.5,17978.8,18800.0,394.4,16795.5,17189.9,18767.7,19162.1,6.0
2015-10-19,18282.78,18314.09,18078.43,18131.23,18158.5,17989.6,18752.1,394.8,16805.3,17200.0,18779.2,19173.9,2.5
2015-10-20,18245.54,18253.13,18147.98,18207.15,18112.2,18020.8,18704.6,379.0,16883.9,17262.8,18778.8,19157.7,-3.5
2015-10-21,18167.64,18605.41,18167.64,18554.28,18176.1,18012.2,18664.7,363.3,16922.3,17285.6,18738.8,19102.1,19.6
2015-10-22,18443.69,18579.14,18376.01,18435.87,18285.1,18017.6,18623.0,368.8,16911.3,17280.1,18755.1,19123.9,37.2
2015-10-23,18762.65,18915.64,18746.61,18825.3,18430.8,18040.0,18587.2,400.1,16839.6,17239.7,18840.3,19240.4,53.9
2015-10-26,19036.13,19088.76,18937.45,18947.12,18593.9,18079.3,18552.9,438.8,16762.8,17201.7,18956.9,19395.8,59.6
2015-10-27,18961.16,18964.99,18760.79,18777.04,18707.9,18109.3,18513.9,460.2,16728.7,17188.9,19029.7,19489.9,65.3
2015-10-28,18826.94,18925.51,18815.12,18903.02,18777.7,18138.6,18475.8,486.8,16678.2,17165.0,19112.2,19599.0,74.2
2015-10-29,19046.16,19080.89,18809.48,18935.71,18877.6,18158.7,18440.1,509.4,16630.6,17140.0,19177.4,19686.8,86.2
2015-10-30,18924.31,19202.34,18784.69,19083.1,18929.2,18199.2,18413.9,541.3,16575.3,17116.6,19281.8,19823.1,90.0
2015-11-02,18827.11,18861.11,18641.22,18683.24,18876.4,18243.7,18375.2,533.2,16644.1,17177.3,19310.1,19843.3,88.9
2015-11-04,18941.32,19151.89,18926.91,18926.91,18906.4,18285.5,18342.6,544.5,16652.1,17196.6,19374.4,19918.9,89.2
2015-11-05,19029.44,19167.09,18995.96,19116.41,18949.1,18344.4,18320.5,551.8,16688.9,17240.7,19448.1,19999.9,89.5
2015-11-06,19194.34,19294.15,19164.86,19265.6,19015.1,18437.8,18305.2,497.5,16945.2,17442.8,19432.8,19930.4,89.5
2015-11-09,19411.51,19684.41,19389.74,19642.74,19127.0,18528.0,18309.3,503.6,17017.1,17520.7,19535.3,20038.9,89.5
2015-11-10,19457.05,19674.05,19457.05,19671.26,19324.6,18605.9,18331.9,524.2,17033.4,17557.6,19654.2,20178.4,89.5
2015-11-11,19602.01,19724.12,19602.01,19691.39,19477.5,18684.6,18369.6,533.9,17082.9,17616.8,19752.4,20286.3,89.5
2015-11-12,19644.65,19725.83,19597.99,19697.77,19593.8,18752.3,18396.0,551.2,17098.6,17649.8,19854.8,20406.0,89.9
2015-11-13,19495.26,19601.49,19388.91,19596.91,19660.0,18808.7,18416.5,562.9,17119.9,17682.8,19934.6,20497.5,90.7
2015-11-16,19263.96,19451.09,19252.04,19393.69,19610.2,18851.5,18421.6,565.2,17156.0,17721.2,19981.8,20547.0,91.5
2015-11-20,19800.2,19879.81,19715.74,19879.81,19651.9,18921.1,18441.4,580.9,17178.5,17759.4,20082.8,20663.7,92.5
2015-11-24,19875.99,19954.0,19834.76,19924.89,19698.6,18980.5,18476.6,605.0,17165.5,17770.5,20190.5,20795.5,94.2
2015-11-25,19856.84,19871.75,19786.53,19847.58,19728.6,19045.0,18511.6,608.1,17220.6,17828.7,20261.3,20869.4,94.7
2015-11-26,19929.97,19992.44,19926.1,19944.41,19798.1,19127.2,18546.9,584.0,17375.3,17959.3,20295.1,20879.1,94.7
2015-11-27,19994.05,19994.05,19831.25,19883.94,19896.1,19198.7,18588.7,561.5,17514.1,18075.6,20321.8,20883.3,94.4
2015-11-30,19857.38,19867.95,19707.67,19747.47,19869.7,19263.3,18626.5,525.4,17687.1,18212.5,20314.1,20839.5,93.2
2015-12-01,19799.08,20012.4,19797.55,20012.4,19887.2,19335.5,18678.2,497.5,17842.9,18340.5,20330.5,20828.1,93.2
2015-12-02,19957.5,20002.12,19926.22,19938.13,19905.3,19390.9,18701.5,483.8,17939.6,18423.4,20358.4,20842.2,92.9
2015-12-03,19894.63,19967.88,19862.74,19939.9,19904.4,19451.0,18734.3,452.6,18093.3,18545.9,20356.1,20808.7,92.4
2015-12-04,19616.52,19660.9,19444.54,19504.48,19828.5,19478.2,18759.1,433.4,18177.9,18611.3,20345.1,20778.5,84.5
2015-12-07,19710.39,19811.51,19677.21,19698.15,19818.6,19508.2,18793.8,420.9,18245.4,18666.3,20350.1,20771.0,81.7
2015-12-08,19689.87,19764.21,19475.28,19492.6,19714.7,19536.9,18823.1,392.5,18359.4,18751.9,20321.9,20714.4,71.2
2015-12-09,19391.5,19475.4,19260.12,19301.07,19587.2,19552.8,18845.7,373.3,18432.8,18806.1,20299.5,20672.8,58.2
2015-12-10,19070.02,19125.06,19025.78,19046.55,19408.6,19557.2,18858.0,366.3,18458.3,18824.6,20289.8,20656.1,39.0
2015-12-11,19020.75,19282.21,19020.75,19230.48,19353.8,19563.1,18881.2,359.5,18484.7,18844.2,20282.0,20641.5,23.4
2015-12-14,18887.09,18911.78,18611.09,18883.42,19190.8,19571.1,18907.4,340.8,18548.7,18889.5,20252.7,20593.5,0.3
2015-12-15,18869.04,18897.87,18562.51,18565.9,19005.5,19556.7,18921.1,375.1,18431.3,18806.4,20307.0,20682.1,-20.9
2015-12-16,18868.2,19054.89,18859.11,19049.91,18955.3,19554.0,18949.2,378.6,18418.2,18796.8,20311.2,20689.8,-38.2
2015-12-17,19364.57,19507.17,19325.15,19353.56,19016.7,19557.5,18997.7,376.2,18428.8,18805.1,20309.9,20686.2,-51.2
2015-12-18,19320.46,19869.08,18982.25,18986.8,18967.9,19531.3,19029.6,392.6,18353.6,18746.2,20316.4,20709.0,-59.3
2015-12-21,18845.5,18979.83,18651.13,18916.02,18974.4,19501.1,19053.5,410.0,18271.1,18681.1,20321.1,20731.1,-66.2
2015-12-22,18927.86,18943.46,18824.65,18886.7,19038.6,19468.9,19076.7,425.7,18191.7,18617.4,20320.4,20746.1,-72.1
2015-12-24,19071.41,19071.41,18780.94,18789.69,18986.6,19432.6,19092.4,443.7,18101.4,18545.1,20320.1,20763.8,-77.5
2015-12-25,18823.91,18870.7,18744.44,18769.06,18869.7,19399.5,19104.1,461.5,18015.0,18476.5,20322.5,20784.0,-82.0
2015-12-28,18838.91,18922.9,18764.54,18873.35,18847.0,19378.7,19115.1,473.4,17958.6,18432.0,20325.4,20798.8,-87.2
2015-12-29,18843.39,18991.01,18783.36,18982.23,18860.2,19342.7,19131.9,467.8,17939.4,18407.2,20278.2,20746.0,-86.8
2016-01-04,18818.58,18951.12,18394.43,18450.98,18773.1,19283.8,19132.2,483.9,17832.0,18315.9,20251.7,20735.6,-88.3
2016-01-05,18398.76,18547.38,18327.52,18374.0,18689.9,19224.8,19134.9,501.8,17719.3,18221.2,20228.4,20730.3,-89.7
2016-01-06,18410.57,18469.38,18064.3,18191.32,18574.4,19154.7,19140.9,519.3,17596.9,18116.2,20193.2,20712.5,-89.9
2016-01-07,18139.77,18172.04,17767.34,17767.34,18353.2,19070.1,19134.4,565.9,17372.5,17938.3,20201.9,20767.7,-90.6
2016-01-08,17562.23,17975.31,17509.64,17697.96,18096.3,18988.1,19125.7,610.4,17157.0,17767.4,20208.8,20819.2,-91.1
2016-01-12,17470.93,17546.57,17184.78,17218.96,17849.9,18876.3,19105.9,668.0,16872.3,17540.3,20212.3,20880.3,-91.1
2016-01-13,17449.12,17717.75,17414.55,17715.63,17718.2,18787.4,19089.2,668.7,16781.3,17450.0,20124.8,20793.5,-90.9
2016-01-14,17384.93,17393.83,16944.41,17240.95,17528.2,18679.5,19065.3,692.3,16602.5,17294.8,20064.2,20756.5,-90.8
2016-01-15,17522.46,17597.87,17057.6,17147.11,17404.1,18585.2,19031.7,734.5,16381.6,17116.1,20054.3,20788.8,-90.8
2016-01-18,16826.93,17037.26,16665.05,16955.57,17255.6,18475.5,18991.9,765.5,16178.9,16944.4,20006.6,20772.1,-90.8
2016-01-19,16902.29,17088.31,16812.65,17048.37,17221.5,18377.7,18957.3,786.0,16019.6,16805.6,19949.8,20735.8,-90.8
2016-01-20,17030.28,17031.32,16387.61,16416.19,16961.6,18262.3,18907.6,853.7,15701.3,16554.9,19969.7,20823.3,-91.2
2016-01-21,16466.86,16734.58,16017.26,16017.26,16716.9,18141.2,18849.2,947.6,15298.5,16246.1,20036.3,20983.9,-92.0
2016-01-22,16336.72,16993.96,16332.45,16958.53,16679.2,18050.3,18806.7,947.7,15207.3,16155.0,19945.6,20893.3,-91.8
2016-01-25,17145.81,17208.24,16922.21,17110.91,16710.3,17979.4,18775.2,949.0,15132.3,16081.3,19877.5,20826.5,-92.9
2016-01-26,16833.13,16839.52,16652.26,16708.9,16642.4,17905.1,18730.9,973.6,14984.3,15957.9,19852.3,20825.9,-95.8
2016-01-27,16949.19,17242.27,16947.95,17163.92,16791.9,17829.7,18691.8,954.1,14967.5,15921.6,19737.8,20691.9,-93.2
2016-01-28,17059.84,17235.44,16942.13,17041.45,16996.7,17737.2,18647.4,911.3,15003.4,15914.6,19559.8,20471.0,-91.2
2016-01-29,17155.06,17638.93,16767.09,17518.3,17108.7,17678.4,18604.9,873.9,15056.6,15930.5,19426.3,20300.2,-85.2
2016-02-01,17699.6,17905.37,17666.48,17865.23,17259.6,17636.4,18568.7,836.4,15127.2,15963.6,19309.2,20145.6,-75.1
2016-02-05,16790.53,16893.12,16627.8,16819.59,17281.7,17553.7,18511.3,809.4,15125.5,15934.9,19172.5,19981.9,-73.7
2016-02-08,16620.91,17099.01,16552.3,17004.3,17249.8,17482.3,18457.4,773.8,15161.0,15934.8,19029.8,19803.6,-70.5
2016-02-09,16666.79,16668.7,16025.94,16085.44,17058.6,17375.0,18387.2,774.0,15053.1,15827.1,18922.9,19696.9,-70.0
2016-02-10,16127.86,16163.03,15429.99,15713.39,16697.6,17248.6,18313.6,777.1,14917.3,15694.4,18802.8,19579.9,-70.1
2016-02-12,15426.27,15437.22,14865.77,14952.61,16115.1,17087.4,18215.1,819.3,14629.6,15448.9,18725.9,19545.2,-70.1
2016-02-15,15248.38,16155.1,15243.88,16022.58,15955.7,16990.2,18137.0,794.4,14606.9,15401.3,18579.1,19373.5,-68.8
2016-02-16,15849.47,16341.56,15809.58,16054.43,15765.7,16897.4,18061.1,760.8,14614.9,15375.7,18419.1,19179.9,-67.3
2016-02-17,16035.35,16214.46,15632.12,15836.36,15715.9,16803.3,17979.0,739.5,14584.9,15324.4,18282.2,19021.7,-66.8
2016-02-18,16138.08,16337.59,16118.8,16196.8,15812.6,16740.4,17905.2,720.6,14578.6,15299.2,18181.6,18902.2,-65.2
2016-02-19,16050.4,16050.46,15799.35,15967.17,16015.5,16671.2,17829.6,707.8,14547.8,15255.6,18086.8,18794.6,-65.5
2016-02-22,15851.39,16187.4,15816.83,16111.05,16033.2,16626.9,17751.6,706.8,14506.6,15213.4,18040.4,18747.2,-63.8
2016-02-23,16230.38,16350.38,16001.19,16052.05,16032.7,16560.3,17673.9,677.7,14527.2,15204.9,17915.7,18593.4,-61.2
2016-02-24,15851.13,16006.45,15753.77,15915.79,16048.6,16507.3,17593.4,674.1,14485.1,15159.2,17855.4,18529.5,-61.3
2016-02-25,15983.47,16218.29,15953.93,16140.34,16037.3,16467.1,17526.1,664.3,14474.3,15138.6,17795.6,18459.9,-57.2
2016-02-26,16311.52,16472.5,16188.41,16188.41,16081.5,16436.4,17455.9,658.4,14461.1,15119.5,17753.3,18411.7,-54.3
2016-02-29,16313.31,16464.75,16026.76,16026.76,16064.7,16395.5,17386.6,650.5,14443.9,15094.4,17696.6,18347.1,-50.8
2016-03-01,16013.0,16099.42,15857.37,16085.51,16071.4,16382.3,17322.3,653.5,14421.9,15075.4,17689.2,18342.7,-46.5
2016-03-02,16391.48,16815.25,16388.92,16746.55,16237.5,16411.5,17276.3,652.8,14453.2,15106.0,17717.0,18369.8,-52.8
2016-03-03,16695.78,16962.95,16691.94,16960.16,16401.5,16411.5,17230.9,652.8,14453.1,15105.9,17717.1,18369.9,-41.3
2016-03-04,16927.36,17042.92,16861.38,17014.78,16566.8,16407.7,17193.5,648.8,14461.3,15110.1,17705.3,18354.1,-25.7
2016-03-08,16889.48,16909.79,16570.22,16783.15,16718.0,16410.6,17157.9,650.4,14459.4,15109.8,17711.4,18361.8,-19.7
2016-03-09,16625.59,16706.25,16494.8,16642.2,16829.4,16389.8,17109.7,633.4,14489.7,15123.1,17656.5,18289.9,-6.2
2016-03-10,16811.0,16887.6,16713.13,16852.35,16850.5,16382.2,17059.7,626.4,14503.1,15129.5,17634.9,18261.3,10.8
2016-03-11,16610.18,17015.3,16575.75,16938.87,16846.3,16359.0,17018.7,592.4,14581.9,15174.3,17543.7,18136.1,29.6
2016-03-14,17155.52,17291.35,17149.21,17233.75,16890.1,16333.8,16985.1,536.3,14725.0,15261.3,17406.3,17942.6,52.7
2016-03-15,17219.89,17279.3,17042.56,17117.07,16956.8,16345.7,16949.7,550.6,14693.9,15244.5,17446.9,17997.5,67.5
2016-03-16,16981.36,17102.45,16950.84,16974.45,17023.3,16344.5,16913.4,549.1,14697.1,15246.2,17442.8,17991.9,84.8
2016-03-17,17107.6,17253.03,16814.84,16936.38,17040.1,16378.5,16876.7,558.7,14702.4,15261.1,17495.9,18054.6,86.8
2016-03-18,16883.75,16920.91,16613.69,16724.81,16997.3,16419.0,16833.8,545.0,14784.0,15329.0,17509.0,18054.0,82.4
2016-03-22,16937.31,17107.8,16851.21,17048.55,16960.3,16502.8,16795.1,465.4,15106.5,15572.0,17433.6,17899.1,81.7
2016-03-23,17066.27,17142.08,16964.31,17000.98,16937.0,16541.9,16766.1,464.5,15148.4,15612.9,17470.9,17935.4,80.9
2016-03-24,16979.39,17041.16,16843.99,16892.33,16920.6,16575.5,16736.5,458.0,15201.4,15659.4,17491.6,17949.6,78.3
2016-03-25,16949.53,17026.14,16889.4,17002.75,16933.9,16622.1,16712.7,438.6,15306.3,15744.9,17499.3,17937.9,75.9
2016-03-28,17129.27,17167.88,16961.41,17134.37,17015.8,16659.6,16700.0,440.8,15337.2,15778.0,17541.2,17982.0,78.0
2016-03-29,16985.28,17137.2,16948.43,17103.53,17026.8,16705.1,16688.1,424.7,15431.0,15855.7,17554.5,17979.2,76.7
2016-03-30,17078.03,17078.03,16875.91,16878.96,17002.4,16735.8,16681.3,407.4,15513.7,15921.0,17550.6,17957.9,69.8
2016-03-31,16997.14,17033.65,16758.67,16758.67,16975.7,16764.1,16662.2,381.7,15619.1,16000.8,17527.4,17909.1,58.8
2016-04-01,16719.56,16719.56,16113.01,16164.16,16807.9,16774.0,16640.7,361.4,15689.9,16051.3,17496.7,17858.1,40.8
2016-04-04,16087.76,16238.51,16029.5,16123.27,16605.7,16773.3,16620.2,362.6,15685.5,16048.1,17498.5,17861.1,21.6
2016-04-05,16044.23,16066.18,15698.55,15732.82,16331.6,16755.1,16595.7,402.5,15547.6,15950.1,17560.1,17962.6,2.4
2016-04-06,15727.7,15828.61,15612.91,15715.36,16098.9,16742.6,16569.1,429.9,15453.0,15882.9,17602.3,18032.2,-18.8
2016-04-07,15739.26,15871.1,15636.21,15749.84,15897.1,16729.2,16555.7,455.7,15362.1,15817.8,17640.6,18096.3,-38.1
2016-04-08,15597.04,16027.63,15471.8,15821.52,15828.6,16692.2,16551.8,490.5,15220.8,15711.3,17673.1,18163.6,-51.1
2016-04-11,15761.57,15778.74,15525.49,15751.13,15754.1,16643.8,16527.7,521.6,15079.1,15600.7,17686.9,18208.5,-57.3
2016-04-12,15719.24,15963.03,15693.61,15928.79,15793.3,16600.4,16504.0,534.4,14997.1,15531.5,17669.3,18203.7,-60.0
2016-04-13,16142.71,16405.59,16132.23,16381.22,15926.5,16584.3,16497.5,534.8,14980.0,15514.8,17653.8,18188.6,-65.8
2016-04-14,16629.83,16911.05,16602.17,16911.05,16158.7,16595.1,16492.4,538.7,14979.1,15517.8,17672.4,18211.1,-65.5
2016-04-15,16720.39,16928.67,16720.39,16848.03,16364.0,16594.9,16488.6,538.6,14979.2,15517.7,17672.1,18210.6,-67.5
2016-04-18,16521.25,16526.9,16254.2,16275.95,16469.0,16568.4,16463.7,537.3,14956.6,15493.9,17642.9,18180.2,-66.6
2016-04-19,16582.66,16900.33,16570.5,16874.44,16658.1,16554.0,16443.9,523.3,14984.0,15507.3,17600.7,18124.0,-58.2
2016-04-20,17053.83,17099.36,16870.73,16906.54,16763.2,16545.6,16445.6,515.5,14999.0,15514.5,17576.7,18092.2,-46.8
2016-04-21,17187.27,17381.7,17144.53,17363.62,16853.7,16561.2,16452.8,534.6,14957.5,15492.1,17630.3,18164.9,-25.8
2016-04-22,17220.47,17572.49,17192.39,17572.49,16998.6,16586.6,16482.6,567.3,14884.7,15452.0,17721.2,18288.5,-6.4
2016-04-25,17613.56,17613.56,17403.87,17439.3,17231.3,16615.2,16517.1,592.0,14839.2,15431.2,17799.2,18391.2,4.1
2016-04-26,17358.56,17426.02,17200.5,17353.28,17327.0,16627.4,16565.1,604.3,14814.5,15418.8,17836.0,18440.3,20.7
2016-04-27,17369.68,17417.54,17230.23,17290.49,17403.8,16639.0,16590.5,614.5,14795.6,15410.1,17867.9,18482.4,35.4
2016-04-28,17438.99,17572.27,16652.74,16666.05,17264.3,16629.9,16602.7,612.2,14793.2,15405.4,17854.4,18466.6,34.8
2016-05-02,16357.1,16357.1,15975.47,16147.38,16979.3,16595.7,16608.9,614.4,14752.4,15366.8,17824.6,18439.0,35.2
2016-05-06,16212.67,16271.61,15989.35,16106.72,16712.8,16554.6,16607.1,611.3,14720.8,15332.1,17777.1,18388.4,35.1
2016-05-12,16459.69,16658.07,16374.59,16646.34,16571.4,16536.3,16620.7,600.9,14733.6,15334.5,17738.1,18339.0,41.3
2016-05-13,16804.17,16804.17,16400.87,16412.21,16395.7,16517.6,16626.7,597.0,14726.5,15323.5,17711.7,18308.7,46.8
2016-05-16,16391.92,16632.62,16391.92,16466.4,16355.8,16505.9,16635.0,595.0,14720.9,15315.9,17695.9,18290.9,52.1
2016-05-17,16618.95,16655.89,16509.31,16652.8,16456.9,16525.5,16649.7,591.3,14751.6,15342.9,17708.1,18299.4,49.2
2016-05-18,16611.4,16795.47,16513.17,16644.69,16564.5,16546.3,16659.8,585.7,14789.2,15374.9,17717.7,18303.4,42.9
2016-05-19,16807.46,16841.04,16590.16,16646.66,16564.6,16582.9,16669.0,560.8,14900.5,15461.3,17704.5,18265.3,33.1
2016-05-20,16594.99,16770.87,16548.34,16736.35,16629.4,16623.7,16683.2,531.4,15029.5,15560.9,17686.5,18217.9,23.2
2016-05-23,16671.28,16691.5,16417.84,16654.6,16667.0,16659.9,16694.6,499.2,15162.2,15661.4,17658.4,18157.6,11.8
2016-05-24,16605.04,16605.04,16471.37,16498.76,16636.2,16687.0,16689.6,469.3,15279.0,15748.4,17625.6,18095.0,-1.9
2016-05-25,16764.35,16806.03,16731.12,16757.35,16658.7,16727.3,16685.6,427.0,15446.4,15873.4,17581.2,18008.2,-13.8
2016-05-26,16927.69,16957.56,16743.17,16772.46,16683.9,16761.0,16680.7,393.2,15581.3,15974.6,17547.4,17940.7,-26.5
2016-05-27,16830.5,16901.09,16792.73,16834.84,16703.6,16779.2,16681.7,385.4,15623.1,16008.5,17549.9,17935.3,-37.6
2016-05-30,16973.72,17068.02,16910.19,17068.02,16786.3,16785.4,16690.3,388.9,15618.8,16007.7,17563.1,17952.0,-24.2
2016-05-31,17029.46,17251.36,16988.64,17234.98,16933.5,16800.9,16697.9,399.0,15603.8,16002.9,17598.9,17998.0,-12.9
2016-06-01,17097.22,17145.95,16908.92,16955.73,16973.2,16828.1,16698.2,384.7,15674.1,16058.8,17597.4,17982.1,-19.4
2016-06-02,16817.26,16819.85,16525.47,16562.55,16931.2,16815.6,16684.8,388.1,15651.2,16039.3,17591.9,17980.0,-21.2
2016-06-03,16599.51,16716.14,16554.6,16642.23,16892.7,16805.1,16675.3,389.2,15637.6,16026.8,17583.4,17972.6,-21.8
2016-06-06,16373.32,16581.3,16322.64,16580.03,16795.1,16773.7,16667.4,373.5,15653.1,16026.6,17520.8,17894.3,-15.9
2016-06-07,16651.05,16701.01,16536.23,16675.45,16683.2,16737.8,16662.2,334.7,15733.8,16068.5,17407.1,17741.8,-2.1
2016-06-08,16722.49,16830.92,16581.71,16830.92,16658.2,16713.5,16664.3,302.1,15807.3,16109.4,17317.6,17619.7,15.4
2016-06-13,16319.11,16335.38,16019.18,16019.18,16549.6,16660.1,16643.8,302.2,15753.6,16055.8,17264.4,17566.6,15.4
2016-06-14,16001.19,16082.5,15762.09,15859.0,16392.9,16602.9,16620.9,313.2,15663.4,15976.6,17229.2,17542.4,15.4
2016-06-15,15799.07,15997.3,15752.01,15919.58,16260.8,16573.0,16601.5,341.2,15549.3,15890.5,17255.5,17596.7,4.8
2016-06-16,15871.22,15913.08,15395.98,15434.14,16012.6,16544.5,16570.1,402.6,15336.7,15739.3,17349.7,17752.3,-12.9
2016-06-17,15631.79,15774.87,15582.94,15599.66,15766.3,16524.2,16539.4,436.9,15213.6,15650.4,17398.0,17834.8,-29.0
2016-06-20,15839.06,16035.44,15835.86,15965.3,15755.5,16497.0,16516.6,450.0,15147.0,15597.0,17397.0,17847.0,-38.0
2016-06-21,15875.81,16202.3,15770.96,16169.11,15817.6,16487.2,16502.4,454.5,15123.7,15578.2,17396.2,17850.7,-49.5
2016-06-22,16095.81,16160.99,15980.65,16065.72,15846.8,16471.2,16488.6,462.3,15084.4,15546.7,17395.7,17858.0,-59.2
2016-06-23,16098.61,16263.87,16057.86,16238.35,16007.6,16454.6,16490.1,462.9,15065.9,15528.8,17380.4,17843.3,-63.3
2016-06-24,16333.87,16389.17,14864.01,14952.02,15878.1,16386.9,16466.6,549.6,14738.1,15287.7,17486.1,18035.7,-69.5
2016-06-27,15153.08,15323.95,15061.66,15309.21,15746.9,16333.4,16458.2,587.1,14572.1,15159.2,17507.6,18094.7,-74.7
2016-06-28,15094.71,15443.82,14987.79,15323.14,15577.7,16276.9,16450.3,614.1,14434.6,15048.7,17505.1,18119.2,-78.0
2016-06-29,15523.35,15626.66,15398.31,15566.83,15477.9,16233.4,16446.7,624.7,14359.4,14984.1,17482.7,18107.4,-80.7
2016-06-30,15752.71,15781.69,15575.92,15575.92,15345.4,16196.5,16441.7,635.5,14290.0,14925.5,17467.5,18103.0,-84.2
2016-07-01,15698.02,15765.0,15635.57,15682.48,15491.5,16153.5,16440.4,632.3,14256.5,14888.8,17418.2,18050.5,-83.4
2016-07-04,15554.04,15805.31,15553.92,15775.8,15584.8,16113.6,16437.3,623.0,14244.5,14867.5,17359.7,17982.7,-81.5
2016-07-05,15682.16,15702.04,15602.73,15669.33,15654.1,16067.0,16423.1,610.3,14236.1,14846.4,17287.6,17897.9,-78.1
2016-07-06,15434.46,15434.46,15167.98,15378.99,15616.5,15999.4,16392.4,587.9,14235.6,14823.5,17175.3,17763.2,-76.5
2016-07-07,15346.81,15418.9,15241.91,15276.24,15556.6,15921.1,16361.0,545.4,14284.9,14830.3,17011.9,17557.3,-75.8
2016-07-08,15326.84,15399.7,15106.52,15106.98,15441.5,15847.1,16337.6,524.2,14274.6,14798.7,16895.5,17419.6,-75.1
2016-07-13,16343.0,16444.25,16196.44,16231.43,15532.6,15833.9,16324.8,509.3,14305.9,14815.3,16852.5,17361.9,-60.6
2016-07-14,16242.2,16398.73,16229.26,16385.89,15675.9,15823.6,16314.3,494.7,14339.4,14834.1,16813.1,17307.8,-43.2
2016-07-15,16396.12,16607.32,16396.12,16497.85,15899.7,15820.3,16297.0,489.8,14351.0,14840.8,16799.8,17289.6,-24.0
2016-07-19,16612.09,16726.71,16514.66,16723.31,16189.1,15822.3,16280.0,493.3,14342.3,14835.7,16808.9,17302.3,-2.8
2016-07-20,16646.92,16692.84,16554.03,16681.89,16504.1,15816.3,16264.9,481.4,14372.2,14853.5,16779.1,17260.4,20.2
2016-07-21,16855.18,16938.96,16740.0,16810.22,16619.8,15847.9,16254.0,519.7,14288.7,14808.4,16887.4,17407.1,33.2
2016-07-22,16612.9,16691.81,16566.98,16627.25,16668.1,15878.7,16240.8,542.6,14250.8,14793.4,16964.0,17506.6,44.1
2016-07-25,16655.81,16778.65,16612.33,16620.29,16692.6,15906.7,16239.9,562.6,14219.0,14781.6,17031.8,17594.4,53.7
2016-07-26,16535.81,16535.81,16323.1,16383.04,16624.5,15944.6,16244.6,561.4,14260.5,14821.9,17067.3,17628.7,56.6
2016-07-27,16526.06,16821.43,16526.06,16664.82,16621.1,15987.3,16255.7,574.4,14264.2,14838.6,17136.0,17710.4,61.4
2016-07-28,16596.15,16616.28,16450.28,16476.84,16554.4,16007.7,16252.3,582.6,14259.9,14842.5,17172.9,17755.5,66.4
2016-07-29,16359.68,16679.19,16174.35,16569.27,16542.9,16023.7,16255.5,592.6,14245.8,14838.5,17208.9,17801.6,70.8
2016-08-01,16415.31,16677.49,16319.15,16635.77,16545.9,16046.5,16258.9,605.1,14231.1,14836.2,17256.8,17861.9,74.6
2016-08-02,16469.68,16541.88,16391.45,16391.45,16547.6,16052.7,16253.6,607.9,14228.9,14836.8,17268.6,17876.5,75.9
2016-08-03,16227.28,16275.34,16056.67,16083.11,16431.3,16097.9,16242.4,563.0,14408.8,14971.8,17224.0,17787.0,67.8
2016-08-04,16168.34,16270.12,15921.04,16254.89,16386.9,16135.7,16234.6,539.1,14518.4,15057.5,17213.9,17753.0,61.2
2016-08-05,16278.99,16355.98,16230.7,16254.45,16323.9,16173.0,16224.9,512.1,14636.7,15148.8,17197.2,17709.3,53.2
2016-08-08,16462.29,16652.04,16455.57,16650.57,16326.9,16216.3,16224.9,504.5,14702.9,15207.3,17225.3,17729.7,51.0
2016-08-09,16632.41,16779.59,16630.56,16764.97,16401.6,16263.9,16230.2,497.6,14771.1,15268.7,17259.1,17756.7,51.2
2016-08-10,16699.08,16822.86,16657.59,16735.12,16532.0,16306.0,16229.7,490.8,14833.5,15324.3,17287.7,17778.5,51.1
2016-08-16,16878.66,16887.57,16596.51,16596.51,16600.3,16338.8,16226.2,481.2,14895.1,15376.3,17301.3,17782.5,44.2
2016-08-17,16596.26,16772.11,16596.26,16745.64,16698.6,16381.9,16224.4,466.8,14981.5,15448.3,17315.5,17782.3,43.2
2016-08-18,16649.91,16714.61,16481.41,16486.01,16665.6,16426.2,16212.8,417.6,15173.4,15591.0,17261.4,17679.0,31.5
2016-08-19,16558.38,16613.04,16452.62,16545.82,16621.8,16476.9,16199.0,342.4,15449.8,15792.2,17161.6,17504.0,20.3
2016-08-22,16599.26,16631.23,16540.94,16598.19,16594.4,16536.6,16191.9,189.5,15968.1,16157.6,16915.6,17105.1,9.3
2016-08-23,16549.82,16663.64,16452.01,16497.36,16574.6,16547.2,16190.6,178.8,16010.7,16189.6,16904.8,17083.7,-4.9
2016-08-24,16550.21,16648.07,16544.39,16597.3,16544.9,16555.7,16189.7,175.8,16028.2,16204.0,16907.4,17083.2,-14.0
2016-08-25,16580.15,16628.79,16520.84,16555.95,16558.9,16558.0,16189.2,175.4,16031.7,16207.1,16908.9,17084.3,-21.4
2016-08-26,16485.55,16490.53,16320.43,16360.71,16521.9,16543.5,16182.9,176.2,16014.9,16191.1,16895.9,17072.1,-22.3
2016-08-29,16631.06,16764.64,16616.65,16737.49,16549.8,16545.7,16181.0,178.3,16010.7,16189.0,16902.4,17080.7,-6.2
2016-08-30,16690.98,16752.16,16677.85,16725.36,16595.4,16542.3,16195.1,173.9,16020.7,16194.6,16890.0,17063.9,14.4
2016-08-31,16857.83,16917.86,16836.96,16887.4,16653.4,16552.7,16215.7,186.5,15993.3,16179.8,16925.6,17112.1,29.2
2016-09-01,16885.16,16941.18,16864.56,16926.84,16727.6,16565.0,16235.8,200.6,15963.1,16163.7,16966.3,17166.9,42.8
2016-09-02,16903.78,16946.49,16848.12,16925.68,16840.6,16586.7,16265.7,209.3,15958.8,16168.1,17005.3,17214.6,45.9
2016-09-05,17131.52,17156.36,17009.21,17037.63,16900.6,16601.6,16294.4,227.6,15918.9,16146.4,17056.8,17284.3,58.2
2016-09-06,17035.03,17097.59,17022.64,17081.98,16971.9,16625.8,16316.8,245.3,15890.0,16135.3,17116.3,17361.6,60.9
2016-09-07,16937.38,17024.26,16903.2,17012.44,16996.9,16643.5,16333.6,256.7,15873.3,16130.0,17157.0,17413.7,67.2
2016-09-08,16984.0,17001.84,16836.65,16958.77,17003.3,16656.5,16351.5,264.4,15863.4,16127.8,17185.2,17449.6,75.1
2016-09-09,16994.37,17029.78,16902.09,16965.76,17011.3,16679.4,16366.0,265.3,15883.5,16148.8,17210.0,17475.3,76.0
2016-09-12,16748.36,16802.0,16601.54,16672.92,16938.4,16703.0,16400.5,234.5,15999.5,16234.0,17172.0,17406.5,67.2
2016-09-14,16632.06,16706.61,16585.8,16614.24,16844.8,16717.4,16426.6,216.2,16068.8,16285.0,17149.8,17366.0,55.7
2016-09-15,16512.42,16528.02,16359.78,16405.01,16723.3,16723.4,16448.2,204.5,16109.8,16314.3,17132.5,17337.0,33.6
2016-09-16,16458.74,16532.84,16415.86,16519.29,16635.4,16718.2,16467.2,208.1,16093.8,16301.9,17134.5,17342.6,22.7
2016-09-20,16403.22,16591.7,16403.22,16492.15,16540.7,16707.3,16485.6,212.7,16069.2,16281.9,17132.7,17345.4,15.5
2016-09-21,16471.85,16823.63,16399.65,16807.62,16567.7,16710.2,16508.1,213.6,16069.4,16283.0,17137.4,17351.0,22.2
2016-09-23,16759.84,16808.59,16725.53,16754.02,16595.6,16716.5,16527.6,212.4,16079.3,16291.7,17141.3,17353.7,22.7
2016-09-26,16707.45,16707.45,16514.93,16544.56,16623.5,16708.4,16545.1,215.1,16063.2,16278.3,17138.5,17353.6,16.5
2016-09-27,16390.91,16683.93,16285.41,16683.93,16656.5,16716.3,16571.2,210.1,16086.0,16296.1,17136.5,17346.6,7.7
2016-09-28,16504.99,16515.84,16385.03,16465.4,16651.1,16713.1,16595.0,213.4,16072.8,16286.3,17139.9,17353.4,-6.6
2016-09-29,16606.3,16756.43,16584.14,16693.71,16628.3,16716.9,16626.8,212.1,16080.5,16292.6,17141.2,17353.3,-10.8
2016-09-30,16474.45,16497.55,16407.78,16449.84,16567.5,16715.0,16631.1,214.4,16071.9,16286.2,17143.8,17358.1,-26.8
2016-10-03,16566.03,16652.16,16554.83,16598.67,16578.3,16715.1,16635.4,214.3,16072.1,16286.4,17143.8,17358.1,-34.5
2016-10-04,16661.51,16747.2,16637.82,16735.65,16588.7,16722.3,16640.1,211.8,16087.0,16298.7,17145.9,17357.6,-39.8
2016-10-05,16787.89,16844.35,16728.19,16819.24,16659.4,16740.6,16642.1,198.6,16144.8,16343.4,17137.8,17336.4,-51.2
2016-10-06,16913.6,16971.28,16888.77,16899.1,16700.5,16747.1,16646.4,201.1,16143.7,16344.9,17149.3,17350.5,-46.0
2016-10-07,16883.12,16895.13,16820.21,16860.09,16782.6,16752.5,16647.4,202.3,16145.6,16347.9,17157.1,17359.4,-45.9
2016-10-11,16936.31,17074.46,16931.12,17024.76,16867.8,16758.0,16655.4,207.9,16134.2,16342.2,17173.8,17381.8,-30.1
2016-10-12,16850.73,16951.54,16839.41,16840.0,16888.6,16754.5,16659.7,205.7,16137.4,16343.1,17165.9,17371.6,-20.8
2016-10-13,16923.82,16974.25,16739.73,16774.24,16879.6,16748.4,16667.6,202.6,16140.5,16343.1,17153.7,17356.3,-11.3
2016-10-14,16751.04,16866.56,16727.78,16856.37,16871.1,16741.2,16671.4,195.0,16156.3,16351.3,17131.1,17326.1,3.8
2016-10-18,16862.31,16966.9,16844.17,16963.61,16891.8,16736.5,16681.1,187.6,16173.6,16361.2,17111.8,17299.4,23.1
2016-10-19,16952.91,17016.66,16938.46,16998.91,16886.6,16735.9,16689.7,186.8,16175.4,16362.2,17109.6,17296.4,44.2
2016-10-20,16999.36,17235.5,16992.14,17235.5,16965.7,16747.0,16701.7,207.6,16124.1,16331.7,17162.3,17369.9,62.2
2016-10-21,17283.75,17288.89,17151.98,17184.59,17047.8,16755.7,16717.6,221.4,16091.5,16312.9,17198.5,17419.9,80.2
2016-10-24,17216.56,17244.74,17162.21,17234.42,17123.4,16778.2,16740.6,240.3,16057.3,16297.6,17258.8,17499.1,83.8
2016-10-25,17298.63,17381.8,17298.63,17365.25,17203.7,16808.2,16762.8,264.7,16014.2,16278.9,17337.5,17602.2,86.9
2016-10-26,17329.03,17391.84,17295.46,17391.84,17282.3,16847.7,16785.6,275.4,16021.5,16296.9,17398.5,17673.9,86.9
2016-10-27,17346.39,17414.21,17278.12,17336.42,17302.5,16880.4,16799.3,283.2,16030.9,16314.0,17446.8,17729.9,87.8
2016-10-28,17448.25,17461.03,17406.72,17446.41,17354.9,16918.6,16812.9,292.8,16040.2,16333.0,17504.2,17797.0,88.8
2016-10-31,17360.89,17433.13,17327.62,17425.02,17393.0,16943.3,16826.7,308.7,16017.3,16326.0,17560.6,17869.3,92.5
2016-11-01,17380.54,17473.12,17339.64,17442.4,17408.4,16970.8,16843.6,321.5,16006.2,16327.8,17613.8,17935.4,94.5
2016-11-02,17238.0,17283.6,17080.59,17134.68,17357.0,16994.4,16851.4,310.4,16063.2,16373.6,17615.2,17925.6,91.5
2016-11-04,16964.5,16996.09,16801.98,16905.36,17270.8,17003.3,16859.8,304.3,16090.5,16394.8,17611.8,17916.1,84.9
2016-11-07,17126.03,17186.89,17056.84,17177.21,17216.9,17031.7,16872.4,284.5,16178.2,16462.7,17600.7,17885.2,80.2
2016-11-08,17242.7,17247.04,17130.83,17171.38,17166.2,17050.8,16883.9,276.8,16220.4,16497.2,17604.4,17881.2,74.8
2016-11-09,17281.95,17427.71,16111.81,16251.54,16928.0,17042.9,16879.0,296.8,16152.4,16449.2,17636.6,17933.4,51.8
2016-11-10,16562.86,17393.82,16560.66,17344.42,16970.0,17072.7,16893.9,287.7,16209.7,16497.4,17648.0,17935.7,50.4
2016-11-11,17526.61,17621.73,17333.49,17374.79,17063.9,17098.3,16910.3,284.9,16243.7,16528.6,17668.0,17952.9,49.5
2016-11-14,17467.49,17697.33,17455.78,17672.62,17163.0,17132.4,16936.5,300.7,16230.3,16531.0,17733.8,18034.5,51.5
2016-11-15,17690.22,17727.58,17605.77,17668.15,17262.3,17163.2,16955.1,314.8,16218.7,16533.5,17792.9,18107.7,54.1
2016-11-18,18024.21,18043.72,17967.41,17967.41,17605.5,17207.5,16980.0,346.7,16167.4,16514.1,17900.9,18247.6,56.3
2016-11-21,18038.09,18129.03,18007.79,18106.02,17757.8,17250.7,17004.4,388.0,16086.8,16474.8,18026.6,18414.6,60.2
2016-11-22,18091.05,18175.63,18050.55,18162.94,17915.4,17303.7,17029.1,418.6,16047.9,16466.5,18140.9,18559.5,61.6
2016-11-24,18329.78,18382.72,18310.31,18333.41,18047.6,17366.0,17057.2,451.3,16012.1,16463.4,18268.6,18719.9,62.9
2016-11-25,18387.59,18482.94,18288.5,18381.22,18190.2,17427.0,17084.1,481.6,15982.2,16463.8,18390.2,18871.8,64.2
2016-11-28,18302.58,18374.93,18222.82,18356.89,18268.1,17482.8,17109.6,505.7,15965.6,16471.3,18494.3,19000.0,66.2
2016-11-29,18263.63,18327.51,18258.82,18307.04,18308.3,17535.1,17135.5,521.0,15972.0,16493.0,18577.2,19098.2,67.6
2016-11-30,18356.03,18370.31,18280.66,18308.48,18337.4,17578.0,17162.5,539.2,15960.4,16499.6,18656.4,19195.6,71.4
2016-12-01,18535.24,18746.28,18469.27,18513.12,18373.4,17631.1,17193.4,563.7,15939.9,16503.7,18758.5,19322.3,75.2
2016-12-02,18435.55,18469.68,18315.38,18426.08,18382.3,17678.8,17228.5,579.0,15941.9,16520.9,18836.7,19415.7,78.6
2016-12-05,18349.92,18365.74,18227.39,18274.99,18365.9,17715.2,17261.7,587.0,15954.3,16541.3,18889.1,19476.1,80.5
2016-12-06,18457.2,18484.8,18318.99,18360.54,18376.6,17753.9,17300.8,596.6,15964.0,16560.7,18947.1,19543.8,84.0
2016-12-07,18434.54,18502.47,18410.88,18496.69,18414.3,17800.4,17340.4,607.8,15977.0,16584.8,19016.0,19623.8,86.0
2016-12-08,18674.19,18765.47,18614.01,18765.47,18464.8,17853.1,17385.8,632.6,15955.4,16588.0,19118.2,19750.8,89.5
2016-12-09,18839.98,19042.48,18821.41,18996.37,18578.8,17916.0,17429.6,665.5,15919.6,16585.1,19246.9,19912.4,92.2
2016-12-12,19183.82,19280.93,19054.0,19155.03,18754.8,17984.5,17477.6,701.8,15879.0,16580.8,19388.2,20090.0,94.3
2016-12-13,19120.76,19253.51,19060.72,19250.52,18932.8,18069.1,17531.8,722.4,15902.0,16624.4,19513.8,20236.2,94.7
2016-12-14,19270.01,19284.28,19184.75,19253.61,19084.2,18163.0,17583.1,717.4,16010.8,16728.2,19597.8,20315.2,94.9
2016-12-15,19327.7,19436.9,19192.6,19273.79,19185.9,18246.9,17639.3,719.9,16087.2,16807.1,19686.7,20406.6,95.2
2016-12-16,19438.39,19439.97,19360.36,19401.15,19266.8,18336.1,17693.5,719.2,16178.5,16897.7,19774.5,20493.7,95.2
2016-12-19,19345.84,19399.26,19307.14,19391.6,19314.1,18461.7,17752.3,605.1,16646.3,17251.4,19672.0,20277.1,95.2
2016-12-20,19367.84,19511.2,19356.81,19494.53,19362.9,18547.7,17810.2,592.4,16770.5,17362.9,19732.5,20324.9,95.2
2016-12-21,19547.28,19592.9,19375.19,19444.49,19401.1,18630.5,17864.4,565.7,16933.5,17499.2,19761.8,20327.5,95.1
2016-12-22,19396.85,19427.67,19327.51,19427.67,19431.9,18700.7,17916.6,550.5,17049.1,17599.6,19801.8,20352.3,94.9
2016-12-26,19394.41,19432.48,19385.94,19396.64,19431.0,18769.8,17966.5,523.3,17199.8,17723.1,19816.5,20339.8,94.1
2016-12-27,19353.43,19478.58,19352.06,19403.06,19433.3,18827.3,18017.4,510.2,17296.7,17806.9,19847.7,20357.9,93.4
2016-12-28,19392.11,19442.13,19364.73,19401.72,19414.7,18879.1,18064.9,499.6,17380.3,17879.9,19878.3,20377.9,92.4
2016-12-29,19301.04,19301.04,19092.22,19145.14,19354.8,18918.4,18111.0,479.1,17481.0,17960.1,19876.7,20355.8,86.4
2017-01-04,19298.68,19594.16,19277.93,19594.16,19388.1,18968.8,18167.4,481.3,17524.8,18006.1,19931.5,20412.8,87.5
2017-01-05,19602.1,19615.4,19473.28,19520.69,19413.0,19014.4,18220.7,477.3,17582.5,18059.8,19969.0,20446.3,88.8
2017-01-06,19393.55,19472.37,19354.44,19454.33,19423.2,19058.3,18270.5,464.6,17664.4,18129.1,19987.5,20452.2,88.5
2017-01-10,19414.83,19484.9,19255.35,19301.44,19403.2,19098.1,18316.6,439.5,17779.6,18219.1,19977.1,20416.6,83.2
2017-01-11,19358.64,19402.17,19325.46,19364.67,19447.1,19140.3,18359.1,410.2,17909.6,18319.8,19960.8,20371.0,76.8
2017-01-12,19300.19,19300.19,19069.02,19134.7,19355.2,19165.2,18398.2,388.9,17998.4,18387.3,19943.1,20332.0,64.5
2017-01-13,19174.97,19299.36,19156.93,19287.28,19308.5,19199.6,18439.2,357.6,18126.7,18484.4,19914.8,20272.5,56.1
2017-01-16,19219.13,19255.41,19061.27,19095.24,19236.7,19232.4,18473.8,302.7,18324.4,18627.1,19837.7,20140.4,39.9
2017-01-17,19038.45,19043.91,18812.86,18813.53,19139.1,19250.5,18502.2,258.7,18474.5,18733.2,19767.8,20026.5,20.5
2017-01-18,18753.96,18941.24,18650.33,18894.37,19045.0,19266.4,18533.4,219.6,18607.5,18827.1,19705.7,19925.3,-0.7
2017-01-19,19082.83,19122.39,18982.13,19072.25,19032.5,19278.7,18565.9,198.0,18684.7,18882.7,19674.7,19872.7,-21.7
2017-01-20,19059.15,19176.86,19040.2,19137.91,19002.7,19284.4,18600.2,191.5,18709.9,18901.4,19667.4,19858.9,-40.1
2017-01-23,18938.45,19024.21,18879.68,18891.03,18961.8,19273.8,18629.1,205.7,18656.8,18862.4,19685.2,19890.8,-52.1
2017-01-24,18817.42,18915.7,18783.16,18787.99,18956.7,19255.3,18662.2,227.5,18572.8,18800.3,19710.3,19937.8,-63.1
2017-01-25,19091.23,19133.18,18987.45,19057.5,18989.3,19247.5,18705.3,230.9,18554.7,18785.6,19709.4,19940.3,-71.8
2017-01-26,19260.67,19405.23,19232.46,19402.39,19055.4,19252.6,18749.8,233.0,18553.7,18786.7,19718.5,19951.5,-66.8
2017-01-27,19453.51,19486.68,19404.13,19467.4,19121.3,19255.3,18795.7,235.1,18550.0,18785.1,19725.5,19960.6,-53.7
2017-01-30,19371.28,19390.97,19295.8,19368.85,19216.8,19254.4,18858.0,234.6,18550.7,18785.2,19723.6,19958.1,-51.8
2017-01-31,19145.35,19199.75,19041.34,19041.34,19267.5,19236.2,18892.0,232.8,18537.9,18770.7,19701.7,19934.5,-50.6
2017-02-01,18926.97,19155.79,18916.18,19148.08,19285.6,19224.4,18927.4,229.2,18536.7,18766.0,19682.8,19912.1,-46.0
2017-02-06,19069.72,19075.57,18899.4,18976.71,19200.5,19206.3,18953.5,230.3,18515.4,18745.7,19666.9,19897.2,-46.1
2017-02-07,18844.12,18970.58,18805.32,18910.78,19089.2,19186.9,18978.4,234.0,18484.8,18718.8,19655.0,19889.0,-47.2
2017-02-08,18951.16,19009.24,18875.57,19007.6,19016.9,19171.1,18999.2,232.2,18474.6,18706.7,19635.5,19867.6,-45.8
2017-02-09,18942.04,18991.23,18874.91,18907.67,18990.2,19151.3,19015.2,232.8,18453.0,18685.8,19616.8,19849.6,-45.4
2017-02-10,19216.74,19395.99,19193.57,19378.93,19036.3,19160.7,19039.5,237.2,18449.2,18686.4,19635.0,19872.2,-36.1
2017-02-13,19513.78,19519.44,19418.18,19459.15,19132.8,19155.3,19062.0,228.2,18470.6,18698.8,19611.8,19840.0,-15.5
2017-02-14,19478.86,19501.01,19232.85,19238.98,19198.5,19144.0,19079.2,216.1,18495.8,18711.8,19576.2,19792.2,-1.8
2017-02-15,19438.81,19495.62,19420.0,19437.98,19284.5,19143.4,19100.8,215.1,18498.0,18713.2,19573.6,19788.8,17.4
2017-02-16,19431.61,19431.61,19260.24,19347.53,19372.5,19145.2,19121.6,216.7,18495.0,18711.8,19578.6,19795.4,27.0
2017-02-17,19228.74,19275.39,19173.53,19234.62,19343.7,19140.0,19140.1,212.8,18501.7,18714.5,19565.5,19778.3,36.5
2017-02-20,19161.33,19274.75,19115.11,19251.08,19302.0,19144.6,19154.9,213.9,18502.9,18716.8,19572.4,19786.3,39.2
2017-02-21,19267.87,19395.35,19261.98,19381.44,19330.5,19148.4,19174.0,217.3,18496.4,18713.7,19583.1,19800.4,50.6
2017-02-22,19419.22,19419.22,19329.28,19379.87,19318.9,19159.8,19196.1,221.8,18494.3,18716.1,19603.5,19825.3,54.2
2017-02-23,19379.92,19379.92,19262.63,19371.46,19323.7,19182.1,19216.3,213.5,18541.7,18755.2,19609.0,19822.5,49.9
2017-02-24,19232.11,19381.1,19219.58,19283.54,19333.5,19197.7,19232.1,205.6,18580.8,18786.4,19609.0,19814.6,43.4
2017-02-27,19130.51,19178.99,18995.55,19107.47,19304.8,19199.1,19238.9,204.9,18584.5,18789.4,19608.8,19813.7,35.7
2017-02-28,19194.68,19267.99,19118.99,19118.99,19252.3,19198.3,19241.4,205.1,18582.9,18788.0,19608.6,19813.7,29.9
2017-03-01,19226.94,19414.55,19164.62,19393.54,19255.0,19218.4,19246.1,198.3,18623.6,18821.8,19615.0,19813.2,25.0
2017-03-02,19624.82,19668.01,19564.8,19564.8,19293.7,19249.5,19252.4,188.6,18683.6,18872.2,19626.8,19815.4,25.0
2017-03-03,19551.34,19587.79,19392.75,19469.17,19330.8,19266.0,19256.7,189.2,18698.5,18887.7,19644.3,19833.5,27.5
2017-03-09,19343.06,19350.2,19262.98,19318.58,19373.0,19262.6,19257.6,187.4,18700.5,18887.9,19637.3,19824.7,35.0
2017-03-10,19444.71,19623.72,19427.81,19604.61,19470.1,19268.1,19261.7,195.5,18681.7,18877.2,19659.0,19854.5,54.6
2017-03-13,19545.74,19656.48,19531.51,19633.75,19518.2,19278.7,19266.5,207.9,18654.9,18862.9,19694.5,19902.5,65.6
2017-03-14,19634.29,19637.55,19599.62,19609.5,19527.1,19301.4,19268.8,211.9,18665.7,18877.6,19725.2,19937.1,66.6
2017-03-15,19528.75,19581.53,19503.74,19577.38,19548.8,19318.6,19271.5,216.3,18669.7,18886.0,19751.2,19967.5,69.5
2017-03-16,19458.7,19618.99,19454.17,19590.14,19603.1,19343.1,19274.7,210.6,18711.2,18921.8,19764.4,19975.0,69.1
2017-03-17,19510.89,19547.51,19487.92,19521.59,19586.5,19367.6,19277.2,193.1,18788.3,18981.4,19753.8,19946.9,67.5
2017-03-21,19416.55,19485.14,19337.22,19455.88,19550.9,19385.5,19278.3,178.5,18849.9,19028.4,19742.6,19921.1,62.9
2017-03-22,19146.62,19183.27,19026.53,19041.38,19437.3,19390.9,19271.1,165.1,18895.6,19060.7,19721.1,19886.2,39.8
2017-03-23,19048.84,19105.11,18973.75,19085.31,19338.9,19379.1,19269.9,176.1,18850.9,19026.9,19731.3,19907.3,24.5
2017-03-24,19066.35,19296.05,19060.64,19262.53,19273.3,19371.2,19263.3,176.7,18841.0,19017.7,19724.7,19901.4,21.3
2017-03-27,19071.19,19086.89,18932.09,18985.59,19166.1,19361.1,19252.6,191.3,18787.2,18978.5,19743.7,19935.0,3.4
2017-03-28,19159.07,19203.64,19113.44,19202.87,19115.5,19351.7,19247.5,193.1,18772.3,18965.4,19738.0,19931.1,-4.4
2017-03-29,19216.78,19251.3,19164.61,19217.48,19150.8,19346.5,19245.8,195.0,18761.5,18956.5,19736.5,19931.5,-12.6
2017-03-30,19150.82,19218.08,19043.48,19063.22,19146.3,19339.6,19239.8,202.0,18733.6,18935.6,19743.6,19945.6,-25.7
2017-03-31,19170.42,19210.92,18909.26,18909.26,19075.7,19326.0,19235.3,219.1,18668.8,18887.8,19764.2,19983.2,-38.2
2017-04-03,18988.0,19068.62,18920.52,18983.23,19075.2,19310.0,19229.2,229.1,18622.6,18851.8,19768.2,19997.4,-46.7
2017-04-04,18933.82,18947.33,18703.63,18810.25,18996.7,19287.3,19223.5,249.3,18539.3,18788.7,19785.9,20035.3,-54.5
2017-04-05,18900.7,18941.94,18773.94,18861.27,18925.4,19266.9,19224.5,262.7,18478.9,18741.6,19792.2,20054.9,-61.5
2017-04-06,18754.37,18797.44,18532.65,18597.06,18832.2,19239.4,19218.5,294.8,18355.1,18649.9,19828.9,20123.7,-68.3
2017-04-07,18714.98,18785.73,18517.43,18664.63,18783.3,19221.7,19210.4,315.6,18274.9,18590.5,19852.9,20168.5,-78.1
2017-04-10,18800.22,18850.8,18762.7,18797.88,18746.2,19208.8,19203.6,326.3,18229.9,18556.2,19861.4,20187.7,-86.5
2017-04-11,18717.55,18767.7,18661.86,18747.87,18733.7,19183.0,19200.7,336.5,18173.6,18510.1,19855.9,20192.4,-90.2
2017-04-12,18592.1,18602.5,18460.59,18552.61,18672.0,19142.5,19196.0,349.3,18094.7,18444.0,19841.0,20190.3,-92.1
2017-04-13,18391.72,18455.25,18304.72,18426.84,18638.0,19100.8,19183.4,370.2,17990.1,18360.3,19841.3,20211.5,-94.2
2017-04-14,18531.91,18531.91,18285.73,18335.63,18572.2,19061.5,19162.1,397.3,17869.5,18266.8,19856.2,20253.5,-96.3
2017-04-17,18239.84,18361.44,18224.68,18355.26,18483.6,19011.5,19139.8,404.7,17797.4,18202.1,19820.9,20225.6,-96.5
2017-04-18,18497.38,18547.46,18362.73,18418.59,18417.8,18962.9,19120.8,399.8,17763.5,18163.3,19762.5,20162.3,-96.2
2017-04-19,18327.33,18467.73,18327.33,18432.2,18393.7,18915.8,19108.6,389.7,17746.8,18136.5,19695.1,20084.8,-95.5
2017-04-20,18446.39,18523.4,18420.82,18430.49,18394.4,18870.0,19094.3,375.8,17742.6,18118.4,19621.6,19997.4,-94.5
2017-04-21,18591.82,18648.28,18542.42,18620.75,18451.5,18831.2,19087.2,347.3,17789.2,18136.5,19525.9,19873.2,-91.5
2017-04-24,18890.38,18910.33,18840.13,18875.88,18555.6,18805.4,19086.5,316.5,17855.9,18172.4,19438.4,19754.9,-83.4
2017-04-25,18872.56,19109.76,18867.19,19079.33,18687.7,18790.3,19087.9,292.3,17913.5,18205.7,19374.9,19667.1,-66.8
2017-04-26,19184.92,19289.43,19170.86,19289.43,18859.2,18800.2,19095.5,305.1,17884.9,18190.0,19410.4,19715.5,-46.9
2017-04-27,19205.59,19281.7,19199.59,19251.87,19023.5,18806.9,19093.0,313.3,17867.1,18180.3,19433.5,19746.7,-28.2
2017-04-28,19240.65,19264.57,19164.68,19196.74,19138.6,18804.2,19087.7,309.5,17875.6,18185.1,19423.3,19732.8,-10.6
2017-05-01,19154.03,19311.21,19144.62,19310.52,19225.6,18817.2,19089.2,324.0,17845.3,18169.3,19465.1,19789.1,5.1
2017-05-02,19335.72,19464.3,19335.02,19445.7,19298.9,18827.0,19089.3,339.3,17809.1,18148.4,19505.6,19844.9,22.9
2017-05-08,19709.01,19929.48,19705.13,19895.7,19420.1,18854.1,19100.3,394.4,17670.8,18065.2,19643.0,20037.4,39.2
2017-05-15,19753.46,19869.85,19740.63,19869.85,19543.7,18886.4,19113.0,442.3,17559.4,18001.7,19771.1,20213.4,50.9
2017-05-16,19953.06,19998.49,19862.41,19919.82,19688.3,18926.8,19126.4,488.3,17461.9,17950.2,19903.4,20391.7,61.3
2017-05-17,19806.78,19842.78,19764.63,19814.88,19789.2,18960.0,19135.0,519.6,17401.1,17920.7,19999.3,20518.9,70.1
2017-05-18,19556.99,19601.53,19449.73,19553.86,19810.8,18989.8,19138.5,531.8,17394.3,17926.1,20053.5,20585.3,76.2
2017-05-19,19591.41,19628.64,19497.29,19590.76,19749.8,19019.0,19142.9,544.4,17385.9,17930.3,20107.7,20652.1,81.2
2017-05-22,19670.48,19722.93,19618.73,19678.28,19711.5,19062.2,19150.8,552.3,17405.2,17957.5,20166.9,20719.2,83.5
2017-05-23,19647.74,19693.02,19585.54,19613.28,19650.2,19100.2,19160.9,556.5,17430.8,17987.3,20213.1,20769.6,85.8
2017-05-24,19777.56,19782.81,19690.1,19742.98,19635.8,19138.0,19173.4,567.1,17436.8,18003.9,20272.1,20839.2,87.2
2017-05-25,19737.21,19850.93,19720.12,19813.13,19687.7,19180.6,19181.8,576.5,17451.1,18027.6,20333.6,20910.1,87.7
2017-05-26,19798.49,19801.59,19686.49,19686.84,19706.9,19225.9,19184.2,569.6,17517.1,18086.7,20365.1,20934.7,86.5
2017-05-29,19697.18,19736.62,19627.19,19682.57,19707.8,19276.2,19188.5,551.3,17622.4,18173.7,20378.7,20930.0,83.5
2017-05-30,19681.11,19691.44,19570.13,19677.85,19720.7,19329.9,19195.7,520.3,17768.9,18289.2,20370.6,20890.9,79.1
2017-05-31,19630.33,19673.51,19589.25,19650.57,19702.2,19381.7,19196.6,482.4,17934.6,18417.0,20346.4,20828.8,73.8
2017-06-01,19692.16,19887.66,19686.32,19860.03,19711.6,19439.3,19201.1,447.3,18097.4,18544.7,20333.9,20781.2,70.8
2017-06-02,19970.23,20239.81,19967.0,20177.28,19809.7,19509.1,19212.5,418.9,18252.5,18671.4,20346.8,20765.7,70.9
2017-06-05,20135.42,20224.54,20104.13,20170.82,19907.3,19578.7,19224.4,374.4,18455.6,18830.0,20327.4,20701.8,70.8
2017-06-06,20122.26,20152.95,19948.02,19979.9,19967.7,19633.1,19232.2,324.9,18658.5,18983.4,20282.8,20607.7,70.6
2017-06-07,19951.68,20023.24,19908.07,19984.62,20034.5,19677.5,19241.4,291.1,18804.1,19095.3,20259.7,20550.9,70.2
2017-06-08,20048.28,20061.22,19896.35,19909.26,20044.4,19710.7,19250.5,266.3,18911.7,19178.0,20243.4,20509.7,68.2
2017-06-09,19953.06,20096.01,19927.07,20013.26,20011.6,19739.6,19269.9,257.8,18966.1,19223.9,20255.3,20513.1,67.7
2017-06-14,19974.56,20009.93,19879.6,19883.52,19954.1,19764.9,19285.9,238.3,19050.1,19288.4,20241.4,20479.7,63.1
2017-06-15,19815.54,19963.36,19755.34,19831.82,19924.5,19790.3,19297.3,207.0,19169.4,19376.4,20204.2,20411.2,55.5
2017-06-16,19931.15,20015.16,19884.8,19943.26,19916.2,19815.6,19316.4,183.2,19266.1,19449.3,20181.9,20365.1,53.2
2017-06-19,19974.3,20087.71,19949.88,20067.75,19947.9,19840.5,19333.7,172.8,19322.2,19494.9,20186.1,20358.8,51.9
2017-06-20,20234.12,20318.11,20227.29,20230.41,19991.4,19853.9,19354.0,189.4,19285.7,19475.1,20232.7,20422.1,63.2
2017-06-21,20192.16,20215.11,20117.79,20138.79,20042.4,19864.6,19375.5,197.8,19271.2,19469.0,20260.2,20458.0,70.0
2017-06-22,20154.38,20191.42,20107.89,20110.51,20098.1,19872.2,19399.5,203.6,19261.4,19465.0,20279.4,20483.0,78.3
2017-06-23,20152.58,20152.58,20089.54,20132.67,20136.0,19885.0,19422.5,209.7,19255.9,19465.6,20304.4,20514.1,80.2
2017-06-26,20132.81,20196.38,20119.04,20153.35,20153.1,19908.9,19449.4,204.5,19295.5,19499.9,20317.9,20522.3,77.8
2017-06-27,20229.12,20250.1,20185.19,20225.09,20152.1,19934.3,19476.6,202.7,19326.2,19528.9,20339.7,20542.4,77.5
2017-06-28,20149.2,20224.3,20110.49,20130.41,20150.4,19952.4,19507.3,199.0,19355.3,19554.3,20350.5,20549.5,74.8
2017-06-29,20260.87,20266.59,20197.38,20220.3,20172.4,19976.7,19538.4,192.9,19398.1,19590.9,20362.5,20555.3,74.2
2017-06-30,20025.63,20044.01,19946.51,20033.43,20152.5,19988.3,19563.1,186.9,19427.7,19614.6,20362.0,20548.9,69.1
2017-07-03,20056.32,20096.14,20030.61,20055.8,20133.0,19998.0,19589.3,183.7,19447.0,19630.7,20365.3,20549.0,62.8
2017-07-04,20192.27,20197.16,19971.53,20032.35,20094.5,20011.8,19618.9,171.9,19496.1,19668.0,20355.6,20527.5,55.2
2017-07-05,20015.07,20087.01,19888.9,20081.63,20084.7,20027.8,19652.0,158.0,19553.7,19711.8,20343.8,20501.9,47.7
2017-07-06,20061.68,20078.88,19947.63,19994.06,20039.5,20040.4,19685.1,140.5,19618.8,19759.3,20321.5,20462.0,36.2
2017-07-07,19856.65,19979.93,19856.65,19929.09,20018.6,20051.6,19716.6,117.5,19699.1,19816.6,20286.6,20404.1,18.9
2017-07-10,20070.44,20127.76,20023.03,20080.98,20023.6,20060.4,19749.9,110.6,19728.6,19839.2,20281.6,20392.2,9.2
2017-07-11,20073.86,20200.88,20070.67,20195.48,20056.2,20061.1,19785.1,111.4,19726.8,19838.2,20284.0,20395.4,26.5
2017-07-13,20177.28,20183.8,20062.27,20099.81,20059.9,20058.3,19818.5,109.4,19730.0,19839.5,20277.1,20386.6,37.0
2017-07-14,20157.92,20163.67,20101.71,20118.86,20084.8,20063.9,19848.5,108.8,19737.5,19846.3,20281.5,20390.3,32.6
2017-07-18,20074.41,20081.29,19943.14,19999.91,20099.0,20064.5,19871.0,108.4,19739.4,19847.7,20281.3,20389.6,19.6
2017-07-19,19970.78,20032.46,19947.26,20020.86,20087.0,20068.9,19889.8,103.9,19757.1,19861.0,20276.8,20380.7,4.9
2017-07-20,20046.9,20157.11,20032.23,20144.59,20076.8,20074.2,19906.9,104.3,19761.3,19865.6,20282.8,20387.1,4.5
2017-07-21,20089.86,20135.33,20081.91,20099.75,20076.8,20082.8,19923.9,96.5,19793.2,19889.8,20275.8,20372.4,-7.4
2017-07-24,19973.67,20002.54,19901.88,19975.67,20048.2,20088.6,19939.4,84.5,19835.2,19919.7,20257.5,20342.0,-27.9
2017-07-25,19979.56,20036.31,19941.61,19955.2,20039.2,20089.1,19952.3,83.6,19838.2,19921.8,20256.4,20340.0,-49.1
2017-07-26,20098.14,20116.0,20016.58,20050.16,20045.1,20088.4,19964.4,83.9,19836.7,19920.6,20256.2,20340.1,-56.0
2017-07-27,20026.58,20176.39,20005.2,20079.64,20032.1,20082.3,19968.1,78.5,19846.8,19925.3,20239.3,20317.8,-48.9
2017-07-28,20048.46,20056.16,19926.6,19959.84,20004.1,20075.2,19969.9,81.3,19831.4,19912.7,20237.7,20319.0,-51.2
2017-07-31,19933.45,19983.9,19891.9,19925.18,19994.0,20067.8,19970.0,86.2,19809.2,19895.4,20240.2,20326.4,-55.9
2017-08-01,19907.08,20000.46,19904.72,19985.79,20000.1,20061.9,19973.4,86.6,19802.1,19888.7,20235.1,20321.7,-56.5
2017-08-02,20057.07,20113.73,20022.05,20080.04,20006.1,20059.0,19983.9,84.6,19805.2,19889.8,20228.2,20312.8,-46.7
2017-08-03,20066.0,20070.16,19985.4,20029.26,19996.0,20051.1,19992.7,77.3,19819.1,19896.5,20205.7,20283.1,-40.4
2017-08-04,19949.79,19984.51,19933.59,19952.33,19994.5,20044.0,19998.2,77.9,19810.3,19888.2,20199.8,20277.7,-40.5
2017-08-07,20059.29,20085.9,20037.4,20055.89,20020.7,20037.4,20007.1,68.8,19830.9,19899.8,20175.0,20243.9,-26.7
2017-08-08,20062.65,20076.8,19970.57,19996.01,20022.7,20035.9,20012.1,69.3,19828.0,19897.3,20174.5,20243.8,-30.9
2017-08-09,19928.96,19945.28,19660.22,19738.71,19954.4,20023.2,20010.6,91.1,19749.9,19841.0,20205.4,20296.5,-39.4
2017-08-10,19792.45,19829.88,19685.83,19729.74,19894.5,20011.1,20011.5,108.3,19686.1,19794.4,20227.8,20336.1,-48.2
2017-08-17,19707.75,19739.04,19679.37,19702.63,19844.6,19996.0,20011.9,123.5,19625.5,19749.0,20243.0,20366.5,-50.8
2017-08-18,19471.27,19543.13,19433.09,19470.41,19727.5,19975.0,20007.7,162.2,19488.4,19650.6,20299.4,20461.6,-61.9
2017-08-21,19509.53,19509.53,19365.65,19393.13,19606.9,19953.6,20002.6,199.6,19354.7,19554.4,20352.8,20552.5,-77.0
2017-08-22,19373.11,19437.25,19361.95,19383.84,19536.0,19925.7,19993.1,227.8,19242.3,19470.1,20381.3,20609.1,-78.5
2017-08-23,19547.05,19561.32,19408.47,19434.64,19476.9,19895.3,19978.2,240.7,19173.2,19413.9,20376.7,20617.4,-78.2
2017-08-24,19366.36,19428.55,19351.92,19353.77,19407.2,19865.4,19961.9,259.8,19086.1,19345.8,20385.0,20644.7,-78.6
2017-08-25,19401.12,19485.97,19384.37,19452.61,19403.6,19838.8,19951.3,266.8,19038.5,19305.2,20372.4,20639.1,-78.1
2017-08-28,19502.23,19535.5,19420.5,19449.9,19415.0,19816.8,19940.6,275.5,18990.4,19265.9,20367.7,20643.2,-81.3
2017-08-29,19319.11,19371.9,19280.02,19362.55,19410.7,19790.5,19929.7,286.4,18931.3,19217.7,20363.3,20649.7,-84.8
2017-08-30,19480.98,19538.23,19435.1,19506.54,19425.1,19764.9,19919.6,281.9,18919.1,19201.1,20328.7,20610.7,-82.0
2017-08-31,19591.32,19687.99,19583.11,19646.24,19483.6,19746.8,19914.8,274.0,18924.9,19198.9,20294.7,20568.7,-78.5
2017-09-01,19733.57,19735.96,19620.07,19691.47,19531.3,19735.4,19912.0,269.9,18925.6,19195.5,20275.3,20545.2,-77.9
2017-09-04,19615.96,19628.4,19479.4,19508.25,19543.0,19717.5,19903.3,269.6,18908.8,19178.4,20256.6,20526.2,-76.4
2017-09-05,19533.38,19542.78,19354.59,19385.81,19547.7,19691.0,19889.7,268.2,18886.5,19154.7,20227.3,20495.5,-75.7
2017-09-06,19286.06,19371.38,19254.67,19357.97,19517.9,19662.1,19872.2,263.4,18872.0,19135.4,20188.8,20452.2,-75.3
2017-09-07,19433.44,19482.72,19365.75,19396.52,19468.0,19639.6,19857.4,260.9,18856.8,19117.7,20161.5,20422.4,-73.5
2017-09-08,19297.96,19357.49,19239.52,19274.82,19384.7,19613.6,19840.7,263.7,18822.6,19086.3,20140.9,20404.6,-75.2
2017-09-11,19441.39,19567.03,19437.14,19545.77,19392.2,19596.0,19828.9,252.2,18839.3,19091.5,20100.5,20352.7,-66.6
2017-09-12,19736.14,19792.06,19718.8,19776.62,19470.3,19583.8,19821.4,234.6,18879.9,19114.5,20053.1,20287.7,-50.5
2017-09-13,19873.69,19888.84,19845.02,19865.82,19571.9,19577.3,19814.2,223.7,18906.1,19129.8,20024.8,20248.5,-32.8
2017-09-14,19860.37,19918.39,19793.85,19807.44,19654.1,19571.5,19807.7,215.3,18925.5,19140.8,20002.2,20217.5,-13.7
2017-09-15,19793.8,19933.4,19787.65,19909.5,19781.0,19565.6,19801.5,203.3,18955.8,19159.1,19972.1,20175.4,7.5
2017-09-19,20128.18,20320.78,20122.0,20299.38,19931.8,19577.8,19806.8,236.4,18868.6,19105.0,20050.6,20287.0,30.6
2017-09-20,20301.33,20339.37,20272.82,20310.46,20038.5,19600.6,19811.9,276.8,18770.2,19047.0,20154.2,20431.0,45.2
2017-09-21,20456.5,20481.27,20332.69,20347.48,20134.9,19625.3,19818.2,313.9,18683.6,18997.5,20253.1,20567.0,58.4
2017-09-22,20413.61,20417.07,20249.24,20296.45,20232.7,19649.1,19822.5,341.3,18625.3,18966.6,20331.6,20672.9,69.7
2017-09-25,20439.43,20454.29,20367.03,20397.58,20330.3,19686.2,19830.6,370.2,18575.6,18945.8,20426.6,20796.8,76.0
2017-09-26,20349.26,20385.5,20303.98,20330.19,20336.4,19723.7,19838.6,386.4,18564.6,18951.0,20496.4,20882.8,79.3
2017-09-27,20269.82,20278.09,20213.66,20267.05,20327.8,19759.0,19842.4,394.3,18576.1,18970.4,20547.6,20941.9,80.1
2017-09-28,20398.63,20399.87,20299.68,20363.11,20330.9,19796.1,19845.7,406.0,18578.0,18984.0,20608.2,21014.2,83.5
2017-09-29,20315.34,20370.33,20285.06,20356.28,20342.8,19836.2,19850.8,410.0,18606.2,19016.2,20656.2,21066.2,83.9
2017-10-02,20400.51,20411.33,20363.28,20400.78,20343.5,19874.2,19856.5,416.8,18623.7,19040.5,20707.9,21124.7,86.8
2017-10-03,20475.25,20628.38,20438.17,20614.07,20400.3,19920.7,19868.8,432.2,18624.1,19056.3,20785.1,21217.3,89.2
2017-10-04,20660.81,20689.08,20592.18,20626.66,20472.2,19971.3,19880.9,438.1,18657.0,19095.1,20847.5,21285.6,90.2
2017-10-05,20650.71,20667.47,20602.26,20628.56,20525.3,20016.2,19890.6,445.9,18678.5,19124.4,20908.0,21353.9,91.9
2017-10-06,20716.85,20721.15,20659.15,20690.71,20592.2,20058.0,19902.4,458.6,18682.3,19140.9,20975.1,21433.7,94.0
2017-10-10,20680.54,20823.66,20663.08,20823.51,20676.7,20103.2,19919.3,476.4,18674.0,19150.4,21056.0,21532.4,95.6
2017-10-11,20803.71,20898.41,20788.12,20881.27,20730.1,20158.2,19937.8,484.0,18706.1,19190.1,21126.3,21610.3,96.4
2017-10-12,20958.18,20994.4,20917.04,20954.72,20795.8,20220.9,19955.9,481.4,18776.6,19258.1,21183.7,21665.2,96.7
2017-10-13,20959.66,21211.29,20933.0,21155.18,20901.1,20292.8,19977.4,481.4,18848.7,19330.0,21255.6,21736.9,96.8
2017-10-19,21450.04,21503.85,21381.52,21448.52,21052.6,20374.9,20007.2,496.9,18884.3,19381.1,21368.7,21865.5,96.9
2017-10-20,21390.95,21489.26,21363.1,21457.64,21179.5,20462.2,20037.9,487.2,19000.6,19487.8,21436.6,21923.8,96.9
2017-10-23,21709.3,21723.6,21614.51,21696.65,21342.5,20548.2,20072.1,508.1,19023.9,19532.0,21564.4,22072.5,96.9
2017-10-24,21670.0,21805.17,21646.52,21805.17,21512.6,20629.4,20106.6,540.7,19007.4,19548.0,21710.8,22251.4,96.9
2017-10-25,21900.13,21921.36,21648.35,21707.62,21623.1,20703.0,20140.2,557.5,19030.4,19588.0,21818.0,22375.6,96.9
2017-10-26,21698.95,21793.62,21688.56,21739.78,21681.4,20780.3,20175.9,562.1,19094.0,19656.1,21904.5,22466.6,96.8
2017-10-27,21903.27,22016.5,21815.72,22008.45,21791.5,20864.3,20215.0,583.0,19115.3,19698.3,22030.3,22613.3,96.8
2017-10-30,22047.95,22086.88,21921.24,22011.67,21854.5,20932.8,20255.3,613.6,19091.9,19705.5,22160.1,22773.7,97.5
2017-10-31,21897.29,22020.38,21840.07,22011.61,21895.8,21000.8,20300.7,635.7,19093.8,19729.5,22272.1,22907.8,97.9
2017-11-01,22144.92,22455.92,22130.03,22420.08,22038.3,21083.7,20354.5,680.5,19042.2,19722.7,22444.7,23125.2,98.5
2017-11-02,22512.18,22540.25,22400.01,22539.12,22198.2,21173.4,20411.3,719.1,19016.1,19735.2,22611.6,23330.7,98.8
2017-11-06,22612.96,22644.68,22435.34,22548.35,22306.2,21259.5,20472.8,750.4,19008.3,19758.7,22760.3,23510.7,99.5
2017-11-07,22518.75,22953.18,22512.91,22937.6,22491.4,21363.8,20543.7,795.7,18976.7,19772.4,22955.2,23750.9,99.6
2017-11-08,22849.91,22922.8,22759.07,22913.82,22671.8,21469.6,20614.3,819.4,19011.4,19830.8,23108.4,23927.8,99.5
2017-11-09,22989.44,23382.15,22522.83,22868.71,22761.5,21569.9,20683.0,831.6,19075.2,19906.8,23233.0,24064.6,99.4
2017-11-10,22580.7,22724.39,22511.93,22681.42,22790.0,21662.9,20749.5,820.1,19202.5,20022.6,23303.2,24123.3,98.9
2017-11-13,22607.56,22607.92,22380.99,22380.99,22756.5,21742.1,20808.1,788.2,19377.6,20165.8,23318.4,24106.6,96.8
2017-11-14,22342.93,22532.3,22323.24,22380.01,22645.0,21812.7,20866.7,761.5,19528.1,20289.6,23335.8,24097.3,94.0
2017-11-15,22250.98,22305.24,22004.79,22028.32,22467.9,21868.8,20920.0,721.1,19705.5,20426.6,23311.0,24032.1,90.5
2017-11-16,21975.23,22392.13,21972.34,22351.12,22364.4,21937.7,20976.9,678.7,19901.6,20580.3,23295.1,23973.8,86.4
2017-11-20,22279.98,22410.24,22215.07,22261.76,22280.4,22000.5,21029.2,629.4,20112.4,20741.7,23259.3,23888.6,81.5
2017-11-21,22456.79,22563.25,22416.48,22416.48,22287.5,22064.2,21083.7,584.3,20311.4,20895.6,23232.8,23817.0,76.6
2017-11-22,22601.55,22677.34,22513.44,22523.15,22316.2,22129.9,21144.0,536.1,20521.7,21057.8,23202.0,23738.1,72.2
2017-11-24,22390.14,22567.2,22381.01,22550.85,22420.7,22193.8,21207.3,482.6,20745.9,21228.5,23159.1,23641.7,69.3
2017-11-27,22657.08,22659.33,22423.4,22495.99,22449.6,22247.4,21270.1,434.5,20943.8,21378.4,23116.4,23551.0,63.8
2017-11-28,22474.74,22580.99,22363.94,22486.24,22494.5,22288.9,21331.9,403.5,21078.4,21481.9,23095.9,23499.4,57.5
2017-11-29,22613.96,22643.93,22537.12,22597.2,22530.7,22334.5,21398.3,368.5,21229.0,21597.5,23071.5,23440.0,53.7
2017-11-30,22601.83,22748.32,22502.68,22724.96,22571.0,22375.6,21461.9,351.3,21321.6,21672.9,23078.3,23429.6,50.5
2017-12-01,22916.93,22994.31,22675.07,22819.03,22624.7,22416.2,21522.8,341.1,21392.8,21734.0,23098.4,23439.6,47.2
2017-12-04,22843.53,22864.33,22693.99,22707.16,22666.9,22456.2,21579.6,311.9,21520.4,21832.3,23080.1,23392.0,43.3
2017-12-05,22595.33,22682.71,22522.28,22622.38,22694.1,22491.5,21635.9,275.3,21665.7,21940.9,23042.1,23317.3,37.8
2017-12-06,22525.38,22528.21,22119.21,22177.04,22610.1,22498.2,21681.2,264.8,21703.8,21968.6,23027.8,23292.6,19.3
2017-12-07,22317.15,22515.24,22317.15,22498.03,22564.7,22517.7,21725.2,244.7,21783.6,22028.3,23007.1,23251.8,7.4
2017-12-08,22627.95,22819.71,22625.41,22811.08,22563.1,22549.6,21775.2,227.4,21867.3,22094.7,23004.5,23231.9,2.4
2017-12-11,22894.3,22938.73,22787.4,22938.73,22609.5,22570.4,21827.1,238.5,21854.9,22093.4,23047.4,23285.9,8.5
2017-12-12,22936.41,22994.33,22834.89,22866.17,22658.2,22583.5,21878.5,245.6,21846.8,22092.3,23074.7,23320.2,13.7
2017-12-13,22879.27,22879.37,22697.32,22758.07,22774.4,22591.9,21925.7,247.9,21848.2,22096.1,23087.7,23335.6,16.8
2017-12-14,22699.3,22786.61,22638.76,22694.45,22813.7,22582.1,21972.9,238.4,21867.0,22105.4,23058.8,23297.2,31.8
2017-12-15,22621.36,22745.09,22478.32,22553.22,22762.1,22567.7,22018.7,228.1,21883.3,22111.4,23024.0,23252.1,44.6
2017-12-18,22770.44,22927.5,22735.2,22901.77,22754.7,22569.0,22069.4,230.0,21878.9,22108.9,23029.1,23259.1,65.8
2017-12-19,22961.47,22990.42,22862.82,22868.0,22755.1,22576.5,22119.7,236.8,21866.2,22103.0,23050.0,23286.8,75.8
2017-12-20,22834.93,22923.5,22806.73,22891.72,22781.8,22596.9,22169.5,241.2,21873.3,22114.5,23079.3,23320.5,77.0
2017-12-21,22852.01,22894.95,22728.06,22866.1,22816.2,22616.4,22214.5,242.6,21888.7,22131.3,23101.5,23344.1,76.9
2017-12-22,22850.73,22908.84,22801.16,22902.76,22886.1,22651.3,22260.1,215.8,22003.9,22219.7,23082.9,23298.7,76.2
2017-12-25,22909.41,22948.83,22870.19,22939.18,22893.6,22674.9,22306.3,213.8,22033.6,22247.4,23102.4,23316.2,77.2
2017-12-26,22922.95,22950.15,22877.63,22892.69,22898.5,22700.1,22350.3,199.7,22100.9,22300.6,23099.6,23299.3,76.5
2017-12-27,22854.39,22936.16,22854.39,22911.21,22902.4,22719.9,22392.1,194.9,22135.1,22330.1,23109.7,23304.7,76.2
2017-12-28,22912.05,22954.45,22736.43,22783.98,22886.0,22730.3,22430.1,190.9,22157.6,22348.5,23112.1,23303.0,70.8
2017-12-29,22831.49,22881.21,22753.2,22764.94,22858.4,22738.9,22466.3,187.3,22177.1,22364.3,23113.5,23300.7,64.2
2018-01-04,23073.73,23506.33,23065.2,23506.33,22971.8,22779.3,22513.3,235.5,22072.8,22308.3,23250.3,23485.8,64.8
2018-01-05,23643.0,23730.47,23520.52,23714.53,23136.2,22828.4,22558.7,292.9,21949.6,22242.6,23414.2,23707.2,65.2
2018-01-09,23948.97,23952.61,23789.03,23849.99,23324.0,22878.5,22606.5,352.8,21820.2,22173.0,23584.0,23936.8,67.0
2018-01-10,23832.81,23864.76,23755.45,23788.2,23524.8,22921.1,22648.3,395.0,21736.0,22131.0,23711.2,24106.2,69.6
2018-01-11,23656.39,23734.97,23601.84,23710.43,23713.9,22956.7,22686.4,424.6,21683.0,22107.6,23805.8,24230.4,75.4
2018-01-12,23719.66,23743.05,23588.07,23653.82,23743.4,22994.6,22725.4,443.2,21665.0,22108.2,23881.0,24324.2,76.4
2018-01-15,23827.98,23833.27,23685.02,23714.88,23743.5,23038.3,22764.9,458.6,21662.6,22121.2,23955.4,24414.0,76.7
2018-01-16,23721.17,23962.07,23701.83,23951.81,23763.8,23109.3,22803.7,457.0,21738.2,22195.2,24023.4,24480.4,76.7
2018-01-17,23783.42,23891.63,23739.17,23868.34,23779.9,23164.1,22840.9,462.8,21775.7,22238.5,24089.7,24552.5,76.6
2018-01-18,24078.93,24084.42,23699.47,23763.37,23790.4,23202.2,22875.9,471.7,21787.2,22258.9,24145.5,24617.2,78.5
2018-01-19,23854.11,23872.69,23735.61,23808.06,23821.3,23237.0,22903.7,483.3,21787.0,22270.4,24203.6,24687.0,84.8
2018-01-22,23797.84,23816.33,23697.81,23816.33,23841.6,23275.0,22929.2,490.3,21804.2,22294.5,24255.5,24745.8,86.5
2018-01-23,23924.4,24129.34,23916.02,24124.15,23876.0,23329.6,22960.7,506.1,21811.2,22317.4,24341.8,24848.0,86.8
2018-01-24,24026.43,24072.77,23917.14,23940.78,23890.5,23379.5,22980.8,502.3,21872.5,22374.9,24384.1,24886.5,86.3
2018-01-25,23750.65,23828.4,23649.03,23669.49,23871.8,23424.1,22995.9,474.7,22000.1,22474.8,24373.4,24848.1,80.0
2018-01-26,23757.34,23797.96,23592.28,23631.88,23836.5,23453.3,23011.2,463.5,22062.8,22526.3,24380.3,24843.8,74.2
2018-01-29,23707.14,23787.23,23580.17,23629.34,23799.1,23483.8,23030.1,448.2,22139.2,22587.4,24380.2,24828.4,66.2
2018-01-30,23559.33,23581.98,23233.37,23291.97,23632.7,23499.8,23048.3,433.1,22200.6,22633.6,24366.0,24799.0,55.5
2018-01-31,23205.23,23375.38,23092.85,23098.29,23464.2,23509.1,23062.7,421.3,22245.3,22666.6,24351.6,24772.9,43.2
2018-02-01,23276.1,23492.77,23211.12,23486.11,23427.5,23532.4,23091.9,402.0,22326.5,22728.4,24336.4,24738.3,29.7
2018-02-02,23361.67,23367.96,23122.45,23274.53,23356.0,23545.8,23110.3,386.7,22385.8,22772.5,24319.1,24705.8,14.5
2018-02-05,22921.16,22967.69,22659.43,22682.08,23166.6,23537.4,23118.7,403.4,22327.1,22730.6,24344.2,24747.7,-8.2
2018-02-06,22267.0,22277.45,21078.71,21610.24,22830.2,23485.4,23102.6,546.2,21846.8,22393.0,24577.8,25124.0,-29.2
2018-02-07,22001.29,22353.87,21627.13,21645.37,22539.7,23439.8,23085.1,645.6,21503.1,22148.7,24730.9,25376.5,-48.5
2018-02-08,21721.57,21977.03,21649.7,21890.86,22220.6,23404.8,23071.9,704.6,21291.0,21995.6,24814.0,25518.6,-66.1
2018-02-09,21507.74,21510.3,21119.01,21382.62,21842.2,23319.9,23049.6,811.7,20884.7,21696.4,24943.4,25755.1,-76.5
